Sr.No,TradeType(l/s),positional,costPercent,startTime,cutOffTime,endTime,candlePeriod,ATRFrom%,ATRTo%,VixFrom%,VixTo%,Period,noOfSD,MinBandRange(as % of SMA),MaxBandRange(as % of SMA),LookbackDuration,MinBandChange,MaxBandChange,MinBreakout,MaxBreakout,Exit at SMA,TargetBN%,TriggerBN%,FallbackBN%,TradeSLBN%,DaySLBN%,MaxOverlap,TradeGap
1025,l,FALSE,0.05,09:16,15:10,15:15,1,1.5,4,-100,100,50,3,1.5,1000,20,175,200,0.15,0.3,TRUE,1000,1000,1000,1.5,1000,10,5
1026,l,FALSE,0.05,09:16,15:10,15:15,1,1.5,4,-100,100,50,3,2,1000,20,175,200,0.15,0.3,TRUE,1000,1000,1000,1.5,1000,10,5
1027,l,FALSE,0.05,09:16,15:10,15:20,1,1.5,4,-100,100,170,2,1,1000,20,50,1000,0.15,0.35,TRUE,1000,1000,1000,1.5,1000,10,5
1028,l,FALSE,0.05,09:16,15:10,15:20,1,1.5,4,-100,100,170,2,1,6,20,50,1000,0.15,0.35,TRUE,1000,1000,1000,1.5,1000,10,5
1029,l,FALSE,0.05,09:16,15:10,15:20,1,1.5,4,-100,100,170,2,1,5.5,20,50,1000,0.15,0.35,TRUE,1000,1000,1000,1.5,1000,10,5
1030,l,FALSE,0.05,09:16,15:10,15:20,1,1.5,4,-100,100,170,2,1,5,20,50,1000,0.15,0.35,TRUE,1000,1000,1000,1.5,1000,10,5
1031,l,FALSE,0.05,09:16,15:10,15:20,1,1.5,4,-100,100,170,2,1,2,20,50,1000,0.15,0.35,TRUE,1000,1000,1000,1.5,1000,10,5
1032,l,FALSE,0.05,09:16,15:10,15:20,1,1.5,4,-100,100,170,2,1,1000,30,100,1000,0.15,0.35,TRUE,1000,1000,1000,1.5,1000,10,5
1033,l,FALSE,0.05,09:16,15:10,15:20,1,1.5,4,-100,100,170,2,1,6,30,100,1000,0.15,0.35,TRUE,1000,1000,1000,1.5,1000,10,5
1034,l,FALSE,0.05,09:16,15:10,15:20,1,1.5,4,-100,100,170,2,1,1.5,20,50,1000,0.15,0.35,TRUE,1000,1000,1000,1.5,1000,10,5
1035,l,FALSE,0.05,09:16,15:10,15:20,1,1.5,4,-100,100,170,2,1.5,1000,30,100,1000,0.15,0.35,TRUE,1000,1000,1000,1.5,1000,10,5
1036,l,FALSE,0.05,09:16,15:10,15:15,1,1.5,4,-100,100,100,2,1.5,1000,30,175,1000,0.15,0.35,TRUE,1000,1000,1000,1.5,1000,10,5
1037,l,FALSE,0.05,09:16,15:10,15:15,1,1.5,4,-100,100,100,2,2.5,1000,30,175,1000,0.15,0.35,TRUE,1000,1000,1000,1.5,1000,10,5
1038,l,FALSE,0.05,09:16,15:10,15:15,1,1.5,4,-100,100,100,2,3,1000,30,175,1000,0.15,0.35,TRUE,1000,1000,1000,1.5,1000,10,5
1039,l,FALSE,0.05,09:16,15:10,15:15,1,1.5,4,-100,100,100,2,3,1000,30,200,1000,0.15,0.35,TRUE,1000,1000,1000,1.5,1000,10,5
1040,l,FALSE,0.05,09:16,15:10,15:15,1,1.5,4,-100,100,100,2,3.5,1000,30,175,1000,0.15,0.35,TRUE,1000,1000,1000,1.5,1000,10,5
1041,l,FALSE,0.05,09:16,15:10,15:15,1,1.5,4,-100,100,100,2,3.5,1000,30,200,1000,0.15,0.35,TRUE,1000,1000,1000,1.5,1000,10,5
1042,l,FALSE,0.05,09:16,15:10,15:15,1,1.5,4,-100,100,50,3,1.5,1000,15,150,175,0.15,0.35,TRUE,1000,1000,1000,1.5,1000,10,5
1043,l,FALSE,0.05,09:16,15:10,15:15,1,1.5,4,-100,100,50,3,1.5,3.5,15,150,175,0.15,0.35,TRUE,1000,1000,1000,1.5,1000,10,5
1044,l,FALSE,0.05,09:16,15:10,15:15,1,1.5,4,-100,100,50,3,1.5,1000,20,175,200,0.15,0.35,TRUE,1000,1000,1000,1.5,1000,10,5
1045,l,FALSE,0.05,09:16,15:10,15:15,1,1.5,4,-100,100,50,3,2,1000,20,175,200,0.15,0.35,TRUE,1000,1000,1000,1.5,1000,10,5
1046,l,FALSE,0.05,09:16,15:10,15:20,1,1.5,4,-100,100,170,2,1,1000,20,50,1000,0.15,0.4,TRUE,1000,1000,1000,1.5,1000,10,5
1047,l,FALSE,0.05,09:16,15:10,15:20,1,1.5,4,-100,100,170,2,1,6,20,50,1000,0.15,0.4,TRUE,1000,1000,1000,1.5,1000,10,5
1048,l,FALSE,0.05,09:16,15:10,15:20,1,1.5,4,-100,100,170,2,1,5.5,20,50,1000,0.15,0.4,TRUE,1000,1000,1000,1.5,1000,10,5
1049,l,FALSE,0.05,09:16,15:10,15:20,1,1.5,4,-100,100,170,2,1,5,20,50,1000,0.15,0.4,TRUE,1000,1000,1000,1.5,1000,10,5
1050,l,FALSE,0.05,09:16,15:10,15:20,1,1.5,4,-100,100,170,2,1,2,20,50,1000,0.15,0.4,TRUE,1000,1000,1000,1.5,1000,10,5
1051,l,FALSE,0.05,09:16,15:10,15:20,1,1.5,4,-100,100,170,2,1,1000,30,100,1000,0.15,0.4,TRUE,1000,1000,1000,1.5,1000,10,5
1052,l,FALSE,0.05,09:16,15:10,15:20,1,1.5,4,-100,100,170,2,1,6,30,100,1000,0.15,0.4,TRUE,1000,1000,1000,1.5,1000,10,5
1053,l,FALSE,0.05,09:16,15:10,15:20,1,1.5,4,-100,100,170,2,1,1.5,20,50,1000,0.15,0.4,TRUE,1000,1000,1000,1.5,1000,10,5
1054,l,FALSE,0.05,09:16,15:10,15:20,1,1.5,4,-100,100,170,2,1.5,1000,30,100,1000,0.15,0.4,TRUE,1000,1000,1000,1.5,1000,10,5
1055,l,FALSE,0.05,09:16,15:10,15:15,1,1.5,4,-100,100,100,2,1.5,1000,30,175,1000,0.15,0.4,TRUE,1000,1000,1000,1.5,1000,10,5
1056,l,FALSE,0.05,09:16,15:10,15:15,1,1.5,4,-100,100,100,2,2.5,1000,30,175,1000,0.15,0.4,TRUE,1000,1000,1000,1.5,1000,10,5
1057,l,FALSE,0.05,09:16,15:10,15:15,1,1.5,4,-100,100,100,2,3,1000,30,175,1000,0.15,0.4,TRUE,1000,1000,1000,1.5,1000,10,5
1058,l,FALSE,0.05,09:16,15:10,15:15,1,1.5,4,-100,100,100,2,3,1000,30,200,1000,0.15,0.4,TRUE,1000,1000,1000,1.5,1000,10,5
1059,l,FALSE,0.05,09:16,15:10,15:15,1,1.5,4,-100,100,100,2,3.5,1000,30,175,1000,0.15,0.4,TRUE,1000,1000,1000,1.5,1000,10,5
1060,l,FALSE,0.05,09:16,15:10,15:15,1,1.5,4,-100,100,100,2,3.5,1000,30,200,1000,0.15,0.4,TRUE,1000,1000,1000,1.5,1000,10,5
1061,l,FALSE,0.05,09:16,15:10,15:15,1,1.5,4,-100,100,50,3,1.5,1000,15,150,175,0.15,0.4,TRUE,1000,1000,1000,1.5,1000,10,5
1062,l,FALSE,0.05,09:16,15:10,15:15,1,1.5,4,-100,100,50,3,1.5,3.5,15,150,175,0.15,0.4,TRUE,1000,1000,1000,1.5,1000,10,5
1063,l,FALSE,0.05,09:16,15:10,15:15,1,1.5,4,-100,100,50,3,1.5,1000,20,175,200,0.15,0.4,TRUE,1000,1000,1000,1.5,1000,10,5
1064,l,FALSE,0.05,09:16,15:10,15:15,1,1.5,4,-100,100,50,3,2,1000,20,175,200,0.15,0.4,TRUE,1000,1000,1000,1.5,1000,10,5
1065,l,FALSE,0.05,09:16,15:10,15:20,1,1.5,4,-100,100,170,2,1,1000,20,50,1000,0.15,0.45,TRUE,1000,1000,1000,1.5,1000,10,5
1066,l,FALSE,0.05,09:16,15:10,15:20,1,1.5,4,-100,100,170,2,1,6,20,50,1000,0.15,0.45,TRUE,1000,1000,1000,1.5,1000,10,5
1067,l,FALSE,0.05,09:16,15:10,15:20,1,1.5,4,-100,100,170,2,1,5.5,20,50,1000,0.15,0.45,TRUE,1000,1000,1000,1.5,1000,10,5
1068,l,FALSE,0.05,09:16,15:10,15:20,1,1.5,4,-100,100,170,2,1,5,20,50,1000,0.15,0.45,TRUE,1000,1000,1000,1.5,1000,10,5
1069,l,FALSE,0.05,09:16,15:10,15:20,1,1.5,4,-100,100,170,2,1,2,20,50,1000,0.15,0.45,TRUE,1000,1000,1000,1.5,1000,10,5
1070,l,FALSE,0.05,09:16,15:10,15:20,1,1.5,4,-100,100,170,2,1,1000,30,100,1000,0.15,0.45,TRUE,1000,1000,1000,1.5,1000,10,5
1071,l,FALSE,0.05,09:16,15:10,15:20,1,1.5,4,-100,100,170,2,1,6,30,100,1000,0.15,0.45,TRUE,1000,1000,1000,1.5,1000,10,5
1072,l,FALSE,0.05,09:16,15:10,15:20,1,1.5,4,-100,100,170,2,1,1.5,20,50,1000,0.15,0.45,TRUE,1000,1000,1000,1.5,1000,10,5
1073,l,FALSE,0.05,09:16,15:10,15:20,1,1.5,4,-100,100,170,2,1.5,1000,30,100,1000,0.15,0.45,TRUE,1000,1000,1000,1.5,1000,10,5
1074,l,FALSE,0.05,09:16,15:10,15:15,1,1.5,4,-100,100,100,2,1.5,1000,30,175,1000,0.15,0.45,TRUE,1000,1000,1000,1.5,1000,10,5
1075,l,FALSE,0.05,09:16,15:10,15:15,1,1.5,4,-100,100,100,2,2.5,1000,30,175,1000,0.15,0.45,TRUE,1000,1000,1000,1.5,1000,10,5
1076,l,FALSE,0.05,09:16,15:10,15:15,1,1.5,4,-100,100,100,2,3,1000,30,175,1000,0.15,0.45,TRUE,1000,1000,1000,1.5,1000,10,5
1077,l,FALSE,0.05,09:16,15:10,15:15,1,1.5,4,-100,100,100,2,3,1000,30,200,1000,0.15,0.45,TRUE,1000,1000,1000,1.5,1000,10,5
1078,l,FALSE,0.05,09:16,15:10,15:15,1,1.5,4,-100,100,100,2,3.5,1000,30,175,1000,0.15,0.45,TRUE,1000,1000,1000,1.5,1000,10,5
1079,l,FALSE,0.05,09:16,15:10,15:15,1,1.5,4,-100,100,100,2,3.5,1000,30,200,1000,0.15,0.45,TRUE,1000,1000,1000,1.5,1000,10,5
1080,l,FALSE,0.05,09:16,15:10,15:15,1,1.5,4,-100,100,50,3,1.5,1000,15,150,175,0.15,0.45,TRUE,1000,1000,1000,1.5,1000,10,5
1081,l,FALSE,0.05,09:16,15:10,15:15,1,1.5,4,-100,100,50,3,1.5,3.5,15,150,175,0.15,0.45,TRUE,1000,1000,1000,1.5,1000,10,5
1082,l,FALSE,0.05,09:16,15:10,15:15,1,1.5,4,-100,100,50,3,1.5,1000,20,175,200,0.15,0.45,TRUE,1000,1000,1000,1.5,1000,10,5
1083,l,FALSE,0.05,09:16,15:10,15:15,1,1.5,4,-100,100,50,3,2,1000,20,175,200,0.15,0.45,TRUE,1000,1000,1000,1.5,1000,10,5
1084,l,FALSE,0.05,09:16,15:10,15:20,1,1.5,4,-100,100,170,2,1,1000,20,50,1000,0.15,0.5,TRUE,1000,1000,1000,1.5,1000,10,5
1085,l,FALSE,0.05,09:16,15:10,15:20,1,1.5,4,-100,100,170,2,1,6,20,50,1000,0.15,0.5,TRUE,1000,1000,1000,1.5,1000,10,5
1086,l,FALSE,0.05,09:16,15:10,15:20,1,1.5,4,-100,100,170,2,1,5.5,20,50,1000,0.15,0.5,TRUE,1000,1000,1000,1.5,1000,10,5
1087,l,FALSE,0.05,09:16,15:10,15:20,1,1.5,4,-100,100,170,2,1,5,20,50,1000,0.15,0.5,TRUE,1000,1000,1000,1.5,1000,10,5
1088,l,FALSE,0.05,09:16,15:10,15:20,1,1.5,4,-100,100,170,2,1,2,20,50,1000,0.15,0.5,TRUE,1000,1000,1000,1.5,1000,10,5
1089,l,FALSE,0.05,09:16,15:10,15:20,1,1.5,4,-100,100,170,2,1,1000,30,100,1000,0.15,0.5,TRUE,1000,1000,1000,1.5,1000,10,5
1090,l,FALSE,0.05,09:16,15:10,15:20,1,1.5,4,-100,100,170,2,1,6,30,100,1000,0.15,0.5,TRUE,1000,1000,1000,1.5,1000,10,5
1091,l,FALSE,0.05,09:16,15:10,15:20,1,1.5,4,-100,100,170,2,1,1.5,20,50,1000,0.15,0.5,TRUE,1000,1000,1000,1.5,1000,10,5
1092,l,FALSE,0.05,09:16,15:10,15:20,1,1.5,4,-100,100,170,2,1.5,1000,30,100,1000,0.15,0.5,TRUE,1000,1000,1000,1.5,1000,10,5
1093,l,FALSE,0.05,09:16,15:10,15:15,1,1.5,4,-100,100,100,2,1.5,1000,30,175,1000,0.15,0.5,TRUE,1000,1000,1000,1.5,1000,10,5
1094,l,FALSE,0.05,09:16,15:10,15:15,1,1.5,4,-100,100,100,2,2.5,1000,30,175,1000,0.15,0.5,TRUE,1000,1000,1000,1.5,1000,10,5
1095,l,FALSE,0.05,09:16,15:10,15:15,1,1.5,4,-100,100,100,2,3,1000,30,175,1000,0.15,0.5,TRUE,1000,1000,1000,1.5,1000,10,5
1096,l,FALSE,0.05,09:16,15:10,15:15,1,1.5,4,-100,100,100,2,3,1000,30,200,1000,0.15,0.5,TRUE,1000,1000,1000,1.5,1000,10,5
1097,l,FALSE,0.05,09:16,15:10,15:15,1,1.5,4,-100,100,100,2,3.5,1000,30,175,1000,0.15,0.5,TRUE,1000,1000,1000,1.5,1000,10,5
1098,l,FALSE,0.05,09:16,15:10,15:15,1,1.5,4,-100,100,100,2,3.5,1000,30,200,1000,0.15,0.5,TRUE,1000,1000,1000,1.5,1000,10,5
1099,l,FALSE,0.05,09:16,15:10,15:15,1,1.5,4,-100,100,50,3,1.5,1000,15,150,175,0.15,0.5,TRUE,1000,1000,1000,1.5,1000,10,5
1100,l,FALSE,0.05,09:16,15:10,15:15,1,1.5,4,-100,100,50,3,1.5,3.5,15,150,175,0.15,0.5,TRUE,1000,1000,1000,1.5,1000,10,5
1101,l,FALSE,0.05,09:16,15:10,15:15,1,1.5,4,-100,100,50,3,1.5,1000,20,175,200,0.15,0.5,TRUE,1000,1000,1000,1.5,1000,10,5
1102,l,FALSE,0.05,09:16,15:10,15:15,1,1.5,4,-100,100,50,3,2,1000,20,175,200,0.15,0.5,TRUE,1000,1000,1000,1.5,1000,10,5
1103,l,FALSE,0.05,09:16,15:10,15:20,1,1.5,4,-100,100,170,2,1,1000,20,50,1000,0.15,0.6,TRUE,1000,1000,1000,1.5,1000,10,5
1104,l,FALSE,0.05,09:16,15:10,15:20,1,1.5,4,-100,100,170,2,1,6,20,50,1000,0.15,0.6,TRUE,1000,1000,1000,1.5,1000,10,5
1105,l,FALSE,0.05,09:16,15:10,15:20,1,1.5,4,-100,100,170,2,1,5.5,20,50,1000,0.15,0.6,TRUE,1000,1000,1000,1.5,1000,10,5
1106,l,FALSE,0.05,09:16,15:10,15:20,1,1.5,4,-100,100,170,2,1,5,20,50,1000,0.15,0.6,TRUE,1000,1000,1000,1.5,1000,10,5
1107,l,FALSE,0.05,09:16,15:10,15:20,1,1.5,4,-100,100,170,2,1,2,20,50,1000,0.15,0.6,TRUE,1000,1000,1000,1.5,1000,10,5
1108,l,FALSE,0.05,09:16,15:10,15:20,1,1.5,4,-100,100,170,2,1,1000,30,100,1000,0.15,0.6,TRUE,1000,1000,1000,1.5,1000,10,5
1109,l,FALSE,0.05,09:16,15:10,15:20,1,1.5,4,-100,100,170,2,1,6,30,100,1000,0.15,0.6,TRUE,1000,1000,1000,1.5,1000,10,5
1110,l,FALSE,0.05,09:16,15:10,15:20,1,1.5,4,-100,100,170,2,1,1.5,20,50,1000,0.15,0.6,TRUE,1000,1000,1000,1.5,1000,10,5
1111,l,FALSE,0.05,09:16,15:10,15:20,1,1.5,4,-100,100,170,2,1.5,1000,30,100,1000,0.15,0.6,TRUE,1000,1000,1000,1.5,1000,10,5
1112,l,FALSE,0.05,09:16,15:10,15:15,1,1.5,4,-100,100,100,2,1.5,1000,30,175,1000,0.15,0.6,TRUE,1000,1000,1000,1.5,1000,10,5
1113,l,FALSE,0.05,09:16,15:10,15:15,1,1.5,4,-100,100,100,2,2.5,1000,30,175,1000,0.15,0.6,TRUE,1000,1000,1000,1.5,1000,10,5
1114,l,FALSE,0.05,09:16,15:10,15:15,1,1.5,4,-100,100,100,2,3,1000,30,175,1000,0.15,0.6,TRUE,1000,1000,1000,1.5,1000,10,5
1115,l,FALSE,0.05,09:16,15:10,15:15,1,1.5,4,-100,100,100,2,3,1000,30,200,1000,0.15,0.6,TRUE,1000,1000,1000,1.5,1000,10,5
1116,l,FALSE,0.05,09:16,15:10,15:15,1,1.5,4,-100,100,100,2,3.5,1000,30,175,1000,0.15,0.6,TRUE,1000,1000,1000,1.5,1000,10,5
1117,l,FALSE,0.05,09:16,15:10,15:15,1,1.5,4,-100,100,100,2,3.5,1000,30,200,1000,0.15,0.6,TRUE,1000,1000,1000,1.5,1000,10,5
1118,l,FALSE,0.05,09:16,15:10,15:15,1,1.5,4,-100,100,50,3,1.5,1000,15,150,175,0.15,0.6,TRUE,1000,1000,1000,1.5,1000,10,5
1119,l,FALSE,0.05,09:16,15:10,15:15,1,1.5,4,-100,100,50,3,1.5,3.5,15,150,175,0.15,0.6,TRUE,1000,1000,1000,1.5,1000,10,5
1120,l,FALSE,0.05,09:16,15:10,15:15,1,1.5,4,-100,100,50,3,1.5,1000,20,175,200,0.15,0.6,TRUE,1000,1000,1000,1.5,1000,10,5
1121,l,FALSE,0.05,09:16,15:10,15:15,1,1.5,4,-100,100,50,3,2,1000,20,175,200,0.15,0.6,TRUE,1000,1000,1000,1.5,1000,10,5
1122,l,FALSE,0.05,09:16,15:10,15:20,1,1.5,4,-100,100,170,2,1,1000,20,50,1000,0.15,0.7,TRUE,1000,1000,1000,1.5,1000,10,5
1123,l,FALSE,0.05,09:16,15:10,15:20,1,1.5,4,-100,100,170,2,1,6,20,50,1000,0.15,0.7,TRUE,1000,1000,1000,1.5,1000,10,5
1124,l,FALSE,0.05,09:16,15:10,15:20,1,1.5,4,-100,100,170,2,1,5.5,20,50,1000,0.15,0.7,TRUE,1000,1000,1000,1.5,1000,10,5
1125,l,FALSE,0.05,09:16,15:10,15:20,1,1.5,4,-100,100,170,2,1,5,20,50,1000,0.15,0.7,TRUE,1000,1000,1000,1.5,1000,10,5
1126,l,FALSE,0.05,09:16,15:10,15:20,1,1.5,4,-100,100,170,2,1,2,20,50,1000,0.15,0.7,TRUE,1000,1000,1000,1.5,1000,10,5
1127,l,FALSE,0.05,09:16,15:10,15:20,1,1.5,4,-100,100,170,2,1,1000,30,100,1000,0.15,0.7,TRUE,1000,1000,1000,1.5,1000,10,5
1128,l,FALSE,0.05,09:16,15:10,15:20,1,1.5,4,-100,100,170,2,1,6,30,100,1000,0.15,0.7,TRUE,1000,1000,1000,1.5,1000,10,5
1129,l,FALSE,0.05,09:16,15:10,15:20,1,1.5,4,-100,100,170,2,1,1.5,20,50,1000,0.15,0.7,TRUE,1000,1000,1000,1.5,1000,10,5
1130,l,FALSE,0.05,09:16,15:10,15:20,1,1.5,4,-100,100,170,2,1.5,1000,30,100,1000,0.15,0.7,TRUE,1000,1000,1000,1.5,1000,10,5
1131,l,FALSE,0.05,09:16,15:10,15:15,1,1.5,4,-100,100,100,2,1.5,1000,30,175,1000,0.15,0.7,TRUE,1000,1000,1000,1.5,1000,10,5
1132,l,FALSE,0.05,09:16,15:10,15:15,1,1.5,4,-100,100,100,2,2.5,1000,30,175,1000,0.15,0.7,TRUE,1000,1000,1000,1.5,1000,10,5
1133,l,FALSE,0.05,09:16,15:10,15:15,1,1.5,4,-100,100,100,2,3,1000,30,175,1000,0.15,0.7,TRUE,1000,1000,1000,1.5,1000,10,5
1134,l,FALSE,0.05,09:16,15:10,15:15,1,1.5,4,-100,100,100,2,3,1000,30,200,1000,0.15,0.7,TRUE,1000,1000,1000,1.5,1000,10,5
1135,l,FALSE,0.05,09:16,15:10,15:15,1,1.5,4,-100,100,100,2,3.5,1000,30,175,1000,0.15,0.7,TRUE,1000,1000,1000,1.5,1000,10,5
1136,l,FALSE,0.05,09:16,15:10,15:15,1,1.5,4,-100,100,100,2,3.5,1000,30,200,1000,0.15,0.7,TRUE,1000,1000,1000,1.5,1000,10,5
1137,l,FALSE,0.05,09:16,15:10,15:15,1,1.5,4,-100,100,50,3,1.5,1000,15,150,175,0.15,0.7,TRUE,1000,1000,1000,1.5,1000,10,5
1138,l,FALSE,0.05,09:16,15:10,15:15,1,1.5,4,-100,100,50,3,1.5,3.5,15,150,175,0.15,0.7,TRUE,1000,1000,1000,1.5,1000,10,5
1139,l,FALSE,0.05,09:16,15:10,15:15,1,1.5,4,-100,100,50,3,1.5,1000,20,175,200,0.15,0.7,TRUE,1000,1000,1000,1.5,1000,10,5
1140,l,FALSE,0.05,09:16,15:10,15:15,1,1.5,4,-100,100,50,3,2,1000,20,175,200,0.15,0.7,TRUE,1000,1000,1000,1.5,1000,10,5
1141,l,FALSE,0.05,09:16,15:10,15:20,1,1.5,4,-100,100,170,2,1,1000,20,50,1000,0.15,0.8,TRUE,1000,1000,1000,1.5,1000,10,5
1142,l,FALSE,0.05,09:16,15:10,15:20,1,1.5,4,-100,100,170,2,1,6,20,50,1000,0.15,0.8,TRUE,1000,1000,1000,1.5,1000,10,5
1143,l,FALSE,0.05,09:16,15:10,15:20,1,1.5,4,-100,100,170,2,1,5.5,20,50,1000,0.15,0.8,TRUE,1000,1000,1000,1.5,1000,10,5
1144,l,FALSE,0.05,09:16,15:10,15:20,1,1.5,4,-100,100,170,2,1,5,20,50,1000,0.15,0.8,TRUE,1000,1000,1000,1.5,1000,10,5
1145,l,FALSE,0.05,09:16,15:10,15:20,1,1.5,4,-100,100,170,2,1,2,20,50,1000,0.15,0.8,TRUE,1000,1000,1000,1.5,1000,10,5
1146,l,FALSE,0.05,09:16,15:10,15:20,1,1.5,4,-100,100,170,2,1,1000,30,100,1000,0.15,0.8,TRUE,1000,1000,1000,1.5,1000,10,5
1147,l,FALSE,0.05,09:16,15:10,15:20,1,1.5,4,-100,100,170,2,1,6,30,100,1000,0.15,0.8,TRUE,1000,1000,1000,1.5,1000,10,5
1148,l,FALSE,0.05,09:16,15:10,15:20,1,1.5,4,-100,100,170,2,1,1.5,20,50,1000,0.15,0.8,TRUE,1000,1000,1000,1.5,1000,10,5
1149,l,FALSE,0.05,09:16,15:10,15:20,1,1.5,4,-100,100,170,2,1.5,1000,30,100,1000,0.15,0.8,TRUE,1000,1000,1000,1.5,1000,10,5
1150,l,FALSE,0.05,09:16,15:10,15:15,1,1.5,4,-100,100,100,2,1.5,1000,30,175,1000,0.15,0.8,TRUE,1000,1000,1000,1.5,1000,10,5
1151,l,FALSE,0.05,09:16,15:10,15:15,1,1.5,4,-100,100,100,2,2.5,1000,30,175,1000,0.15,0.8,TRUE,1000,1000,1000,1.5,1000,10,5
1152,l,FALSE,0.05,09:16,15:10,15:15,1,1.5,4,-100,100,100,2,3,1000,30,175,1000,0.15,0.8,TRUE,1000,1000,1000,1.5,1000,10,5
1153,l,FALSE,0.05,09:16,15:10,15:15,1,1.5,4,-100,100,100,2,3,1000,30,200,1000,0.15,0.8,TRUE,1000,1000,1000,1.5,1000,10,5
1154,l,FALSE,0.05,09:16,15:10,15:15,1,1.5,4,-100,100,100,2,3.5,1000,30,175,1000,0.15,0.8,TRUE,1000,1000,1000,1.5,1000,10,5
1155,l,FALSE,0.05,09:16,15:10,15:15,1,1.5,4,-100,100,100,2,3.5,1000,30,200,1000,0.15,0.8,TRUE,1000,1000,1000,1.5,1000,10,5
1156,l,FALSE,0.05,09:16,15:10,15:15,1,1.5,4,-100,100,50,3,1.5,1000,15,150,175,0.15,0.8,TRUE,1000,1000,1000,1.5,1000,10,5
1157,l,FALSE,0.05,09:16,15:10,15:15,1,1.5,4,-100,100,50,3,1.5,3.5,15,150,175,0.15,0.8,TRUE,1000,1000,1000,1.5,1000,10,5
1158,l,FALSE,0.05,09:16,15:10,15:15,1,1.5,4,-100,100,50,3,1.5,1000,20,175,200,0.15,0.8,TRUE,1000,1000,1000,1.5,1000,10,5
1159,l,FALSE,0.05,09:16,15:10,15:15,1,1.5,4,-100,100,50,3,2,1000,20,175,200,0.15,0.8,TRUE,1000,1000,1000,1.5,1000,10,5
1160,l,FALSE,0.05,09:16,15:10,15:20,1,1.5,4,-100,100,170,2,1,1000,20,50,1000,0.15,0.9,TRUE,1000,1000,1000,1.5,1000,10,5
1161,l,FALSE,0.05,09:16,15:10,15:20,1,1.5,4,-100,100,170,2,1,6,20,50,1000,0.15,0.9,TRUE,1000,1000,1000,1.5,1000,10,5
1162,l,FALSE,0.05,09:16,15:10,15:20,1,1.5,4,-100,100,170,2,1,5.5,20,50,1000,0.15,0.9,TRUE,1000,1000,1000,1.5,1000,10,5
1163,l,FALSE,0.05,09:16,15:10,15:20,1,1.5,4,-100,100,170,2,1,5,20,50,1000,0.15,0.9,TRUE,1000,1000,1000,1.5,1000,10,5
1164,l,FALSE,0.05,09:16,15:10,15:20,1,1.5,4,-100,100,170,2,1,2,20,50,1000,0.15,0.9,TRUE,1000,1000,1000,1.5,1000,10,5
1165,l,FALSE,0.05,09:16,15:10,15:20,1,1.5,4,-100,100,170,2,1,1000,30,100,1000,0.15,0.9,TRUE,1000,1000,1000,1.5,1000,10,5
1166,l,FALSE,0.05,09:16,15:10,15:20,1,1.5,4,-100,100,170,2,1,6,30,100,1000,0.15,0.9,TRUE,1000,1000,1000,1.5,1000,10,5
1167,l,FALSE,0.05,09:16,15:10,15:20,1,1.5,4,-100,100,170,2,1,1.5,20,50,1000,0.15,0.9,TRUE,1000,1000,1000,1.5,1000,10,5
1168,l,FALSE,0.05,09:16,15:10,15:20,1,1.5,4,-100,100,170,2,1.5,1000,30,100,1000,0.15,0.9,TRUE,1000,1000,1000,1.5,1000,10,5
1169,l,FALSE,0.05,09:16,15:10,15:15,1,1.5,4,-100,100,100,2,1.5,1000,30,175,1000,0.15,0.9,TRUE,1000,1000,1000,1.5,1000,10,5
1170,l,FALSE,0.05,09:16,15:10,15:15,1,1.5,4,-100,100,100,2,2.5,1000,30,175,1000,0.15,0.9,TRUE,1000,1000,1000,1.5,1000,10,5
1171,l,FALSE,0.05,09:16,15:10,15:15,1,1.5,4,-100,100,100,2,3,1000,30,175,1000,0.15,0.9,TRUE,1000,1000,1000,1.5,1000,10,5
1172,l,FALSE,0.05,09:16,15:10,15:15,1,1.5,4,-100,100,100,2,3,1000,30,200,1000,0.15,0.9,TRUE,1000,1000,1000,1.5,1000,10,5
1173,l,FALSE,0.05,09:16,15:10,15:15,1,1.5,4,-100,100,100,2,3.5,1000,30,175,1000,0.15,0.9,TRUE,1000,1000,1000,1.5,1000,10,5
1174,l,FALSE,0.05,09:16,15:10,15:15,1,1.5,4,-100,100,100,2,3.5,1000,30,200,1000,0.15,0.9,TRUE,1000,1000,1000,1.5,1000,10,5
1175,l,FALSE,0.05,09:16,15:10,15:15,1,1.5,4,-100,100,50,3,1.5,1000,15,150,175,0.15,0.9,TRUE,1000,1000,1000,1.5,1000,10,5
1176,l,FALSE,0.05,09:16,15:10,15:15,1,1.5,4,-100,100,50,3,1.5,3.5,15,150,175,0.15,0.9,TRUE,1000,1000,1000,1.5,1000,10,5
1177,l,FALSE,0.05,09:16,15:10,15:15,1,1.5,4,-100,100,50,3,1.5,1000,20,175,200,0.15,0.9,TRUE,1000,1000,1000,1.5,1000,10,5
1178,l,FALSE,0.05,09:16,15:10,15:15,1,1.5,4,-100,100,50,3,2,1000,20,175,200,0.15,0.9,TRUE,1000,1000,1000,1.5,1000,10,5
1179,l,FALSE,0.05,09:16,15:10,15:20,1,1.5,4,-100,100,170,2,1,1000,20,50,1000,0.15,1,TRUE,1000,1000,1000,1.5,1000,10,5
1180,l,FALSE,0.05,09:16,15:10,15:20,1,1.5,4,-100,100,170,2,1,6,20,50,1000,0.15,1,TRUE,1000,1000,1000,1.5,1000,10,5
1181,l,FALSE,0.05,09:16,15:10,15:20,1,1.5,4,-100,100,170,2,1,5.5,20,50,1000,0.15,1,TRUE,1000,1000,1000,1.5,1000,10,5
1182,l,FALSE,0.05,09:16,15:10,15:20,1,1.5,4,-100,100,170,2,1,5,20,50,1000,0.15,1,TRUE,1000,1000,1000,1.5,1000,10,5
1183,l,FALSE,0.05,09:16,15:10,15:20,1,1.5,4,-100,100,170,2,1,2,20,50,1000,0.15,1,TRUE,1000,1000,1000,1.5,1000,10,5
1184,l,FALSE,0.05,09:16,15:10,15:20,1,1.5,4,-100,100,170,2,1,1000,30,100,1000,0.15,1,TRUE,1000,1000,1000,1.5,1000,10,5
1185,l,FALSE,0.05,09:16,15:10,15:20,1,1.5,4,-100,100,170,2,1,6,30,100,1000,0.15,1,TRUE,1000,1000,1000,1.5,1000,10,5
1186,l,FALSE,0.05,09:16,15:10,15:20,1,1.5,4,-100,100,170,2,1,1.5,20,50,1000,0.15,1,TRUE,1000,1000,1000,1.5,1000,10,5
1187,l,FALSE,0.05,09:16,15:10,15:20,1,1.5,4,-100,100,170,2,1.5,1000,30,100,1000,0.15,1,TRUE,1000,1000,1000,1.5,1000,10,5
1188,l,FALSE,0.05,09:16,15:10,15:15,1,1.5,4,-100,100,100,2,1.5,1000,30,175,1000,0.15,1,TRUE,1000,1000,1000,1.5,1000,10,5
1189,l,FALSE,0.05,09:16,15:10,15:15,1,1.5,4,-100,100,100,2,2.5,1000,30,175,1000,0.15,1,TRUE,1000,1000,1000,1.5,1000,10,5
1190,l,FALSE,0.05,09:16,15:10,15:15,1,1.5,4,-100,100,100,2,3,1000,30,175,1000,0.15,1,TRUE,1000,1000,1000,1.5,1000,10,5
1191,l,FALSE,0.05,09:16,15:10,15:15,1,1.5,4,-100,100,100,2,3,1000,30,200,1000,0.15,1,TRUE,1000,1000,1000,1.5,1000,10,5
1192,l,FALSE,0.05,09:16,15:10,15:15,1,1.5,4,-100,100,100,2,3.5,1000,30,175,1000,0.15,1,TRUE,1000,1000,1000,1.5,1000,10,5
1193,l,FALSE,0.05,09:16,15:10,15:15,1,1.5,4,-100,100,100,2,3.5,1000,30,200,1000,0.15,1,TRUE,1000,1000,1000,1.5,1000,10,5
1194,l,FALSE,0.05,09:16,15:10,15:15,1,1.5,4,-100,100,50,3,1.5,1000,15,150,175,0.15,1,TRUE,1000,1000,1000,1.5,1000,10,5
1195,l,FALSE,0.05,09:16,15:10,15:15,1,1.5,4,-100,100,50,3,1.5,3.5,15,150,175,0.15,1,TRUE,1000,1000,1000,1.5,1000,10,5
1196,l,FALSE,0.05,09:16,15:10,15:15,1,1.5,4,-100,100,50,3,1.5,1000,20,175,200,0.15,1,TRUE,1000,1000,1000,1.5,1000,10,5
1197,l,FALSE,0.05,09:16,15:10,15:15,1,1.5,4,-100,100,50,3,2,1000,20,175,200,0.15,1,TRUE,1000,1000,1000,1.5,1000,10,5
1198,l,FALSE,0.05,09:16,15:10,15:20,1,1.5,4,-100,100,170,2,1,1000,20,50,1000,0.2,0.25,TRUE,1000,1000,1000,1.5,1000,10,5
1199,l,FALSE,0.05,09:16,15:10,15:20,1,1.5,4,-100,100,170,2,1,6,20,50,1000,0.2,0.25,TRUE,1000,1000,1000,1.5,1000,10,5
1200,l,FALSE,0.05,09:16,15:10,15:20,1,1.5,4,-100,100,170,2,1,5.5,20,50,1000,0.2,0.25,TRUE,1000,1000,1000,1.5,1000,10,5
1201,l,FALSE,0.05,09:16,15:10,15:20,1,1.5,4,-100,100,170,2,1,5,20,50,1000,0.2,0.25,TRUE,1000,1000,1000,1.5,1000,10,5
1202,l,FALSE,0.05,09:16,15:10,15:20,1,1.5,4,-100,100,170,2,1,2,20,50,1000,0.2,0.25,TRUE,1000,1000,1000,1.5,1000,10,5
1203,l,FALSE,0.05,09:16,15:10,15:20,1,1.5,4,-100,100,170,2,1,1000,30,100,1000,0.2,0.25,TRUE,1000,1000,1000,1.5,1000,10,5
1204,l,FALSE,0.05,09:16,15:10,15:20,1,1.5,4,-100,100,170,2,1,6,30,100,1000,0.2,0.25,TRUE,1000,1000,1000,1.5,1000,10,5
1205,l,FALSE,0.05,09:16,15:10,15:20,1,1.5,4,-100,100,170,2,1,1.5,20,50,1000,0.2,0.25,TRUE,1000,1000,1000,1.5,1000,10,5
1206,l,FALSE,0.05,09:16,15:10,15:20,1,1.5,4,-100,100,170,2,1.5,1000,30,100,1000,0.2,0.25,TRUE,1000,1000,1000,1.5,1000,10,5
1207,l,FALSE,0.05,09:16,15:10,15:15,1,1.5,4,-100,100,100,2,1.5,1000,30,175,1000,0.2,0.25,TRUE,1000,1000,1000,1.5,1000,10,5
1208,l,FALSE,0.05,09:16,15:10,15:15,1,1.5,4,-100,100,100,2,2.5,1000,30,175,1000,0.2,0.25,TRUE,1000,1000,1000,1.5,1000,10,5
1209,l,FALSE,0.05,09:16,15:10,15:15,1,1.5,4,-100,100,100,2,3,1000,30,175,1000,0.2,0.25,TRUE,1000,1000,1000,1.5,1000,10,5
1210,l,FALSE,0.05,09:16,15:10,15:15,1,1.5,4,-100,100,100,2,3,1000,30,200,1000,0.2,0.25,TRUE,1000,1000,1000,1.5,1000,10,5
1211,l,FALSE,0.05,09:16,15:10,15:15,1,1.5,4,-100,100,100,2,3.5,1000,30,175,1000,0.2,0.25,TRUE,1000,1000,1000,1.5,1000,10,5
1212,l,FALSE,0.05,09:16,15:10,15:15,1,1.5,4,-100,100,100,2,3.5,1000,30,200,1000,0.2,0.25,TRUE,1000,1000,1000,1.5,1000,10,5
1213,l,FALSE,0.05,09:16,15:10,15:15,1,1.5,4,-100,100,50,3,1.5,1000,15,150,175,0.2,0.25,TRUE,1000,1000,1000,1.5,1000,10,5
1214,l,FALSE,0.05,09:16,15:10,15:15,1,1.5,4,-100,100,50,3,1.5,3.5,15,150,175,0.2,0.25,TRUE,1000,1000,1000,1.5,1000,10,5
1215,l,FALSE,0.05,09:16,15:10,15:15,1,1.5,4,-100,100,50,3,1.5,1000,20,175,200,0.2,0.25,TRUE,1000,1000,1000,1.5,1000,10,5
1216,l,FALSE,0.05,09:16,15:10,15:15,1,1.5,4,-100,100,50,3,2,1000,20,175,200,0.2,0.25,TRUE,1000,1000,1000,1.5,1000,10,5
1217,l,FALSE,0.05,09:16,15:10,15:20,1,1.5,4,-100,100,170,2,1,1000,20,50,1000,0.2,0.3,TRUE,1000,1000,1000,1.5,1000,10,5
1218,l,FALSE,0.05,09:16,15:10,15:20,1,1.5,4,-100,100,170,2,1,6,20,50,1000,0.2,0.3,TRUE,1000,1000,1000,1.5,1000,10,5
1219,l,FALSE,0.05,09:16,15:10,15:20,1,1.5,4,-100,100,170,2,1,5.5,20,50,1000,0.2,0.3,TRUE,1000,1000,1000,1.5,1000,10,5
1220,l,FALSE,0.05,09:16,15:10,15:20,1,1.5,4,-100,100,170,2,1,5,20,50,1000,0.2,0.3,TRUE,1000,1000,1000,1.5,1000,10,5
1221,l,FALSE,0.05,09:16,15:10,15:20,1,1.5,4,-100,100,170,2,1,2,20,50,1000,0.2,0.3,TRUE,1000,1000,1000,1.5,1000,10,5
1222,l,FALSE,0.05,09:16,15:10,15:20,1,1.5,4,-100,100,170,2,1,1000,30,100,1000,0.2,0.3,TRUE,1000,1000,1000,1.5,1000,10,5
1223,l,FALSE,0.05,09:16,15:10,15:20,1,1.5,4,-100,100,170,2,1,6,30,100,1000,0.2,0.3,TRUE,1000,1000,1000,1.5,1000,10,5
1224,l,FALSE,0.05,09:16,15:10,15:20,1,1.5,4,-100,100,170,2,1,1.5,20,50,1000,0.2,0.3,TRUE,1000,1000,1000,1.5,1000,10,5
1225,l,FALSE,0.05,09:16,15:10,15:20,1,1.5,4,-100,100,170,2,1.5,1000,30,100,1000,0.2,0.3,TRUE,1000,1000,1000,1.5,1000,10,5
1226,l,FALSE,0.05,09:16,15:10,15:15,1,1.5,4,-100,100,100,2,1.5,1000,30,175,1000,0.2,0.3,TRUE,1000,1000,1000,1.5,1000,10,5
1227,l,FALSE,0.05,09:16,15:10,15:15,1,1.5,4,-100,100,100,2,2.5,1000,30,175,1000,0.2,0.3,TRUE,1000,1000,1000,1.5,1000,10,5
1228,l,FALSE,0.05,09:16,15:10,15:15,1,1.5,4,-100,100,100,2,3,1000,30,175,1000,0.2,0.3,TRUE,1000,1000,1000,1.5,1000,10,5
1229,l,FALSE,0.05,09:16,15:10,15:15,1,1.5,4,-100,100,100,2,3,1000,30,200,1000,0.2,0.3,TRUE,1000,1000,1000,1.5,1000,10,5
1230,l,FALSE,0.05,09:16,15:10,15:15,1,1.5,4,-100,100,100,2,3.5,1000,30,175,1000,0.2,0.3,TRUE,1000,1000,1000,1.5,1000,10,5
1231,l,FALSE,0.05,09:16,15:10,15:15,1,1.5,4,-100,100,100,2,3.5,1000,30,200,1000,0.2,0.3,TRUE,1000,1000,1000,1.5,1000,10,5
1232,l,FALSE,0.05,09:16,15:10,15:15,1,1.5,4,-100,100,50,3,1.5,1000,15,150,175,0.2,0.3,TRUE,1000,1000,1000,1.5,1000,10,5
1233,l,FALSE,0.05,09:16,15:10,15:15,1,1.5,4,-100,100,50,3,1.5,3.5,15,150,175,0.2,0.3,TRUE,1000,1000,1000,1.5,1000,10,5
1234,l,FALSE,0.05,09:16,15:10,15:15,1,1.5,4,-100,100,50,3,1.5,1000,20,175,200,0.2,0.3,TRUE,1000,1000,1000,1.5,1000,10,5
1235,l,FALSE,0.05,09:16,15:10,15:15,1,1.5,4,-100,100,50,3,2,1000,20,175,200,0.2,0.3,TRUE,1000,1000,1000,1.5,1000,10,5
1236,l,FALSE,0.05,09:16,15:10,15:20,1,1.5,4,-100,100,170,2,1,1000,20,50,1000,0.2,0.35,TRUE,1000,1000,1000,1.5,1000,10,5
1237,l,FALSE,0.05,09:16,15:10,15:20,1,1.5,4,-100,100,170,2,1,6,20,50,1000,0.2,0.35,TRUE,1000,1000,1000,1.5,1000,10,5
1238,l,FALSE,0.05,09:16,15:10,15:20,1,1.5,4,-100,100,170,2,1,5.5,20,50,1000,0.2,0.35,TRUE,1000,1000,1000,1.5,1000,10,5
1239,l,FALSE,0.05,09:16,15:10,15:20,1,1.5,4,-100,100,170,2,1,5,20,50,1000,0.2,0.35,TRUE,1000,1000,1000,1.5,1000,10,5
1240,l,FALSE,0.05,09:16,15:10,15:20,1,1.5,4,-100,100,170,2,1,2,20,50,1000,0.2,0.35,TRUE,1000,1000,1000,1.5,1000,10,5
1241,l,FALSE,0.05,09:16,15:10,15:20,1,1.5,4,-100,100,170,2,1,1000,30,100,1000,0.2,0.35,TRUE,1000,1000,1000,1.5,1000,10,5
1242,l,FALSE,0.05,09:16,15:10,15:20,1,1.5,4,-100,100,170,2,1,6,30,100,1000,0.2,0.35,TRUE,1000,1000,1000,1.5,1000,10,5
1243,l,FALSE,0.05,09:16,15:10,15:20,1,1.5,4,-100,100,170,2,1,1.5,20,50,1000,0.2,0.35,TRUE,1000,1000,1000,1.5,1000,10,5
1244,l,FALSE,0.05,09:16,15:10,15:20,1,1.5,4,-100,100,170,2,1.5,1000,30,100,1000,0.2,0.35,TRUE,1000,1000,1000,1.5,1000,10,5
1245,l,FALSE,0.05,09:16,15:10,15:15,1,1.5,4,-100,100,100,2,1.5,1000,30,175,1000,0.2,0.35,TRUE,1000,1000,1000,1.5,1000,10,5
1246,l,FALSE,0.05,09:16,15:10,15:15,1,1.5,4,-100,100,100,2,2.5,1000,30,175,1000,0.2,0.35,TRUE,1000,1000,1000,1.5,1000,10,5
1247,l,FALSE,0.05,09:16,15:10,15:15,1,1.5,4,-100,100,100,2,3,1000,30,175,1000,0.2,0.35,TRUE,1000,1000,1000,1.5,1000,10,5
1248,l,FALSE,0.05,09:16,15:10,15:15,1,1.5,4,-100,100,100,2,3,1000,30,200,1000,0.2,0.35,TRUE,1000,1000,1000,1.5,1000,10,5
1249,l,FALSE,0.05,09:16,15:10,15:15,1,1.5,4,-100,100,100,2,3.5,1000,30,175,1000,0.2,0.35,TRUE,1000,1000,1000,1.5,1000,10,5
1250,l,FALSE,0.05,09:16,15:10,15:15,1,1.5,4,-100,100,100,2,3.5,1000,30,200,1000,0.2,0.35,TRUE,1000,1000,1000,1.5,1000,10,5
1251,l,FALSE,0.05,09:16,15:10,15:15,1,1.5,4,-100,100,50,3,1.5,1000,15,150,175,0.2,0.35,TRUE,1000,1000,1000,1.5,1000,10,5
1252,l,FALSE,0.05,09:16,15:10,15:15,1,1.5,4,-100,100,50,3,1.5,3.5,15,150,175,0.2,0.35,TRUE,1000,1000,1000,1.5,1000,10,5
1253,l,FALSE,0.05,09:16,15:10,15:15,1,1.5,4,-100,100,50,3,1.5,1000,20,175,200,0.2,0.35,TRUE,1000,1000,1000,1.5,1000,10,5
1254,l,FALSE,0.05,09:16,15:10,15:15,1,1.5,4,-100,100,50,3,2,1000,20,175,200,0.2,0.35,TRUE,1000,1000,1000,1.5,1000,10,5
1255,l,FALSE,0.05,09:16,15:10,15:20,1,1.5,4,-100,100,170,2,1,1000,20,50,1000,0.2,0.4,TRUE,1000,1000,1000,1.5,1000,10,5
1256,l,FALSE,0.05,09:16,15:10,15:20,1,1.5,4,-100,100,170,2,1,6,20,50,1000,0.2,0.4,TRUE,1000,1000,1000,1.5,1000,10,5
1257,l,FALSE,0.05,09:16,15:10,15:20,1,1.5,4,-100,100,170,2,1,5.5,20,50,1000,0.2,0.4,TRUE,1000,1000,1000,1.5,1000,10,5
1258,l,FALSE,0.05,09:16,15:10,15:20,1,1.5,4,-100,100,170,2,1,5,20,50,1000,0.2,0.4,TRUE,1000,1000,1000,1.5,1000,10,5
1259,l,FALSE,0.05,09:16,15:10,15:20,1,1.5,4,-100,100,170,2,1,2,20,50,1000,0.2,0.4,TRUE,1000,1000,1000,1.5,1000,10,5
1260,l,FALSE,0.05,09:16,15:10,15:20,1,1.5,4,-100,100,170,2,1,1000,30,100,1000,0.2,0.4,TRUE,1000,1000,1000,1.5,1000,10,5
1261,l,FALSE,0.05,09:16,15:10,15:20,1,1.5,4,-100,100,170,2,1,6,30,100,1000,0.2,0.4,TRUE,1000,1000,1000,1.5,1000,10,5
1262,l,FALSE,0.05,09:16,15:10,15:20,1,1.5,4,-100,100,170,2,1,1.5,20,50,1000,0.2,0.4,TRUE,1000,1000,1000,1.5,1000,10,5
1263,l,FALSE,0.05,09:16,15:10,15:20,1,1.5,4,-100,100,170,2,1.5,1000,30,100,1000,0.2,0.4,TRUE,1000,1000,1000,1.5,1000,10,5
1264,l,FALSE,0.05,09:16,15:10,15:15,1,1.5,4,-100,100,100,2,1.5,1000,30,175,1000,0.2,0.4,TRUE,1000,1000,1000,1.5,1000,10,5
1265,l,FALSE,0.05,09:16,15:10,15:15,1,1.5,4,-100,100,100,2,2.5,1000,30,175,1000,0.2,0.4,TRUE,1000,1000,1000,1.5,1000,10,5
1266,l,FALSE,0.05,09:16,15:10,15:15,1,1.5,4,-100,100,100,2,3,1000,30,175,1000,0.2,0.4,TRUE,1000,1000,1000,1.5,1000,10,5
1267,l,FALSE,0.05,09:16,15:10,15:15,1,1.5,4,-100,100,100,2,3,1000,30,200,1000,0.2,0.4,TRUE,1000,1000,1000,1.5,1000,10,5
1268,l,FALSE,0.05,09:16,15:10,15:15,1,1.5,4,-100,100,100,2,3.5,1000,30,175,1000,0.2,0.4,TRUE,1000,1000,1000,1.5,1000,10,5
1269,l,FALSE,0.05,09:16,15:10,15:15,1,1.5,4,-100,100,100,2,3.5,1000,30,200,1000,0.2,0.4,TRUE,1000,1000,1000,1.5,1000,10,5
1270,l,FALSE,0.05,09:16,15:10,15:15,1,1.5,4,-100,100,50,3,1.5,1000,15,150,175,0.2,0.4,TRUE,1000,1000,1000,1.5,1000,10,5
1271,l,FALSE,0.05,09:16,15:10,15:15,1,1.5,4,-100,100,50,3,1.5,3.5,15,150,175,0.2,0.4,TRUE,1000,1000,1000,1.5,1000,10,5
1272,l,FALSE,0.05,09:16,15:10,15:15,1,1.5,4,-100,100,50,3,1.5,1000,20,175,200,0.2,0.4,TRUE,1000,1000,1000,1.5,1000,10,5
1273,l,FALSE,0.05,09:16,15:10,15:15,1,1.5,4,-100,100,50,3,2,1000,20,175,200,0.2,0.4,TRUE,1000,1000,1000,1.5,1000,10,5
1274,l,FALSE,0.05,09:16,15:10,15:20,1,1.5,4,-100,100,170,2,1,1000,20,50,1000,0.2,0.45,TRUE,1000,1000,1000,1.5,1000,10,5
1275,l,FALSE,0.05,09:16,15:10,15:20,1,1.5,4,-100,100,170,2,1,6,20,50,1000,0.2,0.45,TRUE,1000,1000,1000,1.5,1000,10,5
1276,l,FALSE,0.05,09:16,15:10,15:20,1,1.5,4,-100,100,170,2,1,5.5,20,50,1000,0.2,0.45,TRUE,1000,1000,1000,1.5,1000,10,5
1277,l,FALSE,0.05,09:16,15:10,15:20,1,1.5,4,-100,100,170,2,1,5,20,50,1000,0.2,0.45,TRUE,1000,1000,1000,1.5,1000,10,5
1278,l,FALSE,0.05,09:16,15:10,15:20,1,1.5,4,-100,100,170,2,1,2,20,50,1000,0.2,0.45,TRUE,1000,1000,1000,1.5,1000,10,5
1279,l,FALSE,0.05,09:16,15:10,15:20,1,1.5,4,-100,100,170,2,1,1000,30,100,1000,0.2,0.45,TRUE,1000,1000,1000,1.5,1000,10,5
1280,l,FALSE,0.05,09:16,15:10,15:20,1,1.5,4,-100,100,170,2,1,6,30,100,1000,0.2,0.45,TRUE,1000,1000,1000,1.5,1000,10,5
1281,l,FALSE,0.05,09:16,15:10,15:20,1,1.5,4,-100,100,170,2,1,1.5,20,50,1000,0.2,0.45,TRUE,1000,1000,1000,1.5,1000,10,5
1282,l,FALSE,0.05,09:16,15:10,15:20,1,1.5,4,-100,100,170,2,1.5,1000,30,100,1000,0.2,0.45,TRUE,1000,1000,1000,1.5,1000,10,5
1283,l,FALSE,0.05,09:16,15:10,15:15,1,1.5,4,-100,100,100,2,1.5,1000,30,175,1000,0.2,0.45,TRUE,1000,1000,1000,1.5,1000,10,5
1284,l,FALSE,0.05,09:16,15:10,15:15,1,1.5,4,-100,100,100,2,2.5,1000,30,175,1000,0.2,0.45,TRUE,1000,1000,1000,1.5,1000,10,5
1285,l,FALSE,0.05,09:16,15:10,15:15,1,1.5,4,-100,100,100,2,3,1000,30,175,1000,0.2,0.45,TRUE,1000,1000,1000,1.5,1000,10,5
1286,l,FALSE,0.05,09:16,15:10,15:15,1,1.5,4,-100,100,100,2,3,1000,30,200,1000,0.2,0.45,TRUE,1000,1000,1000,1.5,1000,10,5
1287,l,FALSE,0.05,09:16,15:10,15:15,1,1.5,4,-100,100,100,2,3.5,1000,30,175,1000,0.2,0.45,TRUE,1000,1000,1000,1.5,1000,10,5
1288,l,FALSE,0.05,09:16,15:10,15:15,1,1.5,4,-100,100,100,2,3.5,1000,30,200,1000,0.2,0.45,TRUE,1000,1000,1000,1.5,1000,10,5
1289,l,FALSE,0.05,09:16,15:10,15:15,1,1.5,4,-100,100,50,3,1.5,1000,15,150,175,0.2,0.45,TRUE,1000,1000,1000,1.5,1000,10,5
1290,l,FALSE,0.05,09:16,15:10,15:15,1,1.5,4,-100,100,50,3,1.5,3.5,15,150,175,0.2,0.45,TRUE,1000,1000,1000,1.5,1000,10,5
1291,l,FALSE,0.05,09:16,15:10,15:15,1,1.5,4,-100,100,50,3,1.5,1000,20,175,200,0.2,0.45,TRUE,1000,1000,1000,1.5,1000,10,5
1292,l,FALSE,0.05,09:16,15:10,15:15,1,1.5,4,-100,100,50,3,2,1000,20,175,200,0.2,0.45,TRUE,1000,1000,1000,1.5,1000,10,5
1293,l,FALSE,0.05,09:16,15:10,15:20,1,1.5,4,-100,100,170,2,1,1000,20,50,1000,0.2,0.5,TRUE,1000,1000,1000,1.5,1000,10,5
1294,l,FALSE,0.05,09:16,15:10,15:20,1,1.5,4,-100,100,170,2,1,6,20,50,1000,0.2,0.5,TRUE,1000,1000,1000,1.5,1000,10,5
1295,l,FALSE,0.05,09:16,15:10,15:20,1,1.5,4,-100,100,170,2,1,5.5,20,50,1000,0.2,0.5,TRUE,1000,1000,1000,1.5,1000,10,5
1296,l,FALSE,0.05,09:16,15:10,15:20,1,1.5,4,-100,100,170,2,1,5,20,50,1000,0.2,0.5,TRUE,1000,1000,1000,1.5,1000,10,5
1297,l,FALSE,0.05,09:16,15:10,15:20,1,1.5,4,-100,100,170,2,1,2,20,50,1000,0.2,0.5,TRUE,1000,1000,1000,1.5,1000,10,5
1298,l,FALSE,0.05,09:16,15:10,15:20,1,1.5,4,-100,100,170,2,1,1000,30,100,1000,0.2,0.5,TRUE,1000,1000,1000,1.5,1000,10,5
1299,l,FALSE,0.05,09:16,15:10,15:20,1,1.5,4,-100,100,170,2,1,6,30,100,1000,0.2,0.5,TRUE,1000,1000,1000,1.5,1000,10,5
1300,l,FALSE,0.05,09:16,15:10,15:20,1,1.5,4,-100,100,170,2,1,1.5,20,50,1000,0.2,0.5,TRUE,1000,1000,1000,1.5,1000,10,5
1301,l,FALSE,0.05,09:16,15:10,15:20,1,1.5,4,-100,100,170,2,1.5,1000,30,100,1000,0.2,0.5,TRUE,1000,1000,1000,1.5,1000,10,5
1302,l,FALSE,0.05,09:16,15:10,15:15,1,1.5,4,-100,100,100,2,1.5,1000,30,175,1000,0.2,0.5,TRUE,1000,1000,1000,1.5,1000,10,5
1303,l,FALSE,0.05,09:16,15:10,15:15,1,1.5,4,-100,100,100,2,2.5,1000,30,175,1000,0.2,0.5,TRUE,1000,1000,1000,1.5,1000,10,5
1304,l,FALSE,0.05,09:16,15:10,15:15,1,1.5,4,-100,100,100,2,3,1000,30,175,1000,0.2,0.5,TRUE,1000,1000,1000,1.5,1000,10,5
1305,l,FALSE,0.05,09:16,15:10,15:15,1,1.5,4,-100,100,100,2,3,1000,30,200,1000,0.2,0.5,TRUE,1000,1000,1000,1.5,1000,10,5
1306,l,FALSE,0.05,09:16,15:10,15:15,1,1.5,4,-100,100,100,2,3.5,1000,30,175,1000,0.2,0.5,TRUE,1000,1000,1000,1.5,1000,10,5
1307,l,FALSE,0.05,09:16,15:10,15:15,1,1.5,4,-100,100,100,2,3.5,1000,30,200,1000,0.2,0.5,TRUE,1000,1000,1000,1.5,1000,10,5
1308,l,FALSE,0.05,09:16,15:10,15:15,1,1.5,4,-100,100,50,3,1.5,1000,15,150,175,0.2,0.5,TRUE,1000,1000,1000,1.5,1000,10,5
1309,l,FALSE,0.05,09:16,15:10,15:15,1,1.5,4,-100,100,50,3,1.5,3.5,15,150,175,0.2,0.5,TRUE,1000,1000,1000,1.5,1000,10,5
1310,l,FALSE,0.05,09:16,15:10,15:15,1,1.5,4,-100,100,50,3,1.5,1000,20,175,200,0.2,0.5,TRUE,1000,1000,1000,1.5,1000,10,5
1311,l,FALSE,0.05,09:16,15:10,15:15,1,1.5,4,-100,100,50,3,2,1000,20,175,200,0.2,0.5,TRUE,1000,1000,1000,1.5,1000,10,5
1312,l,FALSE,0.05,09:16,15:10,15:20,1,1.5,4,-100,100,170,2,1,1000,20,50,1000,0.2,0.6,TRUE,1000,1000,1000,1.5,1000,10,5
1313,l,FALSE,0.05,09:16,15:10,15:20,1,1.5,4,-100,100,170,2,1,6,20,50,1000,0.2,0.6,TRUE,1000,1000,1000,1.5,1000,10,5
1314,l,FALSE,0.05,09:16,15:10,15:20,1,1.5,4,-100,100,170,2,1,5.5,20,50,1000,0.2,0.6,TRUE,1000,1000,1000,1.5,1000,10,5
1315,l,FALSE,0.05,09:16,15:10,15:20,1,1.5,4,-100,100,170,2,1,5,20,50,1000,0.2,0.6,TRUE,1000,1000,1000,1.5,1000,10,5
1316,l,FALSE,0.05,09:16,15:10,15:20,1,1.5,4,-100,100,170,2,1,2,20,50,1000,0.2,0.6,TRUE,1000,1000,1000,1.5,1000,10,5
1317,l,FALSE,0.05,09:16,15:10,15:20,1,1.5,4,-100,100,170,2,1,1000,30,100,1000,0.2,0.6,TRUE,1000,1000,1000,1.5,1000,10,5
1318,l,FALSE,0.05,09:16,15:10,15:20,1,1.5,4,-100,100,170,2,1,6,30,100,1000,0.2,0.6,TRUE,1000,1000,1000,1.5,1000,10,5
1319,l,FALSE,0.05,09:16,15:10,15:20,1,1.5,4,-100,100,170,2,1,1.5,20,50,1000,0.2,0.6,TRUE,1000,1000,1000,1.5,1000,10,5
1320,l,FALSE,0.05,09:16,15:10,15:20,1,1.5,4,-100,100,170,2,1.5,1000,30,100,1000,0.2,0.6,TRUE,1000,1000,1000,1.5,1000,10,5
1321,l,FALSE,0.05,09:16,15:10,15:15,1,1.5,4,-100,100,100,2,1.5,1000,30,175,1000,0.2,0.6,TRUE,1000,1000,1000,1.5,1000,10,5
1322,l,FALSE,0.05,09:16,15:10,15:15,1,1.5,4,-100,100,100,2,2.5,1000,30,175,1000,0.2,0.6,TRUE,1000,1000,1000,1.5,1000,10,5
1323,l,FALSE,0.05,09:16,15:10,15:15,1,1.5,4,-100,100,100,2,3,1000,30,175,1000,0.2,0.6,TRUE,1000,1000,1000,1.5,1000,10,5
1324,l,FALSE,0.05,09:16,15:10,15:15,1,1.5,4,-100,100,100,2,3,1000,30,200,1000,0.2,0.6,TRUE,1000,1000,1000,1.5,1000,10,5
1325,l,FALSE,0.05,09:16,15:10,15:15,1,1.5,4,-100,100,100,2,3.5,1000,30,175,1000,0.2,0.6,TRUE,1000,1000,1000,1.5,1000,10,5
1326,l,FALSE,0.05,09:16,15:10,15:15,1,1.5,4,-100,100,100,2,3.5,1000,30,200,1000,0.2,0.6,TRUE,1000,1000,1000,1.5,1000,10,5
1327,l,FALSE,0.05,09:16,15:10,15:15,1,1.5,4,-100,100,50,3,1.5,1000,15,150,175,0.2,0.6,TRUE,1000,1000,1000,1.5,1000,10,5
1328,l,FALSE,0.05,09:16,15:10,15:15,1,1.5,4,-100,100,50,3,1.5,3.5,15,150,175,0.2,0.6,TRUE,1000,1000,1000,1.5,1000,10,5
1329,l,FALSE,0.05,09:16,15:10,15:15,1,1.5,4,-100,100,50,3,1.5,1000,20,175,200,0.2,0.6,TRUE,1000,1000,1000,1.5,1000,10,5
1330,l,FALSE,0.05,09:16,15:10,15:15,1,1.5,4,-100,100,50,3,2,1000,20,175,200,0.2,0.6,TRUE,1000,1000,1000,1.5,1000,10,5
1331,l,FALSE,0.05,09:16,15:10,15:20,1,1.5,4,-100,100,170,2,1,1000,20,50,1000,0.2,0.7,TRUE,1000,1000,1000,1.5,1000,10,5
1332,l,FALSE,0.05,09:16,15:10,15:20,1,1.5,4,-100,100,170,2,1,6,20,50,1000,0.2,0.7,TRUE,1000,1000,1000,1.5,1000,10,5
1333,l,FALSE,0.05,09:16,15:10,15:20,1,1.5,4,-100,100,170,2,1,5.5,20,50,1000,0.2,0.7,TRUE,1000,1000,1000,1.5,1000,10,5
1334,l,FALSE,0.05,09:16,15:10,15:20,1,1.5,4,-100,100,170,2,1,5,20,50,1000,0.2,0.7,TRUE,1000,1000,1000,1.5,1000,10,5
1335,l,FALSE,0.05,09:16,15:10,15:20,1,1.5,4,-100,100,170,2,1,2,20,50,1000,0.2,0.7,TRUE,1000,1000,1000,1.5,1000,10,5
1336,l,FALSE,0.05,09:16,15:10,15:20,1,1.5,4,-100,100,170,2,1,1000,30,100,1000,0.2,0.7,TRUE,1000,1000,1000,1.5,1000,10,5
1337,l,FALSE,0.05,09:16,15:10,15:20,1,1.5,4,-100,100,170,2,1,6,30,100,1000,0.2,0.7,TRUE,1000,1000,1000,1.5,1000,10,5
1338,l,FALSE,0.05,09:16,15:10,15:20,1,1.5,4,-100,100,170,2,1,1.5,20,50,1000,0.2,0.7,TRUE,1000,1000,1000,1.5,1000,10,5
1339,l,FALSE,0.05,09:16,15:10,15:20,1,1.5,4,-100,100,170,2,1.5,1000,30,100,1000,0.2,0.7,TRUE,1000,1000,1000,1.5,1000,10,5
1340,l,FALSE,0.05,09:16,15:10,15:15,1,1.5,4,-100,100,100,2,1.5,1000,30,175,1000,0.2,0.7,TRUE,1000,1000,1000,1.5,1000,10,5
1341,l,FALSE,0.05,09:16,15:10,15:15,1,1.5,4,-100,100,100,2,2.5,1000,30,175,1000,0.2,0.7,TRUE,1000,1000,1000,1.5,1000,10,5
1342,l,FALSE,0.05,09:16,15:10,15:15,1,1.5,4,-100,100,100,2,3,1000,30,175,1000,0.2,0.7,TRUE,1000,1000,1000,1.5,1000,10,5
1343,l,FALSE,0.05,09:16,15:10,15:15,1,1.5,4,-100,100,100,2,3,1000,30,200,1000,0.2,0.7,TRUE,1000,1000,1000,1.5,1000,10,5
1344,l,FALSE,0.05,09:16,15:10,15:15,1,1.5,4,-100,100,100,2,3.5,1000,30,175,1000,0.2,0.7,TRUE,1000,1000,1000,1.5,1000,10,5
1345,l,FALSE,0.05,09:16,15:10,15:15,1,1.5,4,-100,100,100,2,3.5,1000,30,200,1000,0.2,0.7,TRUE,1000,1000,1000,1.5,1000,10,5
1346,l,FALSE,0.05,09:16,15:10,15:15,1,1.5,4,-100,100,50,3,1.5,1000,15,150,175,0.2,0.7,TRUE,1000,1000,1000,1.5,1000,10,5
1347,l,FALSE,0.05,09:16,15:10,15:15,1,1.5,4,-100,100,50,3,1.5,3.5,15,150,175,0.2,0.7,TRUE,1000,1000,1000,1.5,1000,10,5
1348,l,FALSE,0.05,09:16,15:10,15:15,1,1.5,4,-100,100,50,3,1.5,1000,20,175,200,0.2,0.7,TRUE,1000,1000,1000,1.5,1000,10,5
1349,l,FALSE,0.05,09:16,15:10,15:15,1,1.5,4,-100,100,50,3,2,1000,20,175,200,0.2,0.7,TRUE,1000,1000,1000,1.5,1000,10,5
1350,l,FALSE,0.05,09:16,15:10,15:20,1,1.5,4,-100,100,170,2,1,1000,20,50,1000,0.2,0.8,TRUE,1000,1000,1000,1.5,1000,10,5
1351,l,FALSE,0.05,09:16,15:10,15:20,1,1.5,4,-100,100,170,2,1,6,20,50,1000,0.2,0.8,TRUE,1000,1000,1000,1.5,1000,10,5
1352,l,FALSE,0.05,09:16,15:10,15:20,1,1.5,4,-100,100,170,2,1,5.5,20,50,1000,0.2,0.8,TRUE,1000,1000,1000,1.5,1000,10,5
1353,l,FALSE,0.05,09:16,15:10,15:20,1,1.5,4,-100,100,170,2,1,5,20,50,1000,0.2,0.8,TRUE,1000,1000,1000,1.5,1000,10,5
1354,l,FALSE,0.05,09:16,15:10,15:20,1,1.5,4,-100,100,170,2,1,2,20,50,1000,0.2,0.8,TRUE,1000,1000,1000,1.5,1000,10,5
1355,l,FALSE,0.05,09:16,15:10,15:20,1,1.5,4,-100,100,170,2,1,1000,30,100,1000,0.2,0.8,TRUE,1000,1000,1000,1.5,1000,10,5
1356,l,FALSE,0.05,09:16,15:10,15:20,1,1.5,4,-100,100,170,2,1,6,30,100,1000,0.2,0.8,TRUE,1000,1000,1000,1.5,1000,10,5
1357,l,FALSE,0.05,09:16,15:10,15:20,1,1.5,4,-100,100,170,2,1,1.5,20,50,1000,0.2,0.8,TRUE,1000,1000,1000,1.5,1000,10,5
1358,l,FALSE,0.05,09:16,15:10,15:20,1,1.5,4,-100,100,170,2,1.5,1000,30,100,1000,0.2,0.8,TRUE,1000,1000,1000,1.5,1000,10,5
1359,l,FALSE,0.05,09:16,15:10,15:15,1,1.5,4,-100,100,100,2,1.5,1000,30,175,1000,0.2,0.8,TRUE,1000,1000,1000,1.5,1000,10,5
1360,l,FALSE,0.05,09:16,15:10,15:15,1,1.5,4,-100,100,100,2,2.5,1000,30,175,1000,0.2,0.8,TRUE,1000,1000,1000,1.5,1000,10,5
1361,l,FALSE,0.05,09:16,15:10,15:15,1,1.5,4,-100,100,100,2,3,1000,30,175,1000,0.2,0.8,TRUE,1000,1000,1000,1.5,1000,10,5
1362,l,FALSE,0.05,09:16,15:10,15:15,1,1.5,4,-100,100,100,2,3,1000,30,200,1000,0.2,0.8,TRUE,1000,1000,1000,1.5,1000,10,5
1363,l,FALSE,0.05,09:16,15:10,15:15,1,1.5,4,-100,100,100,2,3.5,1000,30,175,1000,0.2,0.8,TRUE,1000,1000,1000,1.5,1000,10,5
1364,l,FALSE,0.05,09:16,15:10,15:15,1,1.5,4,-100,100,100,2,3.5,1000,30,200,1000,0.2,0.8,TRUE,1000,1000,1000,1.5,1000,10,5
1365,l,FALSE,0.05,09:16,15:10,15:15,1,1.5,4,-100,100,50,3,1.5,1000,15,150,175,0.2,0.8,TRUE,1000,1000,1000,1.5,1000,10,5
1366,l,FALSE,0.05,09:16,15:10,15:15,1,1.5,4,-100,100,50,3,1.5,3.5,15,150,175,0.2,0.8,TRUE,1000,1000,1000,1.5,1000,10,5
1367,l,FALSE,0.05,09:16,15:10,15:15,1,1.5,4,-100,100,50,3,1.5,1000,20,175,200,0.2,0.8,TRUE,1000,1000,1000,1.5,1000,10,5
1368,l,FALSE,0.05,09:16,15:10,15:15,1,1.5,4,-100,100,50,3,2,1000,20,175,200,0.2,0.8,TRUE,1000,1000,1000,1.5,1000,10,5
1369,l,FALSE,0.05,09:16,15:10,15:20,1,1.5,4,-100,100,170,2,1,1000,20,50,1000,0.2,0.9,TRUE,1000,1000,1000,1.5,1000,10,5
1370,l,FALSE,0.05,09:16,15:10,15:20,1,1.5,4,-100,100,170,2,1,6,20,50,1000,0.2,0.9,TRUE,1000,1000,1000,1.5,1000,10,5
1371,l,FALSE,0.05,09:16,15:10,15:20,1,1.5,4,-100,100,170,2,1,5.5,20,50,1000,0.2,0.9,TRUE,1000,1000,1000,1.5,1000,10,5
1372,l,FALSE,0.05,09:16,15:10,15:20,1,1.5,4,-100,100,170,2,1,5,20,50,1000,0.2,0.9,TRUE,1000,1000,1000,1.5,1000,10,5
1373,l,FALSE,0.05,09:16,15:10,15:20,1,1.5,4,-100,100,170,2,1,2,20,50,1000,0.2,0.9,TRUE,1000,1000,1000,1.5,1000,10,5
1374,l,FALSE,0.05,09:16,15:10,15:20,1,1.5,4,-100,100,170,2,1,1000,30,100,1000,0.2,0.9,TRUE,1000,1000,1000,1.5,1000,10,5
1375,l,FALSE,0.05,09:16,15:10,15:20,1,1.5,4,-100,100,170,2,1,6,30,100,1000,0.2,0.9,TRUE,1000,1000,1000,1.5,1000,10,5
1376,l,FALSE,0.05,09:16,15:10,15:20,1,1.5,4,-100,100,170,2,1,1.5,20,50,1000,0.2,0.9,TRUE,1000,1000,1000,1.5,1000,10,5
1377,l,FALSE,0.05,09:16,15:10,15:20,1,1.5,4,-100,100,170,2,1.5,1000,30,100,1000,0.2,0.9,TRUE,1000,1000,1000,1.5,1000,10,5
1378,l,FALSE,0.05,09:16,15:10,15:15,1,1.5,4,-100,100,100,2,1.5,1000,30,175,1000,0.2,0.9,TRUE,1000,1000,1000,1.5,1000,10,5
1379,l,FALSE,0.05,09:16,15:10,15:15,1,1.5,4,-100,100,100,2,2.5,1000,30,175,1000,0.2,0.9,TRUE,1000,1000,1000,1.5,1000,10,5
1380,l,FALSE,0.05,09:16,15:10,15:15,1,1.5,4,-100,100,100,2,3,1000,30,175,1000,0.2,0.9,TRUE,1000,1000,1000,1.5,1000,10,5
1381,l,FALSE,0.05,09:16,15:10,15:15,1,1.5,4,-100,100,100,2,3,1000,30,200,1000,0.2,0.9,TRUE,1000,1000,1000,1.5,1000,10,5
1382,l,FALSE,0.05,09:16,15:10,15:15,1,1.5,4,-100,100,100,2,3.5,1000,30,175,1000,0.2,0.9,TRUE,1000,1000,1000,1.5,1000,10,5
1383,l,FALSE,0.05,09:16,15:10,15:15,1,1.5,4,-100,100,100,2,3.5,1000,30,200,1000,0.2,0.9,TRUE,1000,1000,1000,1.5,1000,10,5
1384,l,FALSE,0.05,09:16,15:10,15:15,1,1.5,4,-100,100,50,3,1.5,1000,15,150,175,0.2,0.9,TRUE,1000,1000,1000,1.5,1000,10,5
1385,l,FALSE,0.05,09:16,15:10,15:15,1,1.5,4,-100,100,50,3,1.5,3.5,15,150,175,0.2,0.9,TRUE,1000,1000,1000,1.5,1000,10,5
1386,l,FALSE,0.05,09:16,15:10,15:15,1,1.5,4,-100,100,50,3,1.5,1000,20,175,200,0.2,0.9,TRUE,1000,1000,1000,1.5,1000,10,5
1387,l,FALSE,0.05,09:16,15:10,15:15,1,1.5,4,-100,100,50,3,2,1000,20,175,200,0.2,0.9,TRUE,1000,1000,1000,1.5,1000,10,5
1388,l,FALSE,0.05,09:16,15:10,15:20,1,1.5,4,-100,100,170,2,1,1000,20,50,1000,0.2,1,TRUE,1000,1000,1000,1.5,1000,10,5
1389,l,FALSE,0.05,09:16,15:10,15:20,1,1.5,4,-100,100,170,2,1,6,20,50,1000,0.2,1,TRUE,1000,1000,1000,1.5,1000,10,5
1390,l,FALSE,0.05,09:16,15:10,15:20,1,1.5,4,-100,100,170,2,1,5.5,20,50,1000,0.2,1,TRUE,1000,1000,1000,1.5,1000,10,5
1391,l,FALSE,0.05,09:16,15:10,15:20,1,1.5,4,-100,100,170,2,1,5,20,50,1000,0.2,1,TRUE,1000,1000,1000,1.5,1000,10,5
1392,l,FALSE,0.05,09:16,15:10,15:20,1,1.5,4,-100,100,170,2,1,2,20,50,1000,0.2,1,TRUE,1000,1000,1000,1.5,1000,10,5
1393,l,FALSE,0.05,09:16,15:10,15:20,1,1.5,4,-100,100,170,2,1,1000,30,100,1000,0.2,1,TRUE,1000,1000,1000,1.5,1000,10,5
1394,l,FALSE,0.05,09:16,15:10,15:20,1,1.5,4,-100,100,170,2,1,6,30,100,1000,0.2,1,TRUE,1000,1000,1000,1.5,1000,10,5
1395,l,FALSE,0.05,09:16,15:10,15:20,1,1.5,4,-100,100,170,2,1,1.5,20,50,1000,0.2,1,TRUE,1000,1000,1000,1.5,1000,10,5
1396,l,FALSE,0.05,09:16,15:10,15:20,1,1.5,4,-100,100,170,2,1.5,1000,30,100,1000,0.2,1,TRUE,1000,1000,1000,1.5,1000,10,5
1397,l,FALSE,0.05,09:16,15:10,15:15,1,1.5,4,-100,100,100,2,1.5,1000,30,175,1000,0.2,1,TRUE,1000,1000,1000,1.5,1000,10,5
1398,l,FALSE,0.05,09:16,15:10,15:15,1,1.5,4,-100,100,100,2,2.5,1000,30,175,1000,0.2,1,TRUE,1000,1000,1000,1.5,1000,10,5
1399,l,FALSE,0.05,09:16,15:10,15:15,1,1.5,4,-100,100,100,2,3,1000,30,175,1000,0.2,1,TRUE,1000,1000,1000,1.5,1000,10,5
1400,l,FALSE,0.05,09:16,15:10,15:15,1,1.5,4,-100,100,100,2,3,1000,30,200,1000,0.2,1,TRUE,1000,1000,1000,1.5,1000,10,5
1401,l,FALSE,0.05,09:16,15:10,15:15,1,1.5,4,-100,100,100,2,3.5,1000,30,175,1000,0.2,1,TRUE,1000,1000,1000,1.5,1000,10,5
1402,l,FALSE,0.05,09:16,15:10,15:15,1,1.5,4,-100,100,100,2,3.5,1000,30,200,1000,0.2,1,TRUE,1000,1000,1000,1.5,1000,10,5
1403,l,FALSE,0.05,09:16,15:10,15:15,1,1.5,4,-100,100,50,3,1.5,1000,15,150,175,0.2,1,TRUE,1000,1000,1000,1.5,1000,10,5
1404,l,FALSE,0.05,09:16,15:10,15:15,1,1.5,4,-100,100,50,3,1.5,3.5,15,150,175,0.2,1,TRUE,1000,1000,1000,1.5,1000,10,5
1405,l,FALSE,0.05,09:16,15:10,15:15,1,1.5,4,-100,100,50,3,1.5,1000,20,175,200,0.2,1,TRUE,1000,1000,1000,1.5,1000,10,5
1406,l,FALSE,0.05,09:16,15:10,15:15,1,1.5,4,-100,100,50,3,2,1000,20,175,200,0.2,1,TRUE,1000,1000,1000,1.5,1000,10,5
1407,l,FALSE,0.05,09:16,15:10,15:20,1,1.5,4,-100,100,170,2,1,1000,20,50,1000,0.25,0.3,TRUE,1000,1000,1000,1.5,1000,10,5
1408,l,FALSE,0.05,09:16,15:10,15:20,1,1.5,4,-100,100,170,2,1,6,20,50,1000,0.25,0.3,TRUE,1000,1000,1000,1.5,1000,10,5
1409,l,FALSE,0.05,09:16,15:10,15:20,1,1.5,4,-100,100,170,2,1,5.5,20,50,1000,0.25,0.3,TRUE,1000,1000,1000,1.5,1000,10,5
1410,l,FALSE,0.05,09:16,15:10,15:20,1,1.5,4,-100,100,170,2,1,5,20,50,1000,0.25,0.3,TRUE,1000,1000,1000,1.5,1000,10,5
1411,l,FALSE,0.05,09:16,15:10,15:20,1,1.5,4,-100,100,170,2,1,2,20,50,1000,0.25,0.3,TRUE,1000,1000,1000,1.5,1000,10,5
1412,l,FALSE,0.05,09:16,15:10,15:20,1,1.5,4,-100,100,170,2,1,1000,30,100,1000,0.25,0.3,TRUE,1000,1000,1000,1.5,1000,10,5
1413,l,FALSE,0.05,09:16,15:10,15:20,1,1.5,4,-100,100,170,2,1,6,30,100,1000,0.25,0.3,TRUE,1000,1000,1000,1.5,1000,10,5
1414,l,FALSE,0.05,09:16,15:10,15:20,1,1.5,4,-100,100,170,2,1,1.5,20,50,1000,0.25,0.3,TRUE,1000,1000,1000,1.5,1000,10,5
1415,l,FALSE,0.05,09:16,15:10,15:20,1,1.5,4,-100,100,170,2,1.5,1000,30,100,1000,0.25,0.3,TRUE,1000,1000,1000,1.5,1000,10,5
1416,l,FALSE,0.05,09:16,15:10,15:15,1,1.5,4,-100,100,100,2,1.5,1000,30,175,1000,0.25,0.3,TRUE,1000,1000,1000,1.5,1000,10,5
1417,l,FALSE,0.05,09:16,15:10,15:15,1,1.5,4,-100,100,100,2,2.5,1000,30,175,1000,0.25,0.3,TRUE,1000,1000,1000,1.5,1000,10,5
1418,l,FALSE,0.05,09:16,15:10,15:15,1,1.5,4,-100,100,100,2,3,1000,30,175,1000,0.25,0.3,TRUE,1000,1000,1000,1.5,1000,10,5
1419,l,FALSE,0.05,09:16,15:10,15:15,1,1.5,4,-100,100,100,2,3,1000,30,200,1000,0.25,0.3,TRUE,1000,1000,1000,1.5,1000,10,5
1420,l,FALSE,0.05,09:16,15:10,15:15,1,1.5,4,-100,100,100,2,3.5,1000,30,175,1000,0.25,0.3,TRUE,1000,1000,1000,1.5,1000,10,5
1421,l,FALSE,0.05,09:16,15:10,15:15,1,1.5,4,-100,100,100,2,3.5,1000,30,200,1000,0.25,0.3,TRUE,1000,1000,1000,1.5,1000,10,5
1422,l,FALSE,0.05,09:16,15:10,15:15,1,1.5,4,-100,100,50,3,1.5,1000,15,150,175,0.25,0.3,TRUE,1000,1000,1000,1.5,1000,10,5
1423,l,FALSE,0.05,09:16,15:10,15:15,1,1.5,4,-100,100,50,3,1.5,3.5,15,150,175,0.25,0.3,TRUE,1000,1000,1000,1.5,1000,10,5
1424,l,FALSE,0.05,09:16,15:10,15:15,1,1.5,4,-100,100,50,3,1.5,1000,20,175,200,0.25,0.3,TRUE,1000,1000,1000,1.5,1000,10,5
1425,l,FALSE,0.05,09:16,15:10,15:15,1,1.5,4,-100,100,50,3,2,1000,20,175,200,0.25,0.3,TRUE,1000,1000,1000,1.5,1000,10,5
1426,l,FALSE,0.05,09:16,15:10,15:20,1,1.5,4,-100,100,170,2,1,1000,20,50,1000,0.25,0.35,TRUE,1000,1000,1000,1.5,1000,10,5
1427,l,FALSE,0.05,09:16,15:10,15:20,1,1.5,4,-100,100,170,2,1,6,20,50,1000,0.25,0.35,TRUE,1000,1000,1000,1.5,1000,10,5
1428,l,FALSE,0.05,09:16,15:10,15:20,1,1.5,4,-100,100,170,2,1,5.5,20,50,1000,0.25,0.35,TRUE,1000,1000,1000,1.5,1000,10,5
1429,l,FALSE,0.05,09:16,15:10,15:20,1,1.5,4,-100,100,170,2,1,5,20,50,1000,0.25,0.35,TRUE,1000,1000,1000,1.5,1000,10,5
1430,l,FALSE,0.05,09:16,15:10,15:20,1,1.5,4,-100,100,170,2,1,2,20,50,1000,0.25,0.35,TRUE,1000,1000,1000,1.5,1000,10,5
1431,l,FALSE,0.05,09:16,15:10,15:20,1,1.5,4,-100,100,170,2,1,1000,30,100,1000,0.25,0.35,TRUE,1000,1000,1000,1.5,1000,10,5
1432,l,FALSE,0.05,09:16,15:10,15:20,1,1.5,4,-100,100,170,2,1,6,30,100,1000,0.25,0.35,TRUE,1000,1000,1000,1.5,1000,10,5
1433,l,FALSE,0.05,09:16,15:10,15:20,1,1.5,4,-100,100,170,2,1,1.5,20,50,1000,0.25,0.35,TRUE,1000,1000,1000,1.5,1000,10,5
1434,l,FALSE,0.05,09:16,15:10,15:20,1,1.5,4,-100,100,170,2,1.5,1000,30,100,1000,0.25,0.35,TRUE,1000,1000,1000,1.5,1000,10,5
1435,l,FALSE,0.05,09:16,15:10,15:15,1,1.5,4,-100,100,100,2,1.5,1000,30,175,1000,0.25,0.35,TRUE,1000,1000,1000,1.5,1000,10,5
1436,l,FALSE,0.05,09:16,15:10,15:15,1,1.5,4,-100,100,100,2,2.5,1000,30,175,1000,0.25,0.35,TRUE,1000,1000,1000,1.5,1000,10,5
1437,l,FALSE,0.05,09:16,15:10,15:15,1,1.5,4,-100,100,100,2,3,1000,30,175,1000,0.25,0.35,TRUE,1000,1000,1000,1.5,1000,10,5
1438,l,FALSE,0.05,09:16,15:10,15:15,1,1.5,4,-100,100,100,2,3,1000,30,200,1000,0.25,0.35,TRUE,1000,1000,1000,1.5,1000,10,5
1439,l,FALSE,0.05,09:16,15:10,15:15,1,1.5,4,-100,100,100,2,3.5,1000,30,175,1000,0.25,0.35,TRUE,1000,1000,1000,1.5,1000,10,5
1440,l,FALSE,0.05,09:16,15:10,15:15,1,1.5,4,-100,100,100,2,3.5,1000,30,200,1000,0.25,0.35,TRUE,1000,1000,1000,1.5,1000,10,5
1441,l,FALSE,0.05,09:16,15:10,15:15,1,1.5,4,-100,100,50,3,1.5,1000,15,150,175,0.25,0.35,TRUE,1000,1000,1000,1.5,1000,10,5
1442,l,FALSE,0.05,09:16,15:10,15:15,1,1.5,4,-100,100,50,3,1.5,3.5,15,150,175,0.25,0.35,TRUE,1000,1000,1000,1.5,1000,10,5
1443,l,FALSE,0.05,09:16,15:10,15:15,1,1.5,4,-100,100,50,3,1.5,1000,20,175,200,0.25,0.35,TRUE,1000,1000,1000,1.5,1000,10,5
1444,l,FALSE,0.05,09:16,15:10,15:15,1,1.5,4,-100,100,50,3,2,1000,20,175,200,0.25,0.35,TRUE,1000,1000,1000,1.5,1000,10,5
1445,l,FALSE,0.05,09:16,15:10,15:20,1,1.5,4,-100,100,170,2,1,1000,20,50,1000,0.25,0.4,TRUE,1000,1000,1000,1.5,1000,10,5
1446,l,FALSE,0.05,09:16,15:10,15:20,1,1.5,4,-100,100,170,2,1,6,20,50,1000,0.25,0.4,TRUE,1000,1000,1000,1.5,1000,10,5
1447,l,FALSE,0.05,09:16,15:10,15:20,1,1.5,4,-100,100,170,2,1,5.5,20,50,1000,0.25,0.4,TRUE,1000,1000,1000,1.5,1000,10,5
1448,l,FALSE,0.05,09:16,15:10,15:20,1,1.5,4,-100,100,170,2,1,5,20,50,1000,0.25,0.4,TRUE,1000,1000,1000,1.5,1000,10,5
1449,l,FALSE,0.05,09:16,15:10,15:20,1,1.5,4,-100,100,170,2,1,2,20,50,1000,0.25,0.4,TRUE,1000,1000,1000,1.5,1000,10,5
1450,l,FALSE,0.05,09:16,15:10,15:20,1,1.5,4,-100,100,170,2,1,1000,30,100,1000,0.25,0.4,TRUE,1000,1000,1000,1.5,1000,10,5
1451,l,FALSE,0.05,09:16,15:10,15:20,1,1.5,4,-100,100,170,2,1,6,30,100,1000,0.25,0.4,TRUE,1000,1000,1000,1.5,1000,10,5
1452,l,FALSE,0.05,09:16,15:10,15:20,1,1.5,4,-100,100,170,2,1,1.5,20,50,1000,0.25,0.4,TRUE,1000,1000,1000,1.5,1000,10,5
1453,l,FALSE,0.05,09:16,15:10,15:20,1,1.5,4,-100,100,170,2,1.5,1000,30,100,1000,0.25,0.4,TRUE,1000,1000,1000,1.5,1000,10,5
1454,l,FALSE,0.05,09:16,15:10,15:15,1,1.5,4,-100,100,100,2,1.5,1000,30,175,1000,0.25,0.4,TRUE,1000,1000,1000,1.5,1000,10,5
1455,l,FALSE,0.05,09:16,15:10,15:15,1,1.5,4,-100,100,100,2,2.5,1000,30,175,1000,0.25,0.4,TRUE,1000,1000,1000,1.5,1000,10,5
1456,l,FALSE,0.05,09:16,15:10,15:15,1,1.5,4,-100,100,100,2,3,1000,30,175,1000,0.25,0.4,TRUE,1000,1000,1000,1.5,1000,10,5
1457,l,FALSE,0.05,09:16,15:10,15:15,1,1.5,4,-100,100,100,2,3,1000,30,200,1000,0.25,0.4,TRUE,1000,1000,1000,1.5,1000,10,5
1458,l,FALSE,0.05,09:16,15:10,15:15,1,1.5,4,-100,100,100,2,3.5,1000,30,175,1000,0.25,0.4,TRUE,1000,1000,1000,1.5,1000,10,5
1459,l,FALSE,0.05,09:16,15:10,15:15,1,1.5,4,-100,100,100,2,3.5,1000,30,200,1000,0.25,0.4,TRUE,1000,1000,1000,1.5,1000,10,5
1460,l,FALSE,0.05,09:16,15:10,15:15,1,1.5,4,-100,100,50,3,1.5,1000,15,150,175,0.25,0.4,TRUE,1000,1000,1000,1.5,1000,10,5
1461,l,FALSE,0.05,09:16,15:10,15:15,1,1.5,4,-100,100,50,3,1.5,3.5,15,150,175,0.25,0.4,TRUE,1000,1000,1000,1.5,1000,10,5
1462,l,FALSE,0.05,09:16,15:10,15:15,1,1.5,4,-100,100,50,3,1.5,1000,20,175,200,0.25,0.4,TRUE,1000,1000,1000,1.5,1000,10,5
1463,l,FALSE,0.05,09:16,15:10,15:15,1,1.5,4,-100,100,50,3,2,1000,20,175,200,0.25,0.4,TRUE,1000,1000,1000,1.5,1000,10,5
1464,l,FALSE,0.05,09:16,15:10,15:20,1,1.5,4,-100,100,170,2,1,1000,20,50,1000,0.25,0.45,TRUE,1000,1000,1000,1.5,1000,10,5
1465,l,FALSE,0.05,09:16,15:10,15:20,1,1.5,4,-100,100,170,2,1,6,20,50,1000,0.25,0.45,TRUE,1000,1000,1000,1.5,1000,10,5
1466,l,FALSE,0.05,09:16,15:10,15:20,1,1.5,4,-100,100,170,2,1,5.5,20,50,1000,0.25,0.45,TRUE,1000,1000,1000,1.5,1000,10,5
1467,l,FALSE,0.05,09:16,15:10,15:20,1,1.5,4,-100,100,170,2,1,5,20,50,1000,0.25,0.45,TRUE,1000,1000,1000,1.5,1000,10,5
1468,l,FALSE,0.05,09:16,15:10,15:20,1,1.5,4,-100,100,170,2,1,2,20,50,1000,0.25,0.45,TRUE,1000,1000,1000,1.5,1000,10,5
1469,l,FALSE,0.05,09:16,15:10,15:20,1,1.5,4,-100,100,170,2,1,1000,30,100,1000,0.25,0.45,TRUE,1000,1000,1000,1.5,1000,10,5
1470,l,FALSE,0.05,09:16,15:10,15:20,1,1.5,4,-100,100,170,2,1,6,30,100,1000,0.25,0.45,TRUE,1000,1000,1000,1.5,1000,10,5
1471,l,FALSE,0.05,09:16,15:10,15:20,1,1.5,4,-100,100,170,2,1,1.5,20,50,1000,0.25,0.45,TRUE,1000,1000,1000,1.5,1000,10,5
1472,l,FALSE,0.05,09:16,15:10,15:20,1,1.5,4,-100,100,170,2,1.5,1000,30,100,1000,0.25,0.45,TRUE,1000,1000,1000,1.5,1000,10,5
1473,l,FALSE,0.05,09:16,15:10,15:15,1,1.5,4,-100,100,100,2,1.5,1000,30,175,1000,0.25,0.45,TRUE,1000,1000,1000,1.5,1000,10,5
1474,l,FALSE,0.05,09:16,15:10,15:15,1,1.5,4,-100,100,100,2,2.5,1000,30,175,1000,0.25,0.45,TRUE,1000,1000,1000,1.5,1000,10,5
1475,l,FALSE,0.05,09:16,15:10,15:15,1,1.5,4,-100,100,100,2,3,1000,30,175,1000,0.25,0.45,TRUE,1000,1000,1000,1.5,1000,10,5
1476,l,FALSE,0.05,09:16,15:10,15:15,1,1.5,4,-100,100,100,2,3,1000,30,200,1000,0.25,0.45,TRUE,1000,1000,1000,1.5,1000,10,5
1477,l,FALSE,0.05,09:16,15:10,15:15,1,1.5,4,-100,100,100,2,3.5,1000,30,175,1000,0.25,0.45,TRUE,1000,1000,1000,1.5,1000,10,5
1478,l,FALSE,0.05,09:16,15:10,15:15,1,1.5,4,-100,100,100,2,3.5,1000,30,200,1000,0.25,0.45,TRUE,1000,1000,1000,1.5,1000,10,5
1479,l,FALSE,0.05,09:16,15:10,15:15,1,1.5,4,-100,100,50,3,1.5,1000,15,150,175,0.25,0.45,TRUE,1000,1000,1000,1.5,1000,10,5
1480,l,FALSE,0.05,09:16,15:10,15:15,1,1.5,4,-100,100,50,3,1.5,3.5,15,150,175,0.25,0.45,TRUE,1000,1000,1000,1.5,1000,10,5
1481,l,FALSE,0.05,09:16,15:10,15:15,1,1.5,4,-100,100,50,3,1.5,1000,20,175,200,0.25,0.45,TRUE,1000,1000,1000,1.5,1000,10,5
1482,l,FALSE,0.05,09:16,15:10,15:15,1,1.5,4,-100,100,50,3,2,1000,20,175,200,0.25,0.45,TRUE,1000,1000,1000,1.5,1000,10,5
1483,l,FALSE,0.05,09:16,15:10,15:20,1,1.5,4,-100,100,170,2,1,1000,20,50,1000,0.25,0.5,TRUE,1000,1000,1000,1.5,1000,10,5
1484,l,FALSE,0.05,09:16,15:10,15:20,1,1.5,4,-100,100,170,2,1,6,20,50,1000,0.25,0.5,TRUE,1000,1000,1000,1.5,1000,10,5
1485,l,FALSE,0.05,09:16,15:10,15:20,1,1.5,4,-100,100,170,2,1,5.5,20,50,1000,0.25,0.5,TRUE,1000,1000,1000,1.5,1000,10,5
1486,l,FALSE,0.05,09:16,15:10,15:20,1,1.5,4,-100,100,170,2,1,5,20,50,1000,0.25,0.5,TRUE,1000,1000,1000,1.5,1000,10,5
1487,l,FALSE,0.05,09:16,15:10,15:20,1,1.5,4,-100,100,170,2,1,2,20,50,1000,0.25,0.5,TRUE,1000,1000,1000,1.5,1000,10,5
1488,l,FALSE,0.05,09:16,15:10,15:20,1,1.5,4,-100,100,170,2,1,1000,30,100,1000,0.25,0.5,TRUE,1000,1000,1000,1.5,1000,10,5
1489,l,FALSE,0.05,09:16,15:10,15:20,1,1.5,4,-100,100,170,2,1,6,30,100,1000,0.25,0.5,TRUE,1000,1000,1000,1.5,1000,10,5
1490,l,FALSE,0.05,09:16,15:10,15:20,1,1.5,4,-100,100,170,2,1,1.5,20,50,1000,0.25,0.5,TRUE,1000,1000,1000,1.5,1000,10,5
1491,l,FALSE,0.05,09:16,15:10,15:20,1,1.5,4,-100,100,170,2,1.5,1000,30,100,1000,0.25,0.5,TRUE,1000,1000,1000,1.5,1000,10,5
1492,l,FALSE,0.05,09:16,15:10,15:15,1,1.5,4,-100,100,100,2,1.5,1000,30,175,1000,0.25,0.5,TRUE,1000,1000,1000,1.5,1000,10,5
1493,l,FALSE,0.05,09:16,15:10,15:15,1,1.5,4,-100,100,100,2,2.5,1000,30,175,1000,0.25,0.5,TRUE,1000,1000,1000,1.5,1000,10,5
1494,l,FALSE,0.05,09:16,15:10,15:15,1,1.5,4,-100,100,100,2,3,1000,30,175,1000,0.25,0.5,TRUE,1000,1000,1000,1.5,1000,10,5
1495,l,FALSE,0.05,09:16,15:10,15:15,1,1.5,4,-100,100,100,2,3,1000,30,200,1000,0.25,0.5,TRUE,1000,1000,1000,1.5,1000,10,5
1496,l,FALSE,0.05,09:16,15:10,15:15,1,1.5,4,-100,100,100,2,3.5,1000,30,175,1000,0.25,0.5,TRUE,1000,1000,1000,1.5,1000,10,5
1497,l,FALSE,0.05,09:16,15:10,15:15,1,1.5,4,-100,100,100,2,3.5,1000,30,200,1000,0.25,0.5,TRUE,1000,1000,1000,1.5,1000,10,5
1498,l,FALSE,0.05,09:16,15:10,15:15,1,1.5,4,-100,100,50,3,1.5,1000,15,150,175,0.25,0.5,TRUE,1000,1000,1000,1.5,1000,10,5
1499,l,FALSE,0.05,09:16,15:10,15:15,1,1.5,4,-100,100,50,3,1.5,3.5,15,150,175,0.25,0.5,TRUE,1000,1000,1000,1.5,1000,10,5
1500,l,FALSE,0.05,09:16,15:10,15:15,1,1.5,4,-100,100,50,3,1.5,1000,20,175,200,0.25,0.5,TRUE,1000,1000,1000,1.5,1000,10,5
1501,l,FALSE,0.05,09:16,15:10,15:15,1,1.5,4,-100,100,50,3,2,1000,20,175,200,0.25,0.5,TRUE,1000,1000,1000,1.5,1000,10,5
1502,l,FALSE,0.05,09:16,15:10,15:20,1,1.5,4,-100,100,170,2,1,1000,20,50,1000,0.25,0.6,TRUE,1000,1000,1000,1.5,1000,10,5
1503,l,FALSE,0.05,09:16,15:10,15:20,1,1.5,4,-100,100,170,2,1,6,20,50,1000,0.25,0.6,TRUE,1000,1000,1000,1.5,1000,10,5
1504,l,FALSE,0.05,09:16,15:10,15:20,1,1.5,4,-100,100,170,2,1,5.5,20,50,1000,0.25,0.6,TRUE,1000,1000,1000,1.5,1000,10,5
1505,l,FALSE,0.05,09:16,15:10,15:20,1,1.5,4,-100,100,170,2,1,5,20,50,1000,0.25,0.6,TRUE,1000,1000,1000,1.5,1000,10,5
1506,l,FALSE,0.05,09:16,15:10,15:20,1,1.5,4,-100,100,170,2,1,2,20,50,1000,0.25,0.6,TRUE,1000,1000,1000,1.5,1000,10,5
1507,l,FALSE,0.05,09:16,15:10,15:20,1,1.5,4,-100,100,170,2,1,1000,30,100,1000,0.25,0.6,TRUE,1000,1000,1000,1.5,1000,10,5
1508,l,FALSE,0.05,09:16,15:10,15:20,1,1.5,4,-100,100,170,2,1,6,30,100,1000,0.25,0.6,TRUE,1000,1000,1000,1.5,1000,10,5
1509,l,FALSE,0.05,09:16,15:10,15:20,1,1.5,4,-100,100,170,2,1,1.5,20,50,1000,0.25,0.6,TRUE,1000,1000,1000,1.5,1000,10,5
1510,l,FALSE,0.05,09:16,15:10,15:20,1,1.5,4,-100,100,170,2,1.5,1000,30,100,1000,0.25,0.6,TRUE,1000,1000,1000,1.5,1000,10,5
1511,l,FALSE,0.05,09:16,15:10,15:15,1,1.5,4,-100,100,100,2,1.5,1000,30,175,1000,0.25,0.6,TRUE,1000,1000,1000,1.5,1000,10,5
1512,l,FALSE,0.05,09:16,15:10,15:15,1,1.5,4,-100,100,100,2,2.5,1000,30,175,1000,0.25,0.6,TRUE,1000,1000,1000,1.5,1000,10,5
1513,l,FALSE,0.05,09:16,15:10,15:15,1,1.5,4,-100,100,100,2,3,1000,30,175,1000,0.25,0.6,TRUE,1000,1000,1000,1.5,1000,10,5
1514,l,FALSE,0.05,09:16,15:10,15:15,1,1.5,4,-100,100,100,2,3,1000,30,200,1000,0.25,0.6,TRUE,1000,1000,1000,1.5,1000,10,5
1515,l,FALSE,0.05,09:16,15:10,15:15,1,1.5,4,-100,100,100,2,3.5,1000,30,175,1000,0.25,0.6,TRUE,1000,1000,1000,1.5,1000,10,5
1516,l,FALSE,0.05,09:16,15:10,15:15,1,1.5,4,-100,100,100,2,3.5,1000,30,200,1000,0.25,0.6,TRUE,1000,1000,1000,1.5,1000,10,5
1517,l,FALSE,0.05,09:16,15:10,15:15,1,1.5,4,-100,100,50,3,1.5,1000,15,150,175,0.25,0.6,TRUE,1000,1000,1000,1.5,1000,10,5
1518,l,FALSE,0.05,09:16,15:10,15:15,1,1.5,4,-100,100,50,3,1.5,3.5,15,150,175,0.25,0.6,TRUE,1000,1000,1000,1.5,1000,10,5
1519,l,FALSE,0.05,09:16,15:10,15:15,1,1.5,4,-100,100,50,3,1.5,1000,20,175,200,0.25,0.6,TRUE,1000,1000,1000,1.5,1000,10,5
1520,l,FALSE,0.05,09:16,15:10,15:15,1,1.5,4,-100,100,50,3,2,1000,20,175,200,0.25,0.6,TRUE,1000,1000,1000,1.5,1000,10,5
1521,l,FALSE,0.05,09:16,15:10,15:20,1,1.5,4,-100,100,170,2,1,1000,20,50,1000,0.25,0.7,TRUE,1000,1000,1000,1.5,1000,10,5
1522,l,FALSE,0.05,09:16,15:10,15:20,1,1.5,4,-100,100,170,2,1,6,20,50,1000,0.25,0.7,TRUE,1000,1000,1000,1.5,1000,10,5
1523,l,FALSE,0.05,09:16,15:10,15:20,1,1.5,4,-100,100,170,2,1,5.5,20,50,1000,0.25,0.7,TRUE,1000,1000,1000,1.5,1000,10,5
1524,l,FALSE,0.05,09:16,15:10,15:20,1,1.5,4,-100,100,170,2,1,5,20,50,1000,0.25,0.7,TRUE,1000,1000,1000,1.5,1000,10,5
1525,l,FALSE,0.05,09:16,15:10,15:20,1,1.5,4,-100,100,170,2,1,2,20,50,1000,0.25,0.7,TRUE,1000,1000,1000,1.5,1000,10,5
1526,l,FALSE,0.05,09:16,15:10,15:20,1,1.5,4,-100,100,170,2,1,1000,30,100,1000,0.25,0.7,TRUE,1000,1000,1000,1.5,1000,10,5
1527,l,FALSE,0.05,09:16,15:10,15:20,1,1.5,4,-100,100,170,2,1,6,30,100,1000,0.25,0.7,TRUE,1000,1000,1000,1.5,1000,10,5
1528,l,FALSE,0.05,09:16,15:10,15:20,1,1.5,4,-100,100,170,2,1,1.5,20,50,1000,0.25,0.7,TRUE,1000,1000,1000,1.5,1000,10,5
1529,l,FALSE,0.05,09:16,15:10,15:20,1,1.5,4,-100,100,170,2,1.5,1000,30,100,1000,0.25,0.7,TRUE,1000,1000,1000,1.5,1000,10,5
1530,l,FALSE,0.05,09:16,15:10,15:15,1,1.5,4,-100,100,100,2,1.5,1000,30,175,1000,0.25,0.7,TRUE,1000,1000,1000,1.5,1000,10,5
1531,l,FALSE,0.05,09:16,15:10,15:15,1,1.5,4,-100,100,100,2,2.5,1000,30,175,1000,0.25,0.7,TRUE,1000,1000,1000,1.5,1000,10,5
1532,l,FALSE,0.05,09:16,15:10,15:15,1,1.5,4,-100,100,100,2,3,1000,30,175,1000,0.25,0.7,TRUE,1000,1000,1000,1.5,1000,10,5
1533,l,FALSE,0.05,09:16,15:10,15:15,1,1.5,4,-100,100,100,2,3,1000,30,200,1000,0.25,0.7,TRUE,1000,1000,1000,1.5,1000,10,5
1534,l,FALSE,0.05,09:16,15:10,15:15,1,1.5,4,-100,100,100,2,3.5,1000,30,175,1000,0.25,0.7,TRUE,1000,1000,1000,1.5,1000,10,5
1535,l,FALSE,0.05,09:16,15:10,15:15,1,1.5,4,-100,100,100,2,3.5,1000,30,200,1000,0.25,0.7,TRUE,1000,1000,1000,1.5,1000,10,5
1536,l,FALSE,0.05,09:16,15:10,15:15,1,1.5,4,-100,100,50,3,1.5,1000,15,150,175,0.25,0.7,TRUE,1000,1000,1000,1.5,1000,10,5
1537,l,FALSE,0.05,09:16,15:10,15:15,1,1.5,4,-100,100,50,3,1.5,3.5,15,150,175,0.25,0.7,TRUE,1000,1000,1000,1.5,1000,10,5
1538,l,FALSE,0.05,09:16,15:10,15:15,1,1.5,4,-100,100,50,3,1.5,1000,20,175,200,0.25,0.7,TRUE,1000,1000,1000,1.5,1000,10,5
1539,l,FALSE,0.05,09:16,15:10,15:15,1,1.5,4,-100,100,50,3,2,1000,20,175,200,0.25,0.7,TRUE,1000,1000,1000,1.5,1000,10,5
1540,l,FALSE,0.05,09:16,15:10,15:20,1,1.5,4,-100,100,170,2,1,1000,20,50,1000,0.25,0.8,TRUE,1000,1000,1000,1.5,1000,10,5
1541,l,FALSE,0.05,09:16,15:10,15:20,1,1.5,4,-100,100,170,2,1,6,20,50,1000,0.25,0.8,TRUE,1000,1000,1000,1.5,1000,10,5
1542,l,FALSE,0.05,09:16,15:10,15:20,1,1.5,4,-100,100,170,2,1,5.5,20,50,1000,0.25,0.8,TRUE,1000,1000,1000,1.5,1000,10,5
1543,l,FALSE,0.05,09:16,15:10,15:20,1,1.5,4,-100,100,170,2,1,5,20,50,1000,0.25,0.8,TRUE,1000,1000,1000,1.5,1000,10,5
1544,l,FALSE,0.05,09:16,15:10,15:20,1,1.5,4,-100,100,170,2,1,2,20,50,1000,0.25,0.8,TRUE,1000,1000,1000,1.5,1000,10,5
1545,l,FALSE,0.05,09:16,15:10,15:20,1,1.5,4,-100,100,170,2,1,1000,30,100,1000,0.25,0.8,TRUE,1000,1000,1000,1.5,1000,10,5
1546,l,FALSE,0.05,09:16,15:10,15:20,1,1.5,4,-100,100,170,2,1,6,30,100,1000,0.25,0.8,TRUE,1000,1000,1000,1.5,1000,10,5
1547,l,FALSE,0.05,09:16,15:10,15:20,1,1.5,4,-100,100,170,2,1,1.5,20,50,1000,0.25,0.8,TRUE,1000,1000,1000,1.5,1000,10,5
1548,l,FALSE,0.05,09:16,15:10,15:20,1,1.5,4,-100,100,170,2,1.5,1000,30,100,1000,0.25,0.8,TRUE,1000,1000,1000,1.5,1000,10,5
1549,l,FALSE,0.05,09:16,15:10,15:15,1,1.5,4,-100,100,100,2,1.5,1000,30,175,1000,0.25,0.8,TRUE,1000,1000,1000,1.5,1000,10,5
1550,l,FALSE,0.05,09:16,15:10,15:15,1,1.5,4,-100,100,100,2,2.5,1000,30,175,1000,0.25,0.8,TRUE,1000,1000,1000,1.5,1000,10,5
1551,l,FALSE,0.05,09:16,15:10,15:15,1,1.5,4,-100,100,100,2,3,1000,30,175,1000,0.25,0.8,TRUE,1000,1000,1000,1.5,1000,10,5
1552,l,FALSE,0.05,09:16,15:10,15:15,1,1.5,4,-100,100,100,2,3,1000,30,200,1000,0.25,0.8,TRUE,1000,1000,1000,1.5,1000,10,5
1553,l,FALSE,0.05,09:16,15:10,15:15,1,1.5,4,-100,100,100,2,3.5,1000,30,175,1000,0.25,0.8,TRUE,1000,1000,1000,1.5,1000,10,5
1554,l,FALSE,0.05,09:16,15:10,15:15,1,1.5,4,-100,100,100,2,3.5,1000,30,200,1000,0.25,0.8,TRUE,1000,1000,1000,1.5,1000,10,5
1555,l,FALSE,0.05,09:16,15:10,15:15,1,1.5,4,-100,100,50,3,1.5,1000,15,150,175,0.25,0.8,TRUE,1000,1000,1000,1.5,1000,10,5
1556,l,FALSE,0.05,09:16,15:10,15:15,1,1.5,4,-100,100,50,3,1.5,3.5,15,150,175,0.25,0.8,TRUE,1000,1000,1000,1.5,1000,10,5
1557,l,FALSE,0.05,09:16,15:10,15:15,1,1.5,4,-100,100,50,3,1.5,1000,20,175,200,0.25,0.8,TRUE,1000,1000,1000,1.5,1000,10,5
1558,l,FALSE,0.05,09:16,15:10,15:15,1,1.5,4,-100,100,50,3,2,1000,20,175,200,0.25,0.8,TRUE,1000,1000,1000,1.5,1000,10,5
1559,l,FALSE,0.05,09:16,15:10,15:20,1,1.5,4,-100,100,170,2,1,1000,20,50,1000,0.25,0.9,TRUE,1000,1000,1000,1.5,1000,10,5
1560,l,FALSE,0.05,09:16,15:10,15:20,1,1.5,4,-100,100,170,2,1,6,20,50,1000,0.25,0.9,TRUE,1000,1000,1000,1.5,1000,10,5
1561,l,FALSE,0.05,09:16,15:10,15:20,1,1.5,4,-100,100,170,2,1,5.5,20,50,1000,0.25,0.9,TRUE,1000,1000,1000,1.5,1000,10,5
1562,l,FALSE,0.05,09:16,15:10,15:20,1,1.5,4,-100,100,170,2,1,5,20,50,1000,0.25,0.9,TRUE,1000,1000,1000,1.5,1000,10,5
1563,l,FALSE,0.05,09:16,15:10,15:20,1,1.5,4,-100,100,170,2,1,2,20,50,1000,0.25,0.9,TRUE,1000,1000,1000,1.5,1000,10,5
1564,l,FALSE,0.05,09:16,15:10,15:20,1,1.5,4,-100,100,170,2,1,1000,30,100,1000,0.25,0.9,TRUE,1000,1000,1000,1.5,1000,10,5
1565,l,FALSE,0.05,09:16,15:10,15:20,1,1.5,4,-100,100,170,2,1,6,30,100,1000,0.25,0.9,TRUE,1000,1000,1000,1.5,1000,10,5
1566,l,FALSE,0.05,09:16,15:10,15:20,1,1.5,4,-100,100,170,2,1,1.5,20,50,1000,0.25,0.9,TRUE,1000,1000,1000,1.5,1000,10,5
1567,l,FALSE,0.05,09:16,15:10,15:20,1,1.5,4,-100,100,170,2,1.5,1000,30,100,1000,0.25,0.9,TRUE,1000,1000,1000,1.5,1000,10,5
1568,l,FALSE,0.05,09:16,15:10,15:15,1,1.5,4,-100,100,100,2,1.5,1000,30,175,1000,0.25,0.9,TRUE,1000,1000,1000,1.5,1000,10,5
1569,l,FALSE,0.05,09:16,15:10,15:15,1,1.5,4,-100,100,100,2,2.5,1000,30,175,1000,0.25,0.9,TRUE,1000,1000,1000,1.5,1000,10,5
1570,l,FALSE,0.05,09:16,15:10,15:15,1,1.5,4,-100,100,100,2,3,1000,30,175,1000,0.25,0.9,TRUE,1000,1000,1000,1.5,1000,10,5
1571,l,FALSE,0.05,09:16,15:10,15:15,1,1.5,4,-100,100,100,2,3,1000,30,200,1000,0.25,0.9,TRUE,1000,1000,1000,1.5,1000,10,5
1572,l,FALSE,0.05,09:16,15:10,15:15,1,1.5,4,-100,100,100,2,3.5,1000,30,175,1000,0.25,0.9,TRUE,1000,1000,1000,1.5,1000,10,5
1573,l,FALSE,0.05,09:16,15:10,15:15,1,1.5,4,-100,100,100,2,3.5,1000,30,200,1000,0.25,0.9,TRUE,1000,1000,1000,1.5,1000,10,5
1574,l,FALSE,0.05,09:16,15:10,15:15,1,1.5,4,-100,100,50,3,1.5,1000,15,150,175,0.25,0.9,TRUE,1000,1000,1000,1.5,1000,10,5
1575,l,FALSE,0.05,09:16,15:10,15:15,1,1.5,4,-100,100,50,3,1.5,3.5,15,150,175,0.25,0.9,TRUE,1000,1000,1000,1.5,1000,10,5
1576,l,FALSE,0.05,09:16,15:10,15:15,1,1.5,4,-100,100,50,3,1.5,1000,20,175,200,0.25,0.9,TRUE,1000,1000,1000,1.5,1000,10,5
1577,l,FALSE,0.05,09:16,15:10,15:15,1,1.5,4,-100,100,50,3,2,1000,20,175,200,0.25,0.9,TRUE,1000,1000,1000,1.5,1000,10,5
1578,l,FALSE,0.05,09:16,15:10,15:20,1,1.5,4,-100,100,170,2,1,1000,20,50,1000,0.25,1,TRUE,1000,1000,1000,1.5,1000,10,5
1579,l,FALSE,0.05,09:16,15:10,15:20,1,1.5,4,-100,100,170,2,1,6,20,50,1000,0.25,1,TRUE,1000,1000,1000,1.5,1000,10,5
1580,l,FALSE,0.05,09:16,15:10,15:20,1,1.5,4,-100,100,170,2,1,5.5,20,50,1000,0.25,1,TRUE,1000,1000,1000,1.5,1000,10,5
1581,l,FALSE,0.05,09:16,15:10,15:20,1,1.5,4,-100,100,170,2,1,5,20,50,1000,0.25,1,TRUE,1000,1000,1000,1.5,1000,10,5
1582,l,FALSE,0.05,09:16,15:10,15:20,1,1.5,4,-100,100,170,2,1,2,20,50,1000,0.25,1,TRUE,1000,1000,1000,1.5,1000,10,5
1583,l,FALSE,0.05,09:16,15:10,15:20,1,1.5,4,-100,100,170,2,1,1000,30,100,1000,0.25,1,TRUE,1000,1000,1000,1.5,1000,10,5
1584,l,FALSE,0.05,09:16,15:10,15:20,1,1.5,4,-100,100,170,2,1,6,30,100,1000,0.25,1,TRUE,1000,1000,1000,1.5,1000,10,5
1585,l,FALSE,0.05,09:16,15:10,15:20,1,1.5,4,-100,100,170,2,1,1.5,20,50,1000,0.25,1,TRUE,1000,1000,1000,1.5,1000,10,5
1586,l,FALSE,0.05,09:16,15:10,15:20,1,1.5,4,-100,100,170,2,1.5,1000,30,100,1000,0.25,1,TRUE,1000,1000,1000,1.5,1000,10,5
1587,l,FALSE,0.05,09:16,15:10,15:15,1,1.5,4,-100,100,100,2,1.5,1000,30,175,1000,0.25,1,TRUE,1000,1000,1000,1.5,1000,10,5
1588,l,FALSE,0.05,09:16,15:10,15:15,1,1.5,4,-100,100,100,2,2.5,1000,30,175,1000,0.25,1,TRUE,1000,1000,1000,1.5,1000,10,5
1589,l,FALSE,0.05,09:16,15:10,15:15,1,1.5,4,-100,100,100,2,3,1000,30,175,1000,0.25,1,TRUE,1000,1000,1000,1.5,1000,10,5
1590,l,FALSE,0.05,09:16,15:10,15:15,1,1.5,4,-100,100,100,2,3,1000,30,200,1000,0.25,1,TRUE,1000,1000,1000,1.5,1000,10,5
1591,l,FALSE,0.05,09:16,15:10,15:15,1,1.5,4,-100,100,100,2,3.5,1000,30,175,1000,0.25,1,TRUE,1000,1000,1000,1.5,1000,10,5
1592,l,FALSE,0.05,09:16,15:10,15:15,1,1.5,4,-100,100,100,2,3.5,1000,30,200,1000,0.25,1,TRUE,1000,1000,1000,1.5,1000,10,5
1593,l,FALSE,0.05,09:16,15:10,15:15,1,1.5,4,-100,100,50,3,1.5,1000,15,150,175,0.25,1,TRUE,1000,1000,1000,1.5,1000,10,5
1594,l,FALSE,0.05,09:16,15:10,15:15,1,1.5,4,-100,100,50,3,1.5,3.5,15,150,175,0.25,1,TRUE,1000,1000,1000,1.5,1000,10,5
1595,l,FALSE,0.05,09:16,15:10,15:15,1,1.5,4,-100,100,50,3,1.5,1000,20,175,200,0.25,1,TRUE,1000,1000,1000,1.5,1000,10,5
1596,l,FALSE,0.05,09:16,15:10,15:15,1,1.5,4,-100,100,50,3,2,1000,20,175,200,0.25,1,TRUE,1000,1000,1000,1.5,1000,10,5
1597,l,FALSE,0.05,09:16,15:10,15:20,1,1.5,4,-100,100,170,2,1,1000,20,50,1000,0.3,0.35,TRUE,1000,1000,1000,1.5,1000,10,5
1598,l,FALSE,0.05,09:16,15:10,15:20,1,1.5,4,-100,100,170,2,1,6,20,50,1000,0.3,0.35,TRUE,1000,1000,1000,1.5,1000,10,5
1599,l,FALSE,0.05,09:16,15:10,15:20,1,1.5,4,-100,100,170,2,1,5.5,20,50,1000,0.3,0.35,TRUE,1000,1000,1000,1.5,1000,10,5
1600,l,FALSE,0.05,09:16,15:10,15:20,1,1.5,4,-100,100,170,2,1,5,20,50,1000,0.3,0.35,TRUE,1000,1000,1000,1.5,1000,10,5
1601,l,FALSE,0.05,09:16,15:10,15:20,1,1.5,4,-100,100,170,2,1,2,20,50,1000,0.3,0.35,TRUE,1000,1000,1000,1.5,1000,10,5
1602,l,FALSE,0.05,09:16,15:10,15:20,1,1.5,4,-100,100,170,2,1,1000,30,100,1000,0.3,0.35,TRUE,1000,1000,1000,1.5,1000,10,5
1603,l,FALSE,0.05,09:16,15:10,15:20,1,1.5,4,-100,100,170,2,1,6,30,100,1000,0.3,0.35,TRUE,1000,1000,1000,1.5,1000,10,5
1604,l,FALSE,0.05,09:16,15:10,15:20,1,1.5,4,-100,100,170,2,1,1.5,20,50,1000,0.3,0.35,TRUE,1000,1000,1000,1.5,1000,10,5
1605,l,FALSE,0.05,09:16,15:10,15:20,1,1.5,4,-100,100,170,2,1.5,1000,30,100,1000,0.3,0.35,TRUE,1000,1000,1000,1.5,1000,10,5
1606,l,FALSE,0.05,09:16,15:10,15:15,1,1.5,4,-100,100,100,2,1.5,1000,30,175,1000,0.3,0.35,TRUE,1000,1000,1000,1.5,1000,10,5
1607,l,FALSE,0.05,09:16,15:10,15:15,1,1.5,4,-100,100,100,2,2.5,1000,30,175,1000,0.3,0.35,TRUE,1000,1000,1000,1.5,1000,10,5
1608,l,FALSE,0.05,09:16,15:10,15:15,1,1.5,4,-100,100,100,2,3,1000,30,175,1000,0.3,0.35,TRUE,1000,1000,1000,1.5,1000,10,5
1609,l,FALSE,0.05,09:16,15:10,15:15,1,1.5,4,-100,100,100,2,3,1000,30,200,1000,0.3,0.35,TRUE,1000,1000,1000,1.5,1000,10,5
1610,l,FALSE,0.05,09:16,15:10,15:15,1,1.5,4,-100,100,100,2,3.5,1000,30,175,1000,0.3,0.35,TRUE,1000,1000,1000,1.5,1000,10,5
1611,l,FALSE,0.05,09:16,15:10,15:15,1,1.5,4,-100,100,100,2,3.5,1000,30,200,1000,0.3,0.35,TRUE,1000,1000,1000,1.5,1000,10,5
1612,l,FALSE,0.05,09:16,15:10,15:15,1,1.5,4,-100,100,50,3,1.5,1000,15,150,175,0.3,0.35,TRUE,1000,1000,1000,1.5,1000,10,5
1613,l,FALSE,0.05,09:16,15:10,15:15,1,1.5,4,-100,100,50,3,1.5,3.5,15,150,175,0.3,0.35,TRUE,1000,1000,1000,1.5,1000,10,5
1614,l,FALSE,0.05,09:16,15:10,15:15,1,1.5,4,-100,100,50,3,1.5,1000,20,175,200,0.3,0.35,TRUE,1000,1000,1000,1.5,1000,10,5
1615,l,FALSE,0.05,09:16,15:10,15:15,1,1.5,4,-100,100,50,3,2,1000,20,175,200,0.3,0.35,TRUE,1000,1000,1000,1.5,1000,10,5
1616,l,FALSE,0.05,09:16,15:10,15:20,1,1.5,4,-100,100,170,2,1,1000,20,50,1000,0.3,0.4,TRUE,1000,1000,1000,1.5,1000,10,5
1617,l,FALSE,0.05,09:16,15:10,15:20,1,1.5,4,-100,100,170,2,1,6,20,50,1000,0.3,0.4,TRUE,1000,1000,1000,1.5,1000,10,5
1618,l,FALSE,0.05,09:16,15:10,15:20,1,1.5,4,-100,100,170,2,1,5.5,20,50,1000,0.3,0.4,TRUE,1000,1000,1000,1.5,1000,10,5
1619,l,FALSE,0.05,09:16,15:10,15:20,1,1.5,4,-100,100,170,2,1,5,20,50,1000,0.3,0.4,TRUE,1000,1000,1000,1.5,1000,10,5
1620,l,FALSE,0.05,09:16,15:10,15:20,1,1.5,4,-100,100,170,2,1,2,20,50,1000,0.3,0.4,TRUE,1000,1000,1000,1.5,1000,10,5
1621,l,FALSE,0.05,09:16,15:10,15:20,1,1.5,4,-100,100,170,2,1,1000,30,100,1000,0.3,0.4,TRUE,1000,1000,1000,1.5,1000,10,5
1622,l,FALSE,0.05,09:16,15:10,15:20,1,1.5,4,-100,100,170,2,1,6,30,100,1000,0.3,0.4,TRUE,1000,1000,1000,1.5,1000,10,5
1623,l,FALSE,0.05,09:16,15:10,15:20,1,1.5,4,-100,100,170,2,1,1.5,20,50,1000,0.3,0.4,TRUE,1000,1000,1000,1.5,1000,10,5
1624,l,FALSE,0.05,09:16,15:10,15:20,1,1.5,4,-100,100,170,2,1.5,1000,30,100,1000,0.3,0.4,TRUE,1000,1000,1000,1.5,1000,10,5
1625,l,FALSE,0.05,09:16,15:10,15:15,1,1.5,4,-100,100,100,2,1.5,1000,30,175,1000,0.3,0.4,TRUE,1000,1000,1000,1.5,1000,10,5
1626,l,FALSE,0.05,09:16,15:10,15:15,1,1.5,4,-100,100,100,2,2.5,1000,30,175,1000,0.3,0.4,TRUE,1000,1000,1000,1.5,1000,10,5
1627,l,FALSE,0.05,09:16,15:10,15:15,1,1.5,4,-100,100,100,2,3,1000,30,175,1000,0.3,0.4,TRUE,1000,1000,1000,1.5,1000,10,5
1628,l,FALSE,0.05,09:16,15:10,15:15,1,1.5,4,-100,100,100,2,3,1000,30,200,1000,0.3,0.4,TRUE,1000,1000,1000,1.5,1000,10,5
1629,l,FALSE,0.05,09:16,15:10,15:15,1,1.5,4,-100,100,100,2,3.5,1000,30,175,1000,0.3,0.4,TRUE,1000,1000,1000,1.5,1000,10,5
1630,l,FALSE,0.05,09:16,15:10,15:15,1,1.5,4,-100,100,100,2,3.5,1000,30,200,1000,0.3,0.4,TRUE,1000,1000,1000,1.5,1000,10,5
1631,l,FALSE,0.05,09:16,15:10,15:15,1,1.5,4,-100,100,50,3,1.5,1000,15,150,175,0.3,0.4,TRUE,1000,1000,1000,1.5,1000,10,5
1632,l,FALSE,0.05,09:16,15:10,15:15,1,1.5,4,-100,100,50,3,1.5,3.5,15,150,175,0.3,0.4,TRUE,1000,1000,1000,1.5,1000,10,5
1633,l,FALSE,0.05,09:16,15:10,15:15,1,1.5,4,-100,100,50,3,1.5,1000,20,175,200,0.3,0.4,TRUE,1000,1000,1000,1.5,1000,10,5
1634,l,FALSE,0.05,09:16,15:10,15:15,1,1.5,4,-100,100,50,3,2,1000,20,175,200,0.3,0.4,TRUE,1000,1000,1000,1.5,1000,10,5
1635,l,FALSE,0.05,09:16,15:10,15:20,1,1.5,4,-100,100,170,2,1,1000,20,50,1000,0.3,0.45,TRUE,1000,1000,1000,1.5,1000,10,5
1636,l,FALSE,0.05,09:16,15:10,15:20,1,1.5,4,-100,100,170,2,1,6,20,50,1000,0.3,0.45,TRUE,1000,1000,1000,1.5,1000,10,5
1637,l,FALSE,0.05,09:16,15:10,15:20,1,1.5,4,-100,100,170,2,1,5.5,20,50,1000,0.3,0.45,TRUE,1000,1000,1000,1.5,1000,10,5
1638,l,FALSE,0.05,09:16,15:10,15:20,1,1.5,4,-100,100,170,2,1,5,20,50,1000,0.3,0.45,TRUE,1000,1000,1000,1.5,1000,10,5
1639,l,FALSE,0.05,09:16,15:10,15:20,1,1.5,4,-100,100,170,2,1,2,20,50,1000,0.3,0.45,TRUE,1000,1000,1000,1.5,1000,10,5
1640,l,FALSE,0.05,09:16,15:10,15:20,1,1.5,4,-100,100,170,2,1,1000,30,100,1000,0.3,0.45,TRUE,1000,1000,1000,1.5,1000,10,5
1641,l,FALSE,0.05,09:16,15:10,15:20,1,1.5,4,-100,100,170,2,1,6,30,100,1000,0.3,0.45,TRUE,1000,1000,1000,1.5,1000,10,5
1642,l,FALSE,0.05,09:16,15:10,15:20,1,1.5,4,-100,100,170,2,1,1.5,20,50,1000,0.3,0.45,TRUE,1000,1000,1000,1.5,1000,10,5
1643,l,FALSE,0.05,09:16,15:10,15:20,1,1.5,4,-100,100,170,2,1.5,1000,30,100,1000,0.3,0.45,TRUE,1000,1000,1000,1.5,1000,10,5
1644,l,FALSE,0.05,09:16,15:10,15:15,1,1.5,4,-100,100,100,2,1.5,1000,30,175,1000,0.3,0.45,TRUE,1000,1000,1000,1.5,1000,10,5
1645,l,FALSE,0.05,09:16,15:10,15:15,1,1.5,4,-100,100,100,2,2.5,1000,30,175,1000,0.3,0.45,TRUE,1000,1000,1000,1.5,1000,10,5
1646,l,FALSE,0.05,09:16,15:10,15:15,1,1.5,4,-100,100,100,2,3,1000,30,175,1000,0.3,0.45,TRUE,1000,1000,1000,1.5,1000,10,5
1647,l,FALSE,0.05,09:16,15:10,15:15,1,1.5,4,-100,100,100,2,3,1000,30,200,1000,0.3,0.45,TRUE,1000,1000,1000,1.5,1000,10,5
1648,l,FALSE,0.05,09:16,15:10,15:15,1,1.5,4,-100,100,100,2,3.5,1000,30,175,1000,0.3,0.45,TRUE,1000,1000,1000,1.5,1000,10,5
1649,l,FALSE,0.05,09:16,15:10,15:15,1,1.5,4,-100,100,100,2,3.5,1000,30,200,1000,0.3,0.45,TRUE,1000,1000,1000,1.5,1000,10,5
1650,l,FALSE,0.05,09:16,15:10,15:15,1,1.5,4,-100,100,50,3,1.5,1000,15,150,175,0.3,0.45,TRUE,1000,1000,1000,1.5,1000,10,5
1651,l,FALSE,0.05,09:16,15:10,15:15,1,1.5,4,-100,100,50,3,1.5,3.5,15,150,175,0.3,0.45,TRUE,1000,1000,1000,1.5,1000,10,5
1652,l,FALSE,0.05,09:16,15:10,15:15,1,1.5,4,-100,100,50,3,1.5,1000,20,175,200,0.3,0.45,TRUE,1000,1000,1000,1.5,1000,10,5
1653,l,FALSE,0.05,09:16,15:10,15:15,1,1.5,4,-100,100,50,3,2,1000,20,175,200,0.3,0.45,TRUE,1000,1000,1000,1.5,1000,10,5
1654,l,FALSE,0.05,09:16,15:10,15:20,1,1.5,4,-100,100,170,2,1,1000,20,50,1000,0.3,0.5,TRUE,1000,1000,1000,1.5,1000,10,5
1655,l,FALSE,0.05,09:16,15:10,15:20,1,1.5,4,-100,100,170,2,1,6,20,50,1000,0.3,0.5,TRUE,1000,1000,1000,1.5,1000,10,5
1656,l,FALSE,0.05,09:16,15:10,15:20,1,1.5,4,-100,100,170,2,1,5.5,20,50,1000,0.3,0.5,TRUE,1000,1000,1000,1.5,1000,10,5
1657,l,FALSE,0.05,09:16,15:10,15:20,1,1.5,4,-100,100,170,2,1,5,20,50,1000,0.3,0.5,TRUE,1000,1000,1000,1.5,1000,10,5
1658,l,FALSE,0.05,09:16,15:10,15:20,1,1.5,4,-100,100,170,2,1,2,20,50,1000,0.3,0.5,TRUE,1000,1000,1000,1.5,1000,10,5
1659,l,FALSE,0.05,09:16,15:10,15:20,1,1.5,4,-100,100,170,2,1,1000,30,100,1000,0.3,0.5,TRUE,1000,1000,1000,1.5,1000,10,5
1660,l,FALSE,0.05,09:16,15:10,15:20,1,1.5,4,-100,100,170,2,1,6,30,100,1000,0.3,0.5,TRUE,1000,1000,1000,1.5,1000,10,5
1661,l,FALSE,0.05,09:16,15:10,15:20,1,1.5,4,-100,100,170,2,1,1.5,20,50,1000,0.3,0.5,TRUE,1000,1000,1000,1.5,1000,10,5
1662,l,FALSE,0.05,09:16,15:10,15:20,1,1.5,4,-100,100,170,2,1.5,1000,30,100,1000,0.3,0.5,TRUE,1000,1000,1000,1.5,1000,10,5
1663,l,FALSE,0.05,09:16,15:10,15:15,1,1.5,4,-100,100,100,2,1.5,1000,30,175,1000,0.3,0.5,TRUE,1000,1000,1000,1.5,1000,10,5
1664,l,FALSE,0.05,09:16,15:10,15:15,1,1.5,4,-100,100,100,2,2.5,1000,30,175,1000,0.3,0.5,TRUE,1000,1000,1000,1.5,1000,10,5
1665,l,FALSE,0.05,09:16,15:10,15:15,1,1.5,4,-100,100,100,2,3,1000,30,175,1000,0.3,0.5,TRUE,1000,1000,1000,1.5,1000,10,5
1666,l,FALSE,0.05,09:16,15:10,15:15,1,1.5,4,-100,100,100,2,3,1000,30,200,1000,0.3,0.5,TRUE,1000,1000,1000,1.5,1000,10,5
1667,l,FALSE,0.05,09:16,15:10,15:15,1,1.5,4,-100,100,100,2,3.5,1000,30,175,1000,0.3,0.5,TRUE,1000,1000,1000,1.5,1000,10,5
1668,l,FALSE,0.05,09:16,15:10,15:15,1,1.5,4,-100,100,100,2,3.5,1000,30,200,1000,0.3,0.5,TRUE,1000,1000,1000,1.5,1000,10,5
1669,l,FALSE,0.05,09:16,15:10,15:15,1,1.5,4,-100,100,50,3,1.5,1000,15,150,175,0.3,0.5,TRUE,1000,1000,1000,1.5,1000,10,5
1670,l,FALSE,0.05,09:16,15:10,15:15,1,1.5,4,-100,100,50,3,1.5,3.5,15,150,175,0.3,0.5,TRUE,1000,1000,1000,1.5,1000,10,5
1671,l,FALSE,0.05,09:16,15:10,15:15,1,1.5,4,-100,100,50,3,1.5,1000,20,175,200,0.3,0.5,TRUE,1000,1000,1000,1.5,1000,10,5
1672,l,FALSE,0.05,09:16,15:10,15:15,1,1.5,4,-100,100,50,3,2,1000,20,175,200,0.3,0.5,TRUE,1000,1000,1000,1.5,1000,10,5
1673,l,FALSE,0.05,09:16,15:10,15:20,1,1.5,4,-100,100,170,2,1,1000,20,50,1000,0.3,0.6,TRUE,1000,1000,1000,1.5,1000,10,5
1674,l,FALSE,0.05,09:16,15:10,15:20,1,1.5,4,-100,100,170,2,1,6,20,50,1000,0.3,0.6,TRUE,1000,1000,1000,1.5,1000,10,5
1675,l,FALSE,0.05,09:16,15:10,15:20,1,1.5,4,-100,100,170,2,1,5.5,20,50,1000,0.3,0.6,TRUE,1000,1000,1000,1.5,1000,10,5
1676,l,FALSE,0.05,09:16,15:10,15:20,1,1.5,4,-100,100,170,2,1,5,20,50,1000,0.3,0.6,TRUE,1000,1000,1000,1.5,1000,10,5
1677,l,FALSE,0.05,09:16,15:10,15:20,1,1.5,4,-100,100,170,2,1,2,20,50,1000,0.3,0.6,TRUE,1000,1000,1000,1.5,1000,10,5
1678,l,FALSE,0.05,09:16,15:10,15:20,1,1.5,4,-100,100,170,2,1,1000,30,100,1000,0.3,0.6,TRUE,1000,1000,1000,1.5,1000,10,5
1679,l,FALSE,0.05,09:16,15:10,15:20,1,1.5,4,-100,100,170,2,1,6,30,100,1000,0.3,0.6,TRUE,1000,1000,1000,1.5,1000,10,5
1680,l,FALSE,0.05,09:16,15:10,15:20,1,1.5,4,-100,100,170,2,1,1.5,20,50,1000,0.3,0.6,TRUE,1000,1000,1000,1.5,1000,10,5
1681,l,FALSE,0.05,09:16,15:10,15:20,1,1.5,4,-100,100,170,2,1.5,1000,30,100,1000,0.3,0.6,TRUE,1000,1000,1000,1.5,1000,10,5
1682,l,FALSE,0.05,09:16,15:10,15:15,1,1.5,4,-100,100,100,2,1.5,1000,30,175,1000,0.3,0.6,TRUE,1000,1000,1000,1.5,1000,10,5
1683,l,FALSE,0.05,09:16,15:10,15:15,1,1.5,4,-100,100,100,2,2.5,1000,30,175,1000,0.3,0.6,TRUE,1000,1000,1000,1.5,1000,10,5
1684,l,FALSE,0.05,09:16,15:10,15:15,1,1.5,4,-100,100,100,2,3,1000,30,175,1000,0.3,0.6,TRUE,1000,1000,1000,1.5,1000,10,5
1685,l,FALSE,0.05,09:16,15:10,15:15,1,1.5,4,-100,100,100,2,3,1000,30,200,1000,0.3,0.6,TRUE,1000,1000,1000,1.5,1000,10,5
1686,l,FALSE,0.05,09:16,15:10,15:15,1,1.5,4,-100,100,100,2,3.5,1000,30,175,1000,0.3,0.6,TRUE,1000,1000,1000,1.5,1000,10,5
1687,l,FALSE,0.05,09:16,15:10,15:15,1,1.5,4,-100,100,100,2,3.5,1000,30,200,1000,0.3,0.6,TRUE,1000,1000,1000,1.5,1000,10,5
1688,l,FALSE,0.05,09:16,15:10,15:15,1,1.5,4,-100,100,50,3,1.5,1000,15,150,175,0.3,0.6,TRUE,1000,1000,1000,1.5,1000,10,5
1689,l,FALSE,0.05,09:16,15:10,15:15,1,1.5,4,-100,100,50,3,1.5,3.5,15,150,175,0.3,0.6,TRUE,1000,1000,1000,1.5,1000,10,5
1690,l,FALSE,0.05,09:16,15:10,15:15,1,1.5,4,-100,100,50,3,1.5,1000,20,175,200,0.3,0.6,TRUE,1000,1000,1000,1.5,1000,10,5
1691,l,FALSE,0.05,09:16,15:10,15:15,1,1.5,4,-100,100,50,3,2,1000,20,175,200,0.3,0.6,TRUE,1000,1000,1000,1.5,1000,10,5
1692,l,FALSE,0.05,09:16,15:10,15:20,1,1.5,4,-100,100,170,2,1,1000,20,50,1000,0.3,0.7,TRUE,1000,1000,1000,1.5,1000,10,5
1693,l,FALSE,0.05,09:16,15:10,15:20,1,1.5,4,-100,100,170,2,1,6,20,50,1000,0.3,0.7,TRUE,1000,1000,1000,1.5,1000,10,5
1694,l,FALSE,0.05,09:16,15:10,15:20,1,1.5,4,-100,100,170,2,1,5.5,20,50,1000,0.3,0.7,TRUE,1000,1000,1000,1.5,1000,10,5
1695,l,FALSE,0.05,09:16,15:10,15:20,1,1.5,4,-100,100,170,2,1,5,20,50,1000,0.3,0.7,TRUE,1000,1000,1000,1.5,1000,10,5
1696,l,FALSE,0.05,09:16,15:10,15:20,1,1.5,4,-100,100,170,2,1,2,20,50,1000,0.3,0.7,TRUE,1000,1000,1000,1.5,1000,10,5
1697,l,FALSE,0.05,09:16,15:10,15:20,1,1.5,4,-100,100,170,2,1,1000,30,100,1000,0.3,0.7,TRUE,1000,1000,1000,1.5,1000,10,5
1698,l,FALSE,0.05,09:16,15:10,15:20,1,1.5,4,-100,100,170,2,1,6,30,100,1000,0.3,0.7,TRUE,1000,1000,1000,1.5,1000,10,5
1699,l,FALSE,0.05,09:16,15:10,15:20,1,1.5,4,-100,100,170,2,1,1.5,20,50,1000,0.3,0.7,TRUE,1000,1000,1000,1.5,1000,10,5
1700,l,FALSE,0.05,09:16,15:10,15:20,1,1.5,4,-100,100,170,2,1.5,1000,30,100,1000,0.3,0.7,TRUE,1000,1000,1000,1.5,1000,10,5
1701,l,FALSE,0.05,09:16,15:10,15:15,1,1.5,4,-100,100,100,2,1.5,1000,30,175,1000,0.3,0.7,TRUE,1000,1000,1000,1.5,1000,10,5
1702,l,FALSE,0.05,09:16,15:10,15:15,1,1.5,4,-100,100,100,2,2.5,1000,30,175,1000,0.3,0.7,TRUE,1000,1000,1000,1.5,1000,10,5
1703,l,FALSE,0.05,09:16,15:10,15:15,1,1.5,4,-100,100,100,2,3,1000,30,175,1000,0.3,0.7,TRUE,1000,1000,1000,1.5,1000,10,5
1704,l,FALSE,0.05,09:16,15:10,15:15,1,1.5,4,-100,100,100,2,3,1000,30,200,1000,0.3,0.7,TRUE,1000,1000,1000,1.5,1000,10,5
1705,l,FALSE,0.05,09:16,15:10,15:15,1,1.5,4,-100,100,100,2,3.5,1000,30,175,1000,0.3,0.7,TRUE,1000,1000,1000,1.5,1000,10,5
1706,l,FALSE,0.05,09:16,15:10,15:15,1,1.5,4,-100,100,100,2,3.5,1000,30,200,1000,0.3,0.7,TRUE,1000,1000,1000,1.5,1000,10,5
1707,l,FALSE,0.05,09:16,15:10,15:15,1,1.5,4,-100,100,50,3,1.5,1000,15,150,175,0.3,0.7,TRUE,1000,1000,1000,1.5,1000,10,5
1708,l,FALSE,0.05,09:16,15:10,15:15,1,1.5,4,-100,100,50,3,1.5,3.5,15,150,175,0.3,0.7,TRUE,1000,1000,1000,1.5,1000,10,5
1709,l,FALSE,0.05,09:16,15:10,15:15,1,1.5,4,-100,100,50,3,1.5,1000,20,175,200,0.3,0.7,TRUE,1000,1000,1000,1.5,1000,10,5
1710,l,FALSE,0.05,09:16,15:10,15:15,1,1.5,4,-100,100,50,3,2,1000,20,175,200,0.3,0.7,TRUE,1000,1000,1000,1.5,1000,10,5
1711,l,FALSE,0.05,09:16,15:10,15:20,1,1.5,4,-100,100,170,2,1,1000,20,50,1000,0.3,0.8,TRUE,1000,1000,1000,1.5,1000,10,5
1712,l,FALSE,0.05,09:16,15:10,15:20,1,1.5,4,-100,100,170,2,1,6,20,50,1000,0.3,0.8,TRUE,1000,1000,1000,1.5,1000,10,5
1713,l,FALSE,0.05,09:16,15:10,15:20,1,1.5,4,-100,100,170,2,1,5.5,20,50,1000,0.3,0.8,TRUE,1000,1000,1000,1.5,1000,10,5
1714,l,FALSE,0.05,09:16,15:10,15:20,1,1.5,4,-100,100,170,2,1,5,20,50,1000,0.3,0.8,TRUE,1000,1000,1000,1.5,1000,10,5
1715,l,FALSE,0.05,09:16,15:10,15:20,1,1.5,4,-100,100,170,2,1,2,20,50,1000,0.3,0.8,TRUE,1000,1000,1000,1.5,1000,10,5
1716,l,FALSE,0.05,09:16,15:10,15:20,1,1.5,4,-100,100,170,2,1,1000,30,100,1000,0.3,0.8,TRUE,1000,1000,1000,1.5,1000,10,5
1717,l,FALSE,0.05,09:16,15:10,15:20,1,1.5,4,-100,100,170,2,1,6,30,100,1000,0.3,0.8,TRUE,1000,1000,1000,1.5,1000,10,5
1718,l,FALSE,0.05,09:16,15:10,15:20,1,1.5,4,-100,100,170,2,1,1.5,20,50,1000,0.3,0.8,TRUE,1000,1000,1000,1.5,1000,10,5
1719,l,FALSE,0.05,09:16,15:10,15:20,1,1.5,4,-100,100,170,2,1.5,1000,30,100,1000,0.3,0.8,TRUE,1000,1000,1000,1.5,1000,10,5
1720,l,FALSE,0.05,09:16,15:10,15:15,1,1.5,4,-100,100,100,2,1.5,1000,30,175,1000,0.3,0.8,TRUE,1000,1000,1000,1.5,1000,10,5
1721,l,FALSE,0.05,09:16,15:10,15:15,1,1.5,4,-100,100,100,2,2.5,1000,30,175,1000,0.3,0.8,TRUE,1000,1000,1000,1.5,1000,10,5
1722,l,FALSE,0.05,09:16,15:10,15:15,1,1.5,4,-100,100,100,2,3,1000,30,175,1000,0.3,0.8,TRUE,1000,1000,1000,1.5,1000,10,5
1723,l,FALSE,0.05,09:16,15:10,15:15,1,1.5,4,-100,100,100,2,3,1000,30,200,1000,0.3,0.8,TRUE,1000,1000,1000,1.5,1000,10,5
1724,l,FALSE,0.05,09:16,15:10,15:15,1,1.5,4,-100,100,100,2,3.5,1000,30,175,1000,0.3,0.8,TRUE,1000,1000,1000,1.5,1000,10,5
1725,l,FALSE,0.05,09:16,15:10,15:15,1,1.5,4,-100,100,100,2,3.5,1000,30,200,1000,0.3,0.8,TRUE,1000,1000,1000,1.5,1000,10,5
1726,l,FALSE,0.05,09:16,15:10,15:15,1,1.5,4,-100,100,50,3,1.5,1000,15,150,175,0.3,0.8,TRUE,1000,1000,1000,1.5,1000,10,5
1727,l,FALSE,0.05,09:16,15:10,15:15,1,1.5,4,-100,100,50,3,1.5,3.5,15,150,175,0.3,0.8,TRUE,1000,1000,1000,1.5,1000,10,5
1728,l,FALSE,0.05,09:16,15:10,15:15,1,1.5,4,-100,100,50,3,1.5,1000,20,175,200,0.3,0.8,TRUE,1000,1000,1000,1.5,1000,10,5
1729,l,FALSE,0.05,09:16,15:10,15:15,1,1.5,4,-100,100,50,3,2,1000,20,175,200,0.3,0.8,TRUE,1000,1000,1000,1.5,1000,10,5
1730,l,FALSE,0.05,09:16,15:10,15:20,1,1.5,4,-100,100,170,2,1,1000,20,50,1000,0.3,0.9,TRUE,1000,1000,1000,1.5,1000,10,5
1731,l,FALSE,0.05,09:16,15:10,15:20,1,1.5,4,-100,100,170,2,1,6,20,50,1000,0.3,0.9,TRUE,1000,1000,1000,1.5,1000,10,5
1732,l,FALSE,0.05,09:16,15:10,15:20,1,1.5,4,-100,100,170,2,1,5.5,20,50,1000,0.3,0.9,TRUE,1000,1000,1000,1.5,1000,10,5
1733,l,FALSE,0.05,09:16,15:10,15:20,1,1.5,4,-100,100,170,2,1,5,20,50,1000,0.3,0.9,TRUE,1000,1000,1000,1.5,1000,10,5
1734,l,FALSE,0.05,09:16,15:10,15:20,1,1.5,4,-100,100,170,2,1,2,20,50,1000,0.3,0.9,TRUE,1000,1000,1000,1.5,1000,10,5
1735,l,FALSE,0.05,09:16,15:10,15:20,1,1.5,4,-100,100,170,2,1,1000,30,100,1000,0.3,0.9,TRUE,1000,1000,1000,1.5,1000,10,5
1736,l,FALSE,0.05,09:16,15:10,15:20,1,1.5,4,-100,100,170,2,1,6,30,100,1000,0.3,0.9,TRUE,1000,1000,1000,1.5,1000,10,5
1737,l,FALSE,0.05,09:16,15:10,15:20,1,1.5,4,-100,100,170,2,1,1.5,20,50,1000,0.3,0.9,TRUE,1000,1000,1000,1.5,1000,10,5
1738,l,FALSE,0.05,09:16,15:10,15:20,1,1.5,4,-100,100,170,2,1.5,1000,30,100,1000,0.3,0.9,TRUE,1000,1000,1000,1.5,1000,10,5
1739,l,FALSE,0.05,09:16,15:10,15:15,1,1.5,4,-100,100,100,2,1.5,1000,30,175,1000,0.3,0.9,TRUE,1000,1000,1000,1.5,1000,10,5
1740,l,FALSE,0.05,09:16,15:10,15:15,1,1.5,4,-100,100,100,2,2.5,1000,30,175,1000,0.3,0.9,TRUE,1000,1000,1000,1.5,1000,10,5
1741,l,FALSE,0.05,09:16,15:10,15:15,1,1.5,4,-100,100,100,2,3,1000,30,175,1000,0.3,0.9,TRUE,1000,1000,1000,1.5,1000,10,5
1742,l,FALSE,0.05,09:16,15:10,15:15,1,1.5,4,-100,100,100,2,3,1000,30,200,1000,0.3,0.9,TRUE,1000,1000,1000,1.5,1000,10,5
1743,l,FALSE,0.05,09:16,15:10,15:15,1,1.5,4,-100,100,100,2,3.5,1000,30,175,1000,0.3,0.9,TRUE,1000,1000,1000,1.5,1000,10,5
1744,l,FALSE,0.05,09:16,15:10,15:15,1,1.5,4,-100,100,100,2,3.5,1000,30,200,1000,0.3,0.9,TRUE,1000,1000,1000,1.5,1000,10,5
1745,l,FALSE,0.05,09:16,15:10,15:15,1,1.5,4,-100,100,50,3,1.5,1000,15,150,175,0.3,0.9,TRUE,1000,1000,1000,1.5,1000,10,5
1746,l,FALSE,0.05,09:16,15:10,15:15,1,1.5,4,-100,100,50,3,1.5,3.5,15,150,175,0.3,0.9,TRUE,1000,1000,1000,1.5,1000,10,5
1747,l,FALSE,0.05,09:16,15:10,15:15,1,1.5,4,-100,100,50,3,1.5,1000,20,175,200,0.3,0.9,TRUE,1000,1000,1000,1.5,1000,10,5
1748,l,FALSE,0.05,09:16,15:10,15:15,1,1.5,4,-100,100,50,3,2,1000,20,175,200,0.3,0.9,TRUE,1000,1000,1000,1.5,1000,10,5
1749,l,FALSE,0.05,09:16,15:10,15:20,1,1.5,4,-100,100,170,2,1,1000,20,50,1000,0.3,1,TRUE,1000,1000,1000,1.5,1000,10,5
1750,l,FALSE,0.05,09:16,15:10,15:20,1,1.5,4,-100,100,170,2,1,6,20,50,1000,0.3,1,TRUE,1000,1000,1000,1.5,1000,10,5
1751,l,FALSE,0.05,09:16,15:10,15:20,1,1.5,4,-100,100,170,2,1,5.5,20,50,1000,0.3,1,TRUE,1000,1000,1000,1.5,1000,10,5
1752,l,FALSE,0.05,09:16,15:10,15:20,1,1.5,4,-100,100,170,2,1,5,20,50,1000,0.3,1,TRUE,1000,1000,1000,1.5,1000,10,5
1753,l,FALSE,0.05,09:16,15:10,15:20,1,1.5,4,-100,100,170,2,1,2,20,50,1000,0.3,1,TRUE,1000,1000,1000,1.5,1000,10,5
1754,l,FALSE,0.05,09:16,15:10,15:20,1,1.5,4,-100,100,170,2,1,1000,30,100,1000,0.3,1,TRUE,1000,1000,1000,1.5,1000,10,5
1755,l,FALSE,0.05,09:16,15:10,15:20,1,1.5,4,-100,100,170,2,1,6,30,100,1000,0.3,1,TRUE,1000,1000,1000,1.5,1000,10,5
1756,l,FALSE,0.05,09:16,15:10,15:20,1,1.5,4,-100,100,170,2,1,1.5,20,50,1000,0.3,1,TRUE,1000,1000,1000,1.5,1000,10,5
1757,l,FALSE,0.05,09:16,15:10,15:20,1,1.5,4,-100,100,170,2,1.5,1000,30,100,1000,0.3,1,TRUE,1000,1000,1000,1.5,1000,10,5
1758,l,FALSE,0.05,09:16,15:10,15:15,1,1.5,4,-100,100,100,2,1.5,1000,30,175,1000,0.3,1,TRUE,1000,1000,1000,1.5,1000,10,5
1759,l,FALSE,0.05,09:16,15:10,15:15,1,1.5,4,-100,100,100,2,2.5,1000,30,175,1000,0.3,1,TRUE,1000,1000,1000,1.5,1000,10,5
1760,l,FALSE,0.05,09:16,15:10,15:15,1,1.5,4,-100,100,100,2,3,1000,30,175,1000,0.3,1,TRUE,1000,1000,1000,1.5,1000,10,5
1761,l,FALSE,0.05,09:16,15:10,15:15,1,1.5,4,-100,100,100,2,3,1000,30,200,1000,0.3,1,TRUE,1000,1000,1000,1.5,1000,10,5
1762,l,FALSE,0.05,09:16,15:10,15:15,1,1.5,4,-100,100,100,2,3.5,1000,30,175,1000,0.3,1,TRUE,1000,1000,1000,1.5,1000,10,5
1763,l,FALSE,0.05,09:16,15:10,15:15,1,1.5,4,-100,100,100,2,3.5,1000,30,200,1000,0.3,1,TRUE,1000,1000,1000,1.5,1000,10,5
1764,l,FALSE,0.05,09:16,15:10,15:15,1,1.5,4,-100,100,50,3,1.5,1000,15,150,175,0.3,1,TRUE,1000,1000,1000,1.5,1000,10,5
1765,l,FALSE,0.05,09:16,15:10,15:15,1,1.5,4,-100,100,50,3,1.5,3.5,15,150,175,0.3,1,TRUE,1000,1000,1000,1.5,1000,10,5
1766,l,FALSE,0.05,09:16,15:10,15:15,1,1.5,4,-100,100,50,3,1.5,1000,20,175,200,0.3,1,TRUE,1000,1000,1000,1.5,1000,10,5
1767,l,FALSE,0.05,09:16,15:10,15:15,1,1.5,4,-100,100,50,3,2,1000,20,175,200,0.3,1,TRUE,1000,1000,1000,1.5,1000,10,5
1768,l,FALSE,0.05,09:16,15:10,15:20,1,1.5,4,-100,100,170,2,1,1000,20,50,1000,0.35,0.4,TRUE,1000,1000,1000,1.5,1000,10,5
1769,l,FALSE,0.05,09:16,15:10,15:20,1,1.5,4,-100,100,170,2,1,6,20,50,1000,0.35,0.4,TRUE,1000,1000,1000,1.5,1000,10,5
1770,l,FALSE,0.05,09:16,15:10,15:20,1,1.5,4,-100,100,170,2,1,5.5,20,50,1000,0.35,0.4,TRUE,1000,1000,1000,1.5,1000,10,5
1771,l,FALSE,0.05,09:16,15:10,15:20,1,1.5,4,-100,100,170,2,1,5,20,50,1000,0.35,0.4,TRUE,1000,1000,1000,1.5,1000,10,5
1772,l,FALSE,0.05,09:16,15:10,15:20,1,1.5,4,-100,100,170,2,1,2,20,50,1000,0.35,0.4,TRUE,1000,1000,1000,1.5,1000,10,5
1773,l,FALSE,0.05,09:16,15:10,15:20,1,1.5,4,-100,100,170,2,1,1000,30,100,1000,0.35,0.4,TRUE,1000,1000,1000,1.5,1000,10,5
1774,l,FALSE,0.05,09:16,15:10,15:20,1,1.5,4,-100,100,170,2,1,6,30,100,1000,0.35,0.4,TRUE,1000,1000,1000,1.5,1000,10,5
1775,l,FALSE,0.05,09:16,15:10,15:20,1,1.5,4,-100,100,170,2,1,1.5,20,50,1000,0.35,0.4,TRUE,1000,1000,1000,1.5,1000,10,5
1776,l,FALSE,0.05,09:16,15:10,15:20,1,1.5,4,-100,100,170,2,1.5,1000,30,100,1000,0.35,0.4,TRUE,1000,1000,1000,1.5,1000,10,5
1777,l,FALSE,0.05,09:16,15:10,15:15,1,1.5,4,-100,100,100,2,1.5,1000,30,175,1000,0.35,0.4,TRUE,1000,1000,1000,1.5,1000,10,5
1778,l,FALSE,0.05,09:16,15:10,15:15,1,1.5,4,-100,100,100,2,2.5,1000,30,175,1000,0.35,0.4,TRUE,1000,1000,1000,1.5,1000,10,5
1779,l,FALSE,0.05,09:16,15:10,15:15,1,1.5,4,-100,100,100,2,3,1000,30,175,1000,0.35,0.4,TRUE,1000,1000,1000,1.5,1000,10,5
1780,l,FALSE,0.05,09:16,15:10,15:15,1,1.5,4,-100,100,100,2,3,1000,30,200,1000,0.35,0.4,TRUE,1000,1000,1000,1.5,1000,10,5
1781,l,FALSE,0.05,09:16,15:10,15:15,1,1.5,4,-100,100,100,2,3.5,1000,30,175,1000,0.35,0.4,TRUE,1000,1000,1000,1.5,1000,10,5
1782,l,FALSE,0.05,09:16,15:10,15:15,1,1.5,4,-100,100,100,2,3.5,1000,30,200,1000,0.35,0.4,TRUE,1000,1000,1000,1.5,1000,10,5
1783,l,FALSE,0.05,09:16,15:10,15:15,1,1.5,4,-100,100,50,3,1.5,1000,15,150,175,0.35,0.4,TRUE,1000,1000,1000,1.5,1000,10,5
1784,l,FALSE,0.05,09:16,15:10,15:15,1,1.5,4,-100,100,50,3,1.5,3.5,15,150,175,0.35,0.4,TRUE,1000,1000,1000,1.5,1000,10,5
1785,l,FALSE,0.05,09:16,15:10,15:15,1,1.5,4,-100,100,50,3,1.5,1000,20,175,200,0.35,0.4,TRUE,1000,1000,1000,1.5,1000,10,5
1786,l,FALSE,0.05,09:16,15:10,15:15,1,1.5,4,-100,100,50,3,2,1000,20,175,200,0.35,0.4,TRUE,1000,1000,1000,1.5,1000,10,5
1787,l,FALSE,0.05,09:16,15:10,15:20,1,1.5,4,-100,100,170,2,1,1000,20,50,1000,0.35,0.45,TRUE,1000,1000,1000,1.5,1000,10,5
1788,l,FALSE,0.05,09:16,15:10,15:20,1,1.5,4,-100,100,170,2,1,6,20,50,1000,0.35,0.45,TRUE,1000,1000,1000,1.5,1000,10,5
1789,l,FALSE,0.05,09:16,15:10,15:20,1,1.5,4,-100,100,170,2,1,5.5,20,50,1000,0.35,0.45,TRUE,1000,1000,1000,1.5,1000,10,5
1790,l,FALSE,0.05,09:16,15:10,15:20,1,1.5,4,-100,100,170,2,1,5,20,50,1000,0.35,0.45,TRUE,1000,1000,1000,1.5,1000,10,5
1791,l,FALSE,0.05,09:16,15:10,15:20,1,1.5,4,-100,100,170,2,1,2,20,50,1000,0.35,0.45,TRUE,1000,1000,1000,1.5,1000,10,5
1792,l,FALSE,0.05,09:16,15:10,15:20,1,1.5,4,-100,100,170,2,1,1000,30,100,1000,0.35,0.45,TRUE,1000,1000,1000,1.5,1000,10,5
1793,l,FALSE,0.05,09:16,15:10,15:20,1,1.5,4,-100,100,170,2,1,6,30,100,1000,0.35,0.45,TRUE,1000,1000,1000,1.5,1000,10,5
1794,l,FALSE,0.05,09:16,15:10,15:20,1,1.5,4,-100,100,170,2,1,1.5,20,50,1000,0.35,0.45,TRUE,1000,1000,1000,1.5,1000,10,5
1795,l,FALSE,0.05,09:16,15:10,15:20,1,1.5,4,-100,100,170,2,1.5,1000,30,100,1000,0.35,0.45,TRUE,1000,1000,1000,1.5,1000,10,5
1796,l,FALSE,0.05,09:16,15:10,15:15,1,1.5,4,-100,100,100,2,1.5,1000,30,175,1000,0.35,0.45,TRUE,1000,1000,1000,1.5,1000,10,5
1797,l,FALSE,0.05,09:16,15:10,15:15,1,1.5,4,-100,100,100,2,2.5,1000,30,175,1000,0.35,0.45,TRUE,1000,1000,1000,1.5,1000,10,5
1798,l,FALSE,0.05,09:16,15:10,15:15,1,1.5,4,-100,100,100,2,3,1000,30,175,1000,0.35,0.45,TRUE,1000,1000,1000,1.5,1000,10,5
1799,l,FALSE,0.05,09:16,15:10,15:15,1,1.5,4,-100,100,100,2,3,1000,30,200,1000,0.35,0.45,TRUE,1000,1000,1000,1.5,1000,10,5
1800,l,FALSE,0.05,09:16,15:10,15:15,1,1.5,4,-100,100,100,2,3.5,1000,30,175,1000,0.35,0.45,TRUE,1000,1000,1000,1.5,1000,10,5
1801,l,FALSE,0.05,09:16,15:10,15:15,1,1.5,4,-100,100,100,2,3.5,1000,30,200,1000,0.35,0.45,TRUE,1000,1000,1000,1.5,1000,10,5
1802,l,FALSE,0.05,09:16,15:10,15:15,1,1.5,4,-100,100,50,3,1.5,1000,15,150,175,0.35,0.45,TRUE,1000,1000,1000,1.5,1000,10,5
1803,l,FALSE,0.05,09:16,15:10,15:15,1,1.5,4,-100,100,50,3,1.5,3.5,15,150,175,0.35,0.45,TRUE,1000,1000,1000,1.5,1000,10,5
1804,l,FALSE,0.05,09:16,15:10,15:15,1,1.5,4,-100,100,50,3,1.5,1000,20,175,200,0.35,0.45,TRUE,1000,1000,1000,1.5,1000,10,5
1805,l,FALSE,0.05,09:16,15:10,15:15,1,1.5,4,-100,100,50,3,2,1000,20,175,200,0.35,0.45,TRUE,1000,1000,1000,1.5,1000,10,5
1806,l,FALSE,0.05,09:16,15:10,15:20,1,1.5,4,-100,100,170,2,1,1000,20,50,1000,0.35,0.5,TRUE,1000,1000,1000,1.5,1000,10,5
1807,l,FALSE,0.05,09:16,15:10,15:20,1,1.5,4,-100,100,170,2,1,6,20,50,1000,0.35,0.5,TRUE,1000,1000,1000,1.5,1000,10,5
1808,l,FALSE,0.05,09:16,15:10,15:20,1,1.5,4,-100,100,170,2,1,5.5,20,50,1000,0.35,0.5,TRUE,1000,1000,1000,1.5,1000,10,5
1809,l,FALSE,0.05,09:16,15:10,15:20,1,1.5,4,-100,100,170,2,1,5,20,50,1000,0.35,0.5,TRUE,1000,1000,1000,1.5,1000,10,5
1810,l,FALSE,0.05,09:16,15:10,15:20,1,1.5,4,-100,100,170,2,1,2,20,50,1000,0.35,0.5,TRUE,1000,1000,1000,1.5,1000,10,5
1811,l,FALSE,0.05,09:16,15:10,15:20,1,1.5,4,-100,100,170,2,1,1000,30,100,1000,0.35,0.5,TRUE,1000,1000,1000,1.5,1000,10,5
1812,l,FALSE,0.05,09:16,15:10,15:20,1,1.5,4,-100,100,170,2,1,6,30,100,1000,0.35,0.5,TRUE,1000,1000,1000,1.5,1000,10,5
1813,l,FALSE,0.05,09:16,15:10,15:20,1,1.5,4,-100,100,170,2,1,1.5,20,50,1000,0.35,0.5,TRUE,1000,1000,1000,1.5,1000,10,5
1814,l,FALSE,0.05,09:16,15:10,15:20,1,1.5,4,-100,100,170,2,1.5,1000,30,100,1000,0.35,0.5,TRUE,1000,1000,1000,1.5,1000,10,5
1815,l,FALSE,0.05,09:16,15:10,15:15,1,1.5,4,-100,100,100,2,1.5,1000,30,175,1000,0.35,0.5,TRUE,1000,1000,1000,1.5,1000,10,5
1816,l,FALSE,0.05,09:16,15:10,15:15,1,1.5,4,-100,100,100,2,2.5,1000,30,175,1000,0.35,0.5,TRUE,1000,1000,1000,1.5,1000,10,5
1817,l,FALSE,0.05,09:16,15:10,15:15,1,1.5,4,-100,100,100,2,3,1000,30,175,1000,0.35,0.5,TRUE,1000,1000,1000,1.5,1000,10,5
1818,l,FALSE,0.05,09:16,15:10,15:15,1,1.5,4,-100,100,100,2,3,1000,30,200,1000,0.35,0.5,TRUE,1000,1000,1000,1.5,1000,10,5
1819,l,FALSE,0.05,09:16,15:10,15:15,1,1.5,4,-100,100,100,2,3.5,1000,30,175,1000,0.35,0.5,TRUE,1000,1000,1000,1.5,1000,10,5
1820,l,FALSE,0.05,09:16,15:10,15:15,1,1.5,4,-100,100,100,2,3.5,1000,30,200,1000,0.35,0.5,TRUE,1000,1000,1000,1.5,1000,10,5
1821,l,FALSE,0.05,09:16,15:10,15:15,1,1.5,4,-100,100,50,3,1.5,1000,15,150,175,0.35,0.5,TRUE,1000,1000,1000,1.5,1000,10,5
1822,l,FALSE,0.05,09:16,15:10,15:15,1,1.5,4,-100,100,50,3,1.5,3.5,15,150,175,0.35,0.5,TRUE,1000,1000,1000,1.5,1000,10,5
1823,l,FALSE,0.05,09:16,15:10,15:15,1,1.5,4,-100,100,50,3,1.5,1000,20,175,200,0.35,0.5,TRUE,1000,1000,1000,1.5,1000,10,5
1824,l,FALSE,0.05,09:16,15:10,15:15,1,1.5,4,-100,100,50,3,2,1000,20,175,200,0.35,0.5,TRUE,1000,1000,1000,1.5,1000,10,5
1825,l,FALSE,0.05,09:16,15:10,15:20,1,1.5,4,-100,100,170,2,1,1000,20,50,1000,0.35,0.6,TRUE,1000,1000,1000,1.5,1000,10,5
1826,l,FALSE,0.05,09:16,15:10,15:20,1,1.5,4,-100,100,170,2,1,6,20,50,1000,0.35,0.6,TRUE,1000,1000,1000,1.5,1000,10,5
1827,l,FALSE,0.05,09:16,15:10,15:20,1,1.5,4,-100,100,170,2,1,5.5,20,50,1000,0.35,0.6,TRUE,1000,1000,1000,1.5,1000,10,5
1828,l,FALSE,0.05,09:16,15:10,15:20,1,1.5,4,-100,100,170,2,1,5,20,50,1000,0.35,0.6,TRUE,1000,1000,1000,1.5,1000,10,5
1829,l,FALSE,0.05,09:16,15:10,15:20,1,1.5,4,-100,100,170,2,1,2,20,50,1000,0.35,0.6,TRUE,1000,1000,1000,1.5,1000,10,5
1830,l,FALSE,0.05,09:16,15:10,15:20,1,1.5,4,-100,100,170,2,1,1000,30,100,1000,0.35,0.6,TRUE,1000,1000,1000,1.5,1000,10,5
1831,l,FALSE,0.05,09:16,15:10,15:20,1,1.5,4,-100,100,170,2,1,6,30,100,1000,0.35,0.6,TRUE,1000,1000,1000,1.5,1000,10,5
1832,l,FALSE,0.05,09:16,15:10,15:20,1,1.5,4,-100,100,170,2,1,1.5,20,50,1000,0.35,0.6,TRUE,1000,1000,1000,1.5,1000,10,5
1833,l,FALSE,0.05,09:16,15:10,15:20,1,1.5,4,-100,100,170,2,1.5,1000,30,100,1000,0.35,0.6,TRUE,1000,1000,1000,1.5,1000,10,5
1834,l,FALSE,0.05,09:16,15:10,15:15,1,1.5,4,-100,100,100,2,1.5,1000,30,175,1000,0.35,0.6,TRUE,1000,1000,1000,1.5,1000,10,5
1835,l,FALSE,0.05,09:16,15:10,15:15,1,1.5,4,-100,100,100,2,2.5,1000,30,175,1000,0.35,0.6,TRUE,1000,1000,1000,1.5,1000,10,5
1836,l,FALSE,0.05,09:16,15:10,15:15,1,1.5,4,-100,100,100,2,3,1000,30,175,1000,0.35,0.6,TRUE,1000,1000,1000,1.5,1000,10,5
1837,l,FALSE,0.05,09:16,15:10,15:15,1,1.5,4,-100,100,100,2,3,1000,30,200,1000,0.35,0.6,TRUE,1000,1000,1000,1.5,1000,10,5
1838,l,FALSE,0.05,09:16,15:10,15:15,1,1.5,4,-100,100,100,2,3.5,1000,30,175,1000,0.35,0.6,TRUE,1000,1000,1000,1.5,1000,10,5
1839,l,FALSE,0.05,09:16,15:10,15:15,1,1.5,4,-100,100,100,2,3.5,1000,30,200,1000,0.35,0.6,TRUE,1000,1000,1000,1.5,1000,10,5
1840,l,FALSE,0.05,09:16,15:10,15:15,1,1.5,4,-100,100,50,3,1.5,1000,15,150,175,0.35,0.6,TRUE,1000,1000,1000,1.5,1000,10,5
1841,l,FALSE,0.05,09:16,15:10,15:15,1,1.5,4,-100,100,50,3,1.5,3.5,15,150,175,0.35,0.6,TRUE,1000,1000,1000,1.5,1000,10,5
1842,l,FALSE,0.05,09:16,15:10,15:15,1,1.5,4,-100,100,50,3,1.5,1000,20,175,200,0.35,0.6,TRUE,1000,1000,1000,1.5,1000,10,5
1843,l,FALSE,0.05,09:16,15:10,15:15,1,1.5,4,-100,100,50,3,2,1000,20,175,200,0.35,0.6,TRUE,1000,1000,1000,1.5,1000,10,5
1844,l,FALSE,0.05,09:16,15:10,15:20,1,1.5,4,-100,100,170,2,1,1000,20,50,1000,0.35,0.7,TRUE,1000,1000,1000,1.5,1000,10,5
1845,l,FALSE,0.05,09:16,15:10,15:20,1,1.5,4,-100,100,170,2,1,6,20,50,1000,0.35,0.7,TRUE,1000,1000,1000,1.5,1000,10,5
1846,l,FALSE,0.05,09:16,15:10,15:20,1,1.5,4,-100,100,170,2,1,5.5,20,50,1000,0.35,0.7,TRUE,1000,1000,1000,1.5,1000,10,5
1847,l,FALSE,0.05,09:16,15:10,15:20,1,1.5,4,-100,100,170,2,1,5,20,50,1000,0.35,0.7,TRUE,1000,1000,1000,1.5,1000,10,5
1848,l,FALSE,0.05,09:16,15:10,15:20,1,1.5,4,-100,100,170,2,1,2,20,50,1000,0.35,0.7,TRUE,1000,1000,1000,1.5,1000,10,5
1849,l,FALSE,0.05,09:16,15:10,15:20,1,1.5,4,-100,100,170,2,1,1000,30,100,1000,0.35,0.7,TRUE,1000,1000,1000,1.5,1000,10,5
1850,l,FALSE,0.05,09:16,15:10,15:20,1,1.5,4,-100,100,170,2,1,6,30,100,1000,0.35,0.7,TRUE,1000,1000,1000,1.5,1000,10,5
1851,l,FALSE,0.05,09:16,15:10,15:20,1,1.5,4,-100,100,170,2,1,1.5,20,50,1000,0.35,0.7,TRUE,1000,1000,1000,1.5,1000,10,5
1852,l,FALSE,0.05,09:16,15:10,15:20,1,1.5,4,-100,100,170,2,1.5,1000,30,100,1000,0.35,0.7,TRUE,1000,1000,1000,1.5,1000,10,5
1853,l,FALSE,0.05,09:16,15:10,15:15,1,1.5,4,-100,100,100,2,1.5,1000,30,175,1000,0.35,0.7,TRUE,1000,1000,1000,1.5,1000,10,5
1854,l,FALSE,0.05,09:16,15:10,15:15,1,1.5,4,-100,100,100,2,2.5,1000,30,175,1000,0.35,0.7,TRUE,1000,1000,1000,1.5,1000,10,5
1855,l,FALSE,0.05,09:16,15:10,15:15,1,1.5,4,-100,100,100,2,3,1000,30,175,1000,0.35,0.7,TRUE,1000,1000,1000,1.5,1000,10,5
1856,l,FALSE,0.05,09:16,15:10,15:15,1,1.5,4,-100,100,100,2,3,1000,30,200,1000,0.35,0.7,TRUE,1000,1000,1000,1.5,1000,10,5
1857,l,FALSE,0.05,09:16,15:10,15:15,1,1.5,4,-100,100,100,2,3.5,1000,30,175,1000,0.35,0.7,TRUE,1000,1000,1000,1.5,1000,10,5
1858,l,FALSE,0.05,09:16,15:10,15:15,1,1.5,4,-100,100,100,2,3.5,1000,30,200,1000,0.35,0.7,TRUE,1000,1000,1000,1.5,1000,10,5
1859,l,FALSE,0.05,09:16,15:10,15:15,1,1.5,4,-100,100,50,3,1.5,1000,15,150,175,0.35,0.7,TRUE,1000,1000,1000,1.5,1000,10,5
1860,l,FALSE,0.05,09:16,15:10,15:15,1,1.5,4,-100,100,50,3,1.5,3.5,15,150,175,0.35,0.7,TRUE,1000,1000,1000,1.5,1000,10,5
1861,l,FALSE,0.05,09:16,15:10,15:15,1,1.5,4,-100,100,50,3,1.5,1000,20,175,200,0.35,0.7,TRUE,1000,1000,1000,1.5,1000,10,5
1862,l,FALSE,0.05,09:16,15:10,15:15,1,1.5,4,-100,100,50,3,2,1000,20,175,200,0.35,0.7,TRUE,1000,1000,1000,1.5,1000,10,5
1863,l,FALSE,0.05,09:16,15:10,15:20,1,1.5,4,-100,100,170,2,1,1000,20,50,1000,0.35,0.8,TRUE,1000,1000,1000,1.5,1000,10,5
1864,l,FALSE,0.05,09:16,15:10,15:20,1,1.5,4,-100,100,170,2,1,6,20,50,1000,0.35,0.8,TRUE,1000,1000,1000,1.5,1000,10,5
1865,l,FALSE,0.05,09:16,15:10,15:20,1,1.5,4,-100,100,170,2,1,5.5,20,50,1000,0.35,0.8,TRUE,1000,1000,1000,1.5,1000,10,5
1866,l,FALSE,0.05,09:16,15:10,15:20,1,1.5,4,-100,100,170,2,1,5,20,50,1000,0.35,0.8,TRUE,1000,1000,1000,1.5,1000,10,5
1867,l,FALSE,0.05,09:16,15:10,15:20,1,1.5,4,-100,100,170,2,1,2,20,50,1000,0.35,0.8,TRUE,1000,1000,1000,1.5,1000,10,5
1868,l,FALSE,0.05,09:16,15:10,15:20,1,1.5,4,-100,100,170,2,1,1000,30,100,1000,0.35,0.8,TRUE,1000,1000,1000,1.5,1000,10,5
1869,l,FALSE,0.05,09:16,15:10,15:20,1,1.5,4,-100,100,170,2,1,6,30,100,1000,0.35,0.8,TRUE,1000,1000,1000,1.5,1000,10,5
1870,l,FALSE,0.05,09:16,15:10,15:20,1,1.5,4,-100,100,170,2,1,1.5,20,50,1000,0.35,0.8,TRUE,1000,1000,1000,1.5,1000,10,5
1871,l,FALSE,0.05,09:16,15:10,15:20,1,1.5,4,-100,100,170,2,1.5,1000,30,100,1000,0.35,0.8,TRUE,1000,1000,1000,1.5,1000,10,5
1872,l,FALSE,0.05,09:16,15:10,15:15,1,1.5,4,-100,100,100,2,1.5,1000,30,175,1000,0.35,0.8,TRUE,1000,1000,1000,1.5,1000,10,5
1873,l,FALSE,0.05,09:16,15:10,15:15,1,1.5,4,-100,100,100,2,2.5,1000,30,175,1000,0.35,0.8,TRUE,1000,1000,1000,1.5,1000,10,5
1874,l,FALSE,0.05,09:16,15:10,15:15,1,1.5,4,-100,100,100,2,3,1000,30,175,1000,0.35,0.8,TRUE,1000,1000,1000,1.5,1000,10,5
1875,l,FALSE,0.05,09:16,15:10,15:15,1,1.5,4,-100,100,100,2,3,1000,30,200,1000,0.35,0.8,TRUE,1000,1000,1000,1.5,1000,10,5
1876,l,FALSE,0.05,09:16,15:10,15:15,1,1.5,4,-100,100,100,2,3.5,1000,30,175,1000,0.35,0.8,TRUE,1000,1000,1000,1.5,1000,10,5
1877,l,FALSE,0.05,09:16,15:10,15:15,1,1.5,4,-100,100,100,2,3.5,1000,30,200,1000,0.35,0.8,TRUE,1000,1000,1000,1.5,1000,10,5
1878,l,FALSE,0.05,09:16,15:10,15:15,1,1.5,4,-100,100,50,3,1.5,1000,15,150,175,0.35,0.8,TRUE,1000,1000,1000,1.5,1000,10,5
1879,l,FALSE,0.05,09:16,15:10,15:15,1,1.5,4,-100,100,50,3,1.5,3.5,15,150,175,0.35,0.8,TRUE,1000,1000,1000,1.5,1000,10,5
1880,l,FALSE,0.05,09:16,15:10,15:15,1,1.5,4,-100,100,50,3,1.5,1000,20,175,200,0.35,0.8,TRUE,1000,1000,1000,1.5,1000,10,5
1881,l,FALSE,0.05,09:16,15:10,15:15,1,1.5,4,-100,100,50,3,2,1000,20,175,200,0.35,0.8,TRUE,1000,1000,1000,1.5,1000,10,5
1882,l,FALSE,0.05,09:16,15:10,15:20,1,1.5,4,-100,100,170,2,1,1000,20,50,1000,0.35,0.9,TRUE,1000,1000,1000,1.5,1000,10,5
1883,l,FALSE,0.05,09:16,15:10,15:20,1,1.5,4,-100,100,170,2,1,6,20,50,1000,0.35,0.9,TRUE,1000,1000,1000,1.5,1000,10,5
1884,l,FALSE,0.05,09:16,15:10,15:20,1,1.5,4,-100,100,170,2,1,5.5,20,50,1000,0.35,0.9,TRUE,1000,1000,1000,1.5,1000,10,5
1885,l,FALSE,0.05,09:16,15:10,15:20,1,1.5,4,-100,100,170,2,1,5,20,50,1000,0.35,0.9,TRUE,1000,1000,1000,1.5,1000,10,5
1886,l,FALSE,0.05,09:16,15:10,15:20,1,1.5,4,-100,100,170,2,1,2,20,50,1000,0.35,0.9,TRUE,1000,1000,1000,1.5,1000,10,5
1887,l,FALSE,0.05,09:16,15:10,15:20,1,1.5,4,-100,100,170,2,1,1000,30,100,1000,0.35,0.9,TRUE,1000,1000,1000,1.5,1000,10,5
1888,l,FALSE,0.05,09:16,15:10,15:20,1,1.5,4,-100,100,170,2,1,6,30,100,1000,0.35,0.9,TRUE,1000,1000,1000,1.5,1000,10,5
1889,l,FALSE,0.05,09:16,15:10,15:20,1,1.5,4,-100,100,170,2,1,1.5,20,50,1000,0.35,0.9,TRUE,1000,1000,1000,1.5,1000,10,5
1890,l,FALSE,0.05,09:16,15:10,15:20,1,1.5,4,-100,100,170,2,1.5,1000,30,100,1000,0.35,0.9,TRUE,1000,1000,1000,1.5,1000,10,5
1891,l,FALSE,0.05,09:16,15:10,15:15,1,1.5,4,-100,100,100,2,1.5,1000,30,175,1000,0.35,0.9,TRUE,1000,1000,1000,1.5,1000,10,5
1892,l,FALSE,0.05,09:16,15:10,15:15,1,1.5,4,-100,100,100,2,2.5,1000,30,175,1000,0.35,0.9,TRUE,1000,1000,1000,1.5,1000,10,5
1893,l,FALSE,0.05,09:16,15:10,15:15,1,1.5,4,-100,100,100,2,3,1000,30,175,1000,0.35,0.9,TRUE,1000,1000,1000,1.5,1000,10,5
1894,l,FALSE,0.05,09:16,15:10,15:15,1,1.5,4,-100,100,100,2,3,1000,30,200,1000,0.35,0.9,TRUE,1000,1000,1000,1.5,1000,10,5
1895,l,FALSE,0.05,09:16,15:10,15:15,1,1.5,4,-100,100,100,2,3.5,1000,30,175,1000,0.35,0.9,TRUE,1000,1000,1000,1.5,1000,10,5
1896,l,FALSE,0.05,09:16,15:10,15:15,1,1.5,4,-100,100,100,2,3.5,1000,30,200,1000,0.35,0.9,TRUE,1000,1000,1000,1.5,1000,10,5
1897,l,FALSE,0.05,09:16,15:10,15:15,1,1.5,4,-100,100,50,3,1.5,1000,15,150,175,0.35,0.9,TRUE,1000,1000,1000,1.5,1000,10,5
1898,l,FALSE,0.05,09:16,15:10,15:15,1,1.5,4,-100,100,50,3,1.5,3.5,15,150,175,0.35,0.9,TRUE,1000,1000,1000,1.5,1000,10,5
1899,l,FALSE,0.05,09:16,15:10,15:15,1,1.5,4,-100,100,50,3,1.5,1000,20,175,200,0.35,0.9,TRUE,1000,1000,1000,1.5,1000,10,5
1900,l,FALSE,0.05,09:16,15:10,15:15,1,1.5,4,-100,100,50,3,2,1000,20,175,200,0.35,0.9,TRUE,1000,1000,1000,1.5,1000,10,5
1901,l,FALSE,0.05,09:16,15:10,15:20,1,1.5,4,-100,100,170,2,1,1000,20,50,1000,0.35,1,TRUE,1000,1000,1000,1.5,1000,10,5
1902,l,FALSE,0.05,09:16,15:10,15:20,1,1.5,4,-100,100,170,2,1,6,20,50,1000,0.35,1,TRUE,1000,1000,1000,1.5,1000,10,5
1903,l,FALSE,0.05,09:16,15:10,15:20,1,1.5,4,-100,100,170,2,1,5.5,20,50,1000,0.35,1,TRUE,1000,1000,1000,1.5,1000,10,5
1904,l,FALSE,0.05,09:16,15:10,15:20,1,1.5,4,-100,100,170,2,1,5,20,50,1000,0.35,1,TRUE,1000,1000,1000,1.5,1000,10,5
1905,l,FALSE,0.05,09:16,15:10,15:20,1,1.5,4,-100,100,170,2,1,2,20,50,1000,0.35,1,TRUE,1000,1000,1000,1.5,1000,10,5
1906,l,FALSE,0.05,09:16,15:10,15:20,1,1.5,4,-100,100,170,2,1,1000,30,100,1000,0.35,1,TRUE,1000,1000,1000,1.5,1000,10,5
1907,l,FALSE,0.05,09:16,15:10,15:20,1,1.5,4,-100,100,170,2,1,6,30,100,1000,0.35,1,TRUE,1000,1000,1000,1.5,1000,10,5
1908,l,FALSE,0.05,09:16,15:10,15:20,1,1.5,4,-100,100,170,2,1,1.5,20,50,1000,0.35,1,TRUE,1000,1000,1000,1.5,1000,10,5
1909,l,FALSE,0.05,09:16,15:10,15:20,1,1.5,4,-100,100,170,2,1.5,1000,30,100,1000,0.35,1,TRUE,1000,1000,1000,1.5,1000,10,5
1910,l,FALSE,0.05,09:16,15:10,15:15,1,1.5,4,-100,100,100,2,1.5,1000,30,175,1000,0.35,1,TRUE,1000,1000,1000,1.5,1000,10,5
1911,l,FALSE,0.05,09:16,15:10,15:15,1,1.5,4,-100,100,100,2,2.5,1000,30,175,1000,0.35,1,TRUE,1000,1000,1000,1.5,1000,10,5
1912,l,FALSE,0.05,09:16,15:10,15:15,1,1.5,4,-100,100,100,2,3,1000,30,175,1000,0.35,1,TRUE,1000,1000,1000,1.5,1000,10,5
1913,l,FALSE,0.05,09:16,15:10,15:15,1,1.5,4,-100,100,100,2,3,1000,30,200,1000,0.35,1,TRUE,1000,1000,1000,1.5,1000,10,5
1914,l,FALSE,0.05,09:16,15:10,15:15,1,1.5,4,-100,100,100,2,3.5,1000,30,175,1000,0.35,1,TRUE,1000,1000,1000,1.5,1000,10,5
1915,l,FALSE,0.05,09:16,15:10,15:15,1,1.5,4,-100,100,100,2,3.5,1000,30,200,1000,0.35,1,TRUE,1000,1000,1000,1.5,1000,10,5
1916,l,FALSE,0.05,09:16,15:10,15:15,1,1.5,4,-100,100,50,3,1.5,1000,15,150,175,0.35,1,TRUE,1000,1000,1000,1.5,1000,10,5
1917,l,FALSE,0.05,09:16,15:10,15:15,1,1.5,4,-100,100,50,3,1.5,3.5,15,150,175,0.35,1,TRUE,1000,1000,1000,1.5,1000,10,5
1918,l,FALSE,0.05,09:16,15:10,15:15,1,1.5,4,-100,100,50,3,1.5,1000,20,175,200,0.35,1,TRUE,1000,1000,1000,1.5,1000,10,5
1919,l,FALSE,0.05,09:16,15:10,15:15,1,1.5,4,-100,100,50,3,2,1000,20,175,200,0.35,1,TRUE,1000,1000,1000,1.5,1000,10,5
1920,l,FALSE,0.05,09:16,15:10,15:20,1,1.5,4,-100,100,170,2,1,1000,20,50,1000,0.4,0.45,TRUE,1000,1000,1000,1.5,1000,10,5
1921,l,FALSE,0.05,09:16,15:10,15:20,1,1.5,4,-100,100,170,2,1,6,20,50,1000,0.4,0.45,TRUE,1000,1000,1000,1.5,1000,10,5
1922,l,FALSE,0.05,09:16,15:10,15:20,1,1.5,4,-100,100,170,2,1,5.5,20,50,1000,0.4,0.45,TRUE,1000,1000,1000,1.5,1000,10,5
1923,l,FALSE,0.05,09:16,15:10,15:20,1,1.5,4,-100,100,170,2,1,5,20,50,1000,0.4,0.45,TRUE,1000,1000,1000,1.5,1000,10,5
1924,l,FALSE,0.05,09:16,15:10,15:20,1,1.5,4,-100,100,170,2,1,2,20,50,1000,0.4,0.45,TRUE,1000,1000,1000,1.5,1000,10,5
1925,l,FALSE,0.05,09:16,15:10,15:20,1,1.5,4,-100,100,170,2,1,1000,30,100,1000,0.4,0.45,TRUE,1000,1000,1000,1.5,1000,10,5
1926,l,FALSE,0.05,09:16,15:10,15:20,1,1.5,4,-100,100,170,2,1,6,30,100,1000,0.4,0.45,TRUE,1000,1000,1000,1.5,1000,10,5
1927,l,FALSE,0.05,09:16,15:10,15:20,1,1.5,4,-100,100,170,2,1,1.5,20,50,1000,0.4,0.45,TRUE,1000,1000,1000,1.5,1000,10,5
1928,l,FALSE,0.05,09:16,15:10,15:20,1,1.5,4,-100,100,170,2,1.5,1000,30,100,1000,0.4,0.45,TRUE,1000,1000,1000,1.5,1000,10,5
1929,l,FALSE,0.05,09:16,15:10,15:15,1,1.5,4,-100,100,100,2,1.5,1000,30,175,1000,0.4,0.45,TRUE,1000,1000,1000,1.5,1000,10,5
1930,l,FALSE,0.05,09:16,15:10,15:15,1,1.5,4,-100,100,100,2,2.5,1000,30,175,1000,0.4,0.45,TRUE,1000,1000,1000,1.5,1000,10,5
1931,l,FALSE,0.05,09:16,15:10,15:15,1,1.5,4,-100,100,100,2,3,1000,30,175,1000,0.4,0.45,TRUE,1000,1000,1000,1.5,1000,10,5
1932,l,FALSE,0.05,09:16,15:10,15:15,1,1.5,4,-100,100,100,2,3,1000,30,200,1000,0.4,0.45,TRUE,1000,1000,1000,1.5,1000,10,5
1933,l,FALSE,0.05,09:16,15:10,15:15,1,1.5,4,-100,100,100,2,3.5,1000,30,175,1000,0.4,0.45,TRUE,1000,1000,1000,1.5,1000,10,5
1934,l,FALSE,0.05,09:16,15:10,15:15,1,1.5,4,-100,100,100,2,3.5,1000,30,200,1000,0.4,0.45,TRUE,1000,1000,1000,1.5,1000,10,5
1935,l,FALSE,0.05,09:16,15:10,15:15,1,1.5,4,-100,100,50,3,1.5,1000,15,150,175,0.4,0.45,TRUE,1000,1000,1000,1.5,1000,10,5
1936,l,FALSE,0.05,09:16,15:10,15:15,1,1.5,4,-100,100,50,3,1.5,3.5,15,150,175,0.4,0.45,TRUE,1000,1000,1000,1.5,1000,10,5
1937,l,FALSE,0.05,09:16,15:10,15:15,1,1.5,4,-100,100,50,3,1.5,1000,20,175,200,0.4,0.45,TRUE,1000,1000,1000,1.5,1000,10,5
1938,l,FALSE,0.05,09:16,15:10,15:15,1,1.5,4,-100,100,50,3,2,1000,20,175,200,0.4,0.45,TRUE,1000,1000,1000,1.5,1000,10,5
1939,l,FALSE,0.05,09:16,15:10,15:20,1,1.5,4,-100,100,170,2,1,1000,20,50,1000,0.4,0.5,TRUE,1000,1000,1000,1.5,1000,10,5
1940,l,FALSE,0.05,09:16,15:10,15:20,1,1.5,4,-100,100,170,2,1,6,20,50,1000,0.4,0.5,TRUE,1000,1000,1000,1.5,1000,10,5
1941,l,FALSE,0.05,09:16,15:10,15:20,1,1.5,4,-100,100,170,2,1,5.5,20,50,1000,0.4,0.5,TRUE,1000,1000,1000,1.5,1000,10,5
1942,l,FALSE,0.05,09:16,15:10,15:20,1,1.5,4,-100,100,170,2,1,5,20,50,1000,0.4,0.5,TRUE,1000,1000,1000,1.5,1000,10,5
1943,l,FALSE,0.05,09:16,15:10,15:20,1,1.5,4,-100,100,170,2,1,2,20,50,1000,0.4,0.5,TRUE,1000,1000,1000,1.5,1000,10,5
1944,l,FALSE,0.05,09:16,15:10,15:20,1,1.5,4,-100,100,170,2,1,1000,30,100,1000,0.4,0.5,TRUE,1000,1000,1000,1.5,1000,10,5
1945,l,FALSE,0.05,09:16,15:10,15:20,1,1.5,4,-100,100,170,2,1,6,30,100,1000,0.4,0.5,TRUE,1000,1000,1000,1.5,1000,10,5
1946,l,FALSE,0.05,09:16,15:10,15:20,1,1.5,4,-100,100,170,2,1,1.5,20,50,1000,0.4,0.5,TRUE,1000,1000,1000,1.5,1000,10,5
1947,l,FALSE,0.05,09:16,15:10,15:20,1,1.5,4,-100,100,170,2,1.5,1000,30,100,1000,0.4,0.5,TRUE,1000,1000,1000,1.5,1000,10,5
1948,l,FALSE,0.05,09:16,15:10,15:15,1,1.5,4,-100,100,100,2,1.5,1000,30,175,1000,0.4,0.5,TRUE,1000,1000,1000,1.5,1000,10,5
1949,l,FALSE,0.05,09:16,15:10,15:15,1,1.5,4,-100,100,100,2,2.5,1000,30,175,1000,0.4,0.5,TRUE,1000,1000,1000,1.5,1000,10,5
1950,l,FALSE,0.05,09:16,15:10,15:15,1,1.5,4,-100,100,100,2,3,1000,30,175,1000,0.4,0.5,TRUE,1000,1000,1000,1.5,1000,10,5
1951,l,FALSE,0.05,09:16,15:10,15:15,1,1.5,4,-100,100,100,2,3,1000,30,200,1000,0.4,0.5,TRUE,1000,1000,1000,1.5,1000,10,5
1952,l,FALSE,0.05,09:16,15:10,15:15,1,1.5,4,-100,100,100,2,3.5,1000,30,175,1000,0.4,0.5,TRUE,1000,1000,1000,1.5,1000,10,5
1953,l,FALSE,0.05,09:16,15:10,15:15,1,1.5,4,-100,100,100,2,3.5,1000,30,200,1000,0.4,0.5,TRUE,1000,1000,1000,1.5,1000,10,5
1954,l,FALSE,0.05,09:16,15:10,15:15,1,1.5,4,-100,100,50,3,1.5,1000,15,150,175,0.4,0.5,TRUE,1000,1000,1000,1.5,1000,10,5
1955,l,FALSE,0.05,09:16,15:10,15:15,1,1.5,4,-100,100,50,3,1.5,3.5,15,150,175,0.4,0.5,TRUE,1000,1000,1000,1.5,1000,10,5
1956,l,FALSE,0.05,09:16,15:10,15:15,1,1.5,4,-100,100,50,3,1.5,1000,20,175,200,0.4,0.5,TRUE,1000,1000,1000,1.5,1000,10,5
1957,l,FALSE,0.05,09:16,15:10,15:15,1,1.5,4,-100,100,50,3,2,1000,20,175,200,0.4,0.5,TRUE,1000,1000,1000,1.5,1000,10,5
1958,l,FALSE,0.05,09:16,15:10,15:20,1,1.5,4,-100,100,170,2,1,1000,20,50,1000,0.4,0.6,TRUE,1000,1000,1000,1.5,1000,10,5
1959,l,FALSE,0.05,09:16,15:10,15:20,1,1.5,4,-100,100,170,2,1,6,20,50,1000,0.4,0.6,TRUE,1000,1000,1000,1.5,1000,10,5
1960,l,FALSE,0.05,09:16,15:10,15:20,1,1.5,4,-100,100,170,2,1,5.5,20,50,1000,0.4,0.6,TRUE,1000,1000,1000,1.5,1000,10,5
1961,l,FALSE,0.05,09:16,15:10,15:20,1,1.5,4,-100,100,170,2,1,5,20,50,1000,0.4,0.6,TRUE,1000,1000,1000,1.5,1000,10,5
1962,l,FALSE,0.05,09:16,15:10,15:20,1,1.5,4,-100,100,170,2,1,2,20,50,1000,0.4,0.6,TRUE,1000,1000,1000,1.5,1000,10,5
1963,l,FALSE,0.05,09:16,15:10,15:20,1,1.5,4,-100,100,170,2,1,1000,30,100,1000,0.4,0.6,TRUE,1000,1000,1000,1.5,1000,10,5
1964,l,FALSE,0.05,09:16,15:10,15:20,1,1.5,4,-100,100,170,2,1,6,30,100,1000,0.4,0.6,TRUE,1000,1000,1000,1.5,1000,10,5
1965,l,FALSE,0.05,09:16,15:10,15:20,1,1.5,4,-100,100,170,2,1,1.5,20,50,1000,0.4,0.6,TRUE,1000,1000,1000,1.5,1000,10,5
1966,l,FALSE,0.05,09:16,15:10,15:20,1,1.5,4,-100,100,170,2,1.5,1000,30,100,1000,0.4,0.6,TRUE,1000,1000,1000,1.5,1000,10,5
1967,l,FALSE,0.05,09:16,15:10,15:15,1,1.5,4,-100,100,100,2,1.5,1000,30,175,1000,0.4,0.6,TRUE,1000,1000,1000,1.5,1000,10,5
1968,l,FALSE,0.05,09:16,15:10,15:15,1,1.5,4,-100,100,100,2,2.5,1000,30,175,1000,0.4,0.6,TRUE,1000,1000,1000,1.5,1000,10,5
1969,l,FALSE,0.05,09:16,15:10,15:15,1,1.5,4,-100,100,100,2,3,1000,30,175,1000,0.4,0.6,TRUE,1000,1000,1000,1.5,1000,10,5
1970,l,FALSE,0.05,09:16,15:10,15:15,1,1.5,4,-100,100,100,2,3,1000,30,200,1000,0.4,0.6,TRUE,1000,1000,1000,1.5,1000,10,5
1971,l,FALSE,0.05,09:16,15:10,15:15,1,1.5,4,-100,100,100,2,3.5,1000,30,175,1000,0.4,0.6,TRUE,1000,1000,1000,1.5,1000,10,5
1972,l,FALSE,0.05,09:16,15:10,15:15,1,1.5,4,-100,100,100,2,3.5,1000,30,200,1000,0.4,0.6,TRUE,1000,1000,1000,1.5,1000,10,5
1973,l,FALSE,0.05,09:16,15:10,15:15,1,1.5,4,-100,100,50,3,1.5,1000,15,150,175,0.4,0.6,TRUE,1000,1000,1000,1.5,1000,10,5
1974,l,FALSE,0.05,09:16,15:10,15:15,1,1.5,4,-100,100,50,3,1.5,3.5,15,150,175,0.4,0.6,TRUE,1000,1000,1000,1.5,1000,10,5
1975,l,FALSE,0.05,09:16,15:10,15:15,1,1.5,4,-100,100,50,3,1.5,1000,20,175,200,0.4,0.6,TRUE,1000,1000,1000,1.5,1000,10,5
1976,l,FALSE,0.05,09:16,15:10,15:15,1,1.5,4,-100,100,50,3,2,1000,20,175,200,0.4,0.6,TRUE,1000,1000,1000,1.5,1000,10,5
1977,l,FALSE,0.05,09:16,15:10,15:20,1,1.5,4,-100,100,170,2,1,1000,20,50,1000,0.4,0.7,TRUE,1000,1000,1000,1.5,1000,10,5
1978,l,FALSE,0.05,09:16,15:10,15:20,1,1.5,4,-100,100,170,2,1,6,20,50,1000,0.4,0.7,TRUE,1000,1000,1000,1.5,1000,10,5
1979,l,FALSE,0.05,09:16,15:10,15:20,1,1.5,4,-100,100,170,2,1,5.5,20,50,1000,0.4,0.7,TRUE,1000,1000,1000,1.5,1000,10,5
1980,l,FALSE,0.05,09:16,15:10,15:20,1,1.5,4,-100,100,170,2,1,5,20,50,1000,0.4,0.7,TRUE,1000,1000,1000,1.5,1000,10,5
1981,l,FALSE,0.05,09:16,15:10,15:20,1,1.5,4,-100,100,170,2,1,2,20,50,1000,0.4,0.7,TRUE,1000,1000,1000,1.5,1000,10,5
1982,l,FALSE,0.05,09:16,15:10,15:20,1,1.5,4,-100,100,170,2,1,1000,30,100,1000,0.4,0.7,TRUE,1000,1000,1000,1.5,1000,10,5
1983,l,FALSE,0.05,09:16,15:10,15:20,1,1.5,4,-100,100,170,2,1,6,30,100,1000,0.4,0.7,TRUE,1000,1000,1000,1.5,1000,10,5
1984,l,FALSE,0.05,09:16,15:10,15:20,1,1.5,4,-100,100,170,2,1,1.5,20,50,1000,0.4,0.7,TRUE,1000,1000,1000,1.5,1000,10,5
1985,l,FALSE,0.05,09:16,15:10,15:20,1,1.5,4,-100,100,170,2,1.5,1000,30,100,1000,0.4,0.7,TRUE,1000,1000,1000,1.5,1000,10,5
1986,l,FALSE,0.05,09:16,15:10,15:15,1,1.5,4,-100,100,100,2,1.5,1000,30,175,1000,0.4,0.7,TRUE,1000,1000,1000,1.5,1000,10,5
1987,l,FALSE,0.05,09:16,15:10,15:15,1,1.5,4,-100,100,100,2,2.5,1000,30,175,1000,0.4,0.7,TRUE,1000,1000,1000,1.5,1000,10,5
1988,l,FALSE,0.05,09:16,15:10,15:15,1,1.5,4,-100,100,100,2,3,1000,30,175,1000,0.4,0.7,TRUE,1000,1000,1000,1.5,1000,10,5
1989,l,FALSE,0.05,09:16,15:10,15:15,1,1.5,4,-100,100,100,2,3,1000,30,200,1000,0.4,0.7,TRUE,1000,1000,1000,1.5,1000,10,5
1990,l,FALSE,0.05,09:16,15:10,15:15,1,1.5,4,-100,100,100,2,3.5,1000,30,175,1000,0.4,0.7,TRUE,1000,1000,1000,1.5,1000,10,5
1991,l,FALSE,0.05,09:16,15:10,15:15,1,1.5,4,-100,100,100,2,3.5,1000,30,200,1000,0.4,0.7,TRUE,1000,1000,1000,1.5,1000,10,5
1992,l,FALSE,0.05,09:16,15:10,15:15,1,1.5,4,-100,100,50,3,1.5,1000,15,150,175,0.4,0.7,TRUE,1000,1000,1000,1.5,1000,10,5
1993,l,FALSE,0.05,09:16,15:10,15:15,1,1.5,4,-100,100,50,3,1.5,3.5,15,150,175,0.4,0.7,TRUE,1000,1000,1000,1.5,1000,10,5
1994,l,FALSE,0.05,09:16,15:10,15:15,1,1.5,4,-100,100,50,3,1.5,1000,20,175,200,0.4,0.7,TRUE,1000,1000,1000,1.5,1000,10,5
1995,l,FALSE,0.05,09:16,15:10,15:15,1,1.5,4,-100,100,50,3,2,1000,20,175,200,0.4,0.7,TRUE,1000,1000,1000,1.5,1000,10,5
1996,l,FALSE,0.05,09:16,15:10,15:20,1,1.5,4,-100,100,170,2,1,1000,20,50,1000,0.4,0.8,TRUE,1000,1000,1000,1.5,1000,10,5
1997,l,FALSE,0.05,09:16,15:10,15:20,1,1.5,4,-100,100,170,2,1,6,20,50,1000,0.4,0.8,TRUE,1000,1000,1000,1.5,1000,10,5
1998,l,FALSE,0.05,09:16,15:10,15:20,1,1.5,4,-100,100,170,2,1,5.5,20,50,1000,0.4,0.8,TRUE,1000,1000,1000,1.5,1000,10,5
1999,l,FALSE,0.05,09:16,15:10,15:20,1,1.5,4,-100,100,170,2,1,5,20,50,1000,0.4,0.8,TRUE,1000,1000,1000,1.5,1000,10,5
2000,l,FALSE,0.05,09:16,15:10,15:20,1,1.5,4,-100,100,170,2,1,2,20,50,1000,0.4,0.8,TRUE,1000,1000,1000,1.5,1000,10,5
2001,l,FALSE,0.05,09:16,15:10,15:20,1,1.5,4,-100,100,170,2,1,1000,30,100,1000,0.4,0.8,TRUE,1000,1000,1000,1.5,1000,10,5
2002,l,FALSE,0.05,09:16,15:10,15:20,1,1.5,4,-100,100,170,2,1,6,30,100,1000,0.4,0.8,TRUE,1000,1000,1000,1.5,1000,10,5
2003,l,FALSE,0.05,09:16,15:10,15:20,1,1.5,4,-100,100,170,2,1,1.5,20,50,1000,0.4,0.8,TRUE,1000,1000,1000,1.5,1000,10,5
2004,l,FALSE,0.05,09:16,15:10,15:20,1,1.5,4,-100,100,170,2,1.5,1000,30,100,1000,0.4,0.8,TRUE,1000,1000,1000,1.5,1000,10,5
2005,l,FALSE,0.05,09:16,15:10,15:15,1,1.5,4,-100,100,100,2,1.5,1000,30,175,1000,0.4,0.8,TRUE,1000,1000,1000,1.5,1000,10,5
2006,l,FALSE,0.05,09:16,15:10,15:15,1,1.5,4,-100,100,100,2,2.5,1000,30,175,1000,0.4,0.8,TRUE,1000,1000,1000,1.5,1000,10,5
2007,l,FALSE,0.05,09:16,15:10,15:15,1,1.5,4,-100,100,100,2,3,1000,30,175,1000,0.4,0.8,TRUE,1000,1000,1000,1.5,1000,10,5
2008,l,FALSE,0.05,09:16,15:10,15:15,1,1.5,4,-100,100,100,2,3,1000,30,200,1000,0.4,0.8,TRUE,1000,1000,1000,1.5,1000,10,5
2009,l,FALSE,0.05,09:16,15:10,15:15,1,1.5,4,-100,100,100,2,3.5,1000,30,175,1000,0.4,0.8,TRUE,1000,1000,1000,1.5,1000,10,5
2010,l,FALSE,0.05,09:16,15:10,15:15,1,1.5,4,-100,100,100,2,3.5,1000,30,200,1000,0.4,0.8,TRUE,1000,1000,1000,1.5,1000,10,5
2011,l,FALSE,0.05,09:16,15:10,15:15,1,1.5,4,-100,100,50,3,1.5,1000,15,150,175,0.4,0.8,TRUE,1000,1000,1000,1.5,1000,10,5
2012,l,FALSE,0.05,09:16,15:10,15:15,1,1.5,4,-100,100,50,3,1.5,3.5,15,150,175,0.4,0.8,TRUE,1000,1000,1000,1.5,1000,10,5
2013,l,FALSE,0.05,09:16,15:10,15:15,1,1.5,4,-100,100,50,3,1.5,1000,20,175,200,0.4,0.8,TRUE,1000,1000,1000,1.5,1000,10,5
2014,l,FALSE,0.05,09:16,15:10,15:15,1,1.5,4,-100,100,50,3,2,1000,20,175,200,0.4,0.8,TRUE,1000,1000,1000,1.5,1000,10,5
2015,l,FALSE,0.05,09:16,15:10,15:20,1,1.5,4,-100,100,170,2,1,1000,20,50,1000,0.4,0.9,TRUE,1000,1000,1000,1.5,1000,10,5
2016,l,FALSE,0.05,09:16,15:10,15:20,1,1.5,4,-100,100,170,2,1,6,20,50,1000,0.4,0.9,TRUE,1000,1000,1000,1.5,1000,10,5
2017,l,FALSE,0.05,09:16,15:10,15:20,1,1.5,4,-100,100,170,2,1,5.5,20,50,1000,0.4,0.9,TRUE,1000,1000,1000,1.5,1000,10,5
2018,l,FALSE,0.05,09:16,15:10,15:20,1,1.5,4,-100,100,170,2,1,5,20,50,1000,0.4,0.9,TRUE,1000,1000,1000,1.5,1000,10,5
2019,l,FALSE,0.05,09:16,15:10,15:20,1,1.5,4,-100,100,170,2,1,2,20,50,1000,0.4,0.9,TRUE,1000,1000,1000,1.5,1000,10,5
2020,l,FALSE,0.05,09:16,15:10,15:20,1,1.5,4,-100,100,170,2,1,1000,30,100,1000,0.4,0.9,TRUE,1000,1000,1000,1.5,1000,10,5
2021,l,FALSE,0.05,09:16,15:10,15:20,1,1.5,4,-100,100,170,2,1,6,30,100,1000,0.4,0.9,TRUE,1000,1000,1000,1.5,1000,10,5
2022,l,FALSE,0.05,09:16,15:10,15:20,1,1.5,4,-100,100,170,2,1,1.5,20,50,1000,0.4,0.9,TRUE,1000,1000,1000,1.5,1000,10,5
2023,l,FALSE,0.05,09:16,15:10,15:20,1,1.5,4,-100,100,170,2,1.5,1000,30,100,1000,0.4,0.9,TRUE,1000,1000,1000,1.5,1000,10,5
2024,l,FALSE,0.05,09:16,15:10,15:15,1,1.5,4,-100,100,100,2,1.5,1000,30,175,1000,0.4,0.9,TRUE,1000,1000,1000,1.5,1000,10,5
2025,l,FALSE,0.05,09:16,15:10,15:15,1,1.5,4,-100,100,100,2,2.5,1000,30,175,1000,0.4,0.9,TRUE,1000,1000,1000,1.5,1000,10,5
2026,l,FALSE,0.05,09:16,15:10,15:15,1,1.5,4,-100,100,100,2,3,1000,30,175,1000,0.4,0.9,TRUE,1000,1000,1000,1.5,1000,10,5
2027,l,FALSE,0.05,09:16,15:10,15:15,1,1.5,4,-100,100,100,2,3,1000,30,200,1000,0.4,0.9,TRUE,1000,1000,1000,1.5,1000,10,5
2028,l,FALSE,0.05,09:16,15:10,15:15,1,1.5,4,-100,100,100,2,3.5,1000,30,175,1000,0.4,0.9,TRUE,1000,1000,1000,1.5,1000,10,5
2029,l,FALSE,0.05,09:16,15:10,15:15,1,1.5,4,-100,100,100,2,3.5,1000,30,200,1000,0.4,0.9,TRUE,1000,1000,1000,1.5,1000,10,5
2030,l,FALSE,0.05,09:16,15:10,15:15,1,1.5,4,-100,100,50,3,1.5,1000,15,150,175,0.4,0.9,TRUE,1000,1000,1000,1.5,1000,10,5
2031,l,FALSE,0.05,09:16,15:10,15:15,1,1.5,4,-100,100,50,3,1.5,3.5,15,150,175,0.4,0.9,TRUE,1000,1000,1000,1.5,1000,10,5
2032,l,FALSE,0.05,09:16,15:10,15:15,1,1.5,4,-100,100,50,3,1.5,1000,20,175,200,0.4,0.9,TRUE,1000,1000,1000,1.5,1000,10,5
2033,l,FALSE,0.05,09:16,15:10,15:15,1,1.5,4,-100,100,50,3,2,1000,20,175,200,0.4,0.9,TRUE,1000,1000,1000,1.5,1000,10,5
2034,l,FALSE,0.05,09:16,15:10,15:20,1,1.5,4,-100,100,170,2,1,1000,20,50,1000,0.4,1,TRUE,1000,1000,1000,1.5,1000,10,5
2035,l,FALSE,0.05,09:16,15:10,15:20,1,1.5,4,-100,100,170,2,1,6,20,50,1000,0.4,1,TRUE,1000,1000,1000,1.5,1000,10,5
2036,l,FALSE,0.05,09:16,15:10,15:20,1,1.5,4,-100,100,170,2,1,5.5,20,50,1000,0.4,1,TRUE,1000,1000,1000,1.5,1000,10,5
2037,l,FALSE,0.05,09:16,15:10,15:20,1,1.5,4,-100,100,170,2,1,5,20,50,1000,0.4,1,TRUE,1000,1000,1000,1.5,1000,10,5
2038,l,FALSE,0.05,09:16,15:10,15:20,1,1.5,4,-100,100,170,2,1,2,20,50,1000,0.4,1,TRUE,1000,1000,1000,1.5,1000,10,5
2039,l,FALSE,0.05,09:16,15:10,15:20,1,1.5,4,-100,100,170,2,1,1000,30,100,1000,0.4,1,TRUE,1000,1000,1000,1.5,1000,10,5
2040,l,FALSE,0.05,09:16,15:10,15:20,1,1.5,4,-100,100,170,2,1,6,30,100,1000,0.4,1,TRUE,1000,1000,1000,1.5,1000,10,5
2041,l,FALSE,0.05,09:16,15:10,15:20,1,1.5,4,-100,100,170,2,1,1.5,20,50,1000,0.4,1,TRUE,1000,1000,1000,1.5,1000,10,5
2042,l,FALSE,0.05,09:16,15:10,15:20,1,1.5,4,-100,100,170,2,1.5,1000,30,100,1000,0.4,1,TRUE,1000,1000,1000,1.5,1000,10,5
2043,l,FALSE,0.05,09:16,15:10,15:15,1,1.5,4,-100,100,100,2,1.5,1000,30,175,1000,0.4,1,TRUE,1000,1000,1000,1.5,1000,10,5
2044,l,FALSE,0.05,09:16,15:10,15:15,1,1.5,4,-100,100,100,2,2.5,1000,30,175,1000,0.4,1,TRUE,1000,1000,1000,1.5,1000,10,5
2045,l,FALSE,0.05,09:16,15:10,15:15,1,1.5,4,-100,100,100,2,3,1000,30,175,1000,0.4,1,TRUE,1000,1000,1000,1.5,1000,10,5
2046,l,FALSE,0.05,09:16,15:10,15:15,1,1.5,4,-100,100,100,2,3,1000,30,200,1000,0.4,1,TRUE,1000,1000,1000,1.5,1000,10,5
2047,l,FALSE,0.05,09:16,15:10,15:15,1,1.5,4,-100,100,100,2,3.5,1000,30,175,1000,0.4,1,TRUE,1000,1000,1000,1.5,1000,10,5
2048,l,FALSE,0.05,09:16,15:10,15:15,1,1.5,4,-100,100,100,2,3.5,1000,30,200,1000,0.4,1,TRUE,1000,1000,1000,1.5,1000,10,5
2049,l,FALSE,0.05,09:16,15:10,15:15,1,1.5,4,-100,100,50,3,1.5,1000,15,150,175,0.4,1,TRUE,1000,1000,1000,1.5,1000,10,5
2050,l,FALSE,0.05,09:16,15:10,15:15,1,1.5,4,-100,100,50,3,1.5,3.5,15,150,175,0.4,1,TRUE,1000,1000,1000,1.5,1000,10,5
2051,l,FALSE,0.05,09:16,15:10,15:15,1,1.5,4,-100,100,50,3,1.5,1000,20,175,200,0.4,1,TRUE,1000,1000,1000,1.5,1000,10,5
2052,l,FALSE,0.05,09:16,15:10,15:15,1,1.5,4,-100,100,50,3,2,1000,20,175,200,0.4,1,TRUE,1000,1000,1000,1.5,1000,10,5
