Sr.No,TradeType(l/s),positional,costPercent,startTime,cutOffTime,endTime,candlePeriod,ATRFrom%,ATRTo%,VixFrom%,VixTo%,Period,noOfSD,MinBandRange(as % of SMA),MaxBandRange(as % of SMA),LookbackDuration,MinBandChange,MaxBandChange,MinBreakout,MaxBreakout,Exit at SMA,TargetBN%,TriggerBN%,FallbackBN%,TradeSLBN%,DaySLBN%,MaxOverlap,TradeGap,TradingDays,TotalTrades,TradeMaxProfit,TradeMaxLoss,DayMaxProfit,DayMaxLoss,TradeAverageProfit,TradeAverageLoss,TradeWinPercent,TradeWinPercent(Cost),TradeExpectancy,TradeExpectancy(Cost),Profit,Profit %,DayAverageProfit,DayAverageLoss,DayWinPercent,DayExpectancy,ProfitCost,ProfitCost %,DayWinPercent(Cost),DayAverageProfit(Cost),DayAverageLoss(Cost),DayExpectancy(Cost),HoldingPeriodAvg,Calmar
1025,l,FALSE,0.05,09:16,15:10,15:15,1,1.5,4,-100,100,50,3,1.5,1000,20,175,200,0.15,0.3,TRUE,1000,1000,1000,1.5,1000,10,5,6,6,1279.4512,-181.44922,1279.4512,-181.44922,445.1006,-90.5,50.0,33.333336,4.9182386,3.3679807,1063.8018,4.198091,445.1006,-90.5,50.0,4.9182386,898.8428,3.5959918,33.333336,639.2124,-94.89551,3.3679807,58.333332,3.12136
1026,l,FALSE,0.05,09:16,15:10,15:15,1,1.5,4,-100,100,50,3,2,1000,20,175,200,0.15,0.3,TRUE,1000,1000,1000,1.5,1000,10,5,2,2,1279.4512,-5.0,1279.4512,-5.0,1279.4512,-5.0,50.0,50.0,255.89023,30.285378,1274.4512,4.6743126,1279.4512,-5.0,50.0,255.89023,1210.1953,4.471973,50.0,1251.5195,-41.32422,30.285378,90.0,39.310925
1027,l,FALSE,0.05,09:16,15:10,15:20,1,1.5,4,-100,100,170,2,1,1000,20,50,1000,0.15,0.35,TRUE,1000,1000,1000,1.5,1000,10,5,212,432,836.10156,-606.25,2921.5078,-1170.8516,180.74748,-143.7882,61.57407,53.47222,2.0142922,1.3929601,24209.99,84.17889,431.18512,-221.25424,51.415092,2.0623453,11572.593,40.936775,43.396225,433.52158,-235.92825,1.408761,139.24768,4.8398776
1028,l,FALSE,0.05,09:16,15:10,15:20,1,1.5,4,-100,100,170,2,1,6,20,50,1000,0.15,0.35,TRUE,1000,1000,1000,1.5,1000,10,5,211,431,836.10156,-606.25,2921.5078,-1170.8516,180.74748,-142.53903,61.716938,53.596287,2.04426,1.4115024,24559.889,85.1209,431.18512,-219.99303,51.658768,2.0945039,11959.46,41.978302,43.601894,433.52158,-234.65987,1.428278,139.3109,4.9630156
1029,l,FALSE,0.05,09:16,15:10,15:20,1,1.5,4,-100,100,170,2,1,5.5,20,50,1000,0.15,0.35,TRUE,1000,1000,1000,1.5,1000,10,5,210,430,836.10156,-606.25,2921.5078,-1170.8516,181.09503,-142.53903,61.627907,53.488373,2.0404909,1.4089664,24471.238,84.525856,434.35678,-219.99303,51.428574,2.0905535,11885.753,41.483566,43.333332,437.4756,-234.65987,1.4256384,139.26512,4.904524
1030,l,FALSE,0.05,09:16,15:10,15:20,1,1.5,4,-100,100,170,2,1,5,20,50,1000,0.15,0.35,TRUE,1000,1000,1000,1.5,1000,10,5,208,428,836.10156,-606.25,2921.5078,-1170.8516,180.81073,-140.1658,61.682243,53.504677,2.0765493,1.4292845,24746.836,85.252785,436.02225,-216.90633,51.442307,2.1296039,12232.472,42.410133,43.269234,439.8792,-231.83607,1.4471481,139.3972,5.01407
1031,l,FALSE,0.05,09:16,15:10,15:20,1,1.5,4,-100,100,170,2,1,2,20,50,1000,0.15,0.35,TRUE,1000,1000,1000,1.5,1000,10,5,162,332,818.5469,-384.69922,2921.5078,-911.25,174.53575,-125.977,65.96386,58.433735,2.6850903,1.7851835,23987.93,80.12643,407.0761,-201.01665,57.40741,2.729465,14210.085,46.886307,49.382717,397.42462,-214.43764,1.8081311,139.52109,7.2693186
1032,l,FALSE,0.05,09:16,15:10,15:20,1,1.5,4,-100,100,170,2,1,1000,30,100,1000,0.15,0.35,TRUE,1000,1000,1000,1.5,1000,10,5,138,262,818.5469,-531.75,2427.293,-969.5,185.85231,-132.8766,57.251907,49.23664,1.8732368,1.2854407,12995.669,44.95112,375.84793,-222.17274,52.898552,1.8999008,5303.175,18.728655,45.652176,369.93478,-240.03622,1.2945765,141.09924,2.7293596
1033,l,FALSE,0.05,09:16,15:10,15:20,1,1.5,4,-100,100,170,2,1,6,30,100,1000,0.15,0.35,TRUE,1000,1000,1000,1.5,1000,10,5,137,261,818.5469,-531.75,2427.293,-969.5,185.85231,-130.92145,57.471264,49.425285,1.9183395,1.3127762,13345.567,45.893112,375.84793,-220.17703,53.284668,1.9470763,5690.042,19.770185,45.9854,369.93478,-238.05202,1.323007,141.21072,3.2690442
1034,l,FALSE,0.05,09:16,15:10,15:20,1,1.5,4,-100,100,170,2,1,1.5,20,50,1000,0.15,0.35,TRUE,1000,1000,1000,1.5,1000,10,5,126,214,818.5469,-384.69922,1603.207,-714.64844,182.39163,-132.52505,65.42056,58.878506,2.603774,1.7493397,15727.973,52.288208,331.42242,-199.8276,61.11111,2.6062796,9256.885,30.861963,54.761906,311.86414,-215.11826,1.7549406,138.01869,6.3888254
1035,l,FALSE,0.05,09:16,15:10,15:20,1,1.5,4,-100,100,170,2,1.5,1000,30,100,1000,0.15,0.35,TRUE,1000,1000,1000,1.5,1000,10,5,96,174,817.5,-531.75,1608.1992,-969.5,196.61993,-135.68886,58.04598,50.0,2.0048501,1.4056716,9953.328,34.520176,367.90308,-221.98921,55.208332,2.0427206,4977.75,17.10304,46.875,373.6906,-232.12408,1.4204774,146.39081,2.6171556
1036,l,FALSE,0.05,09:16,15:10,15:15,1,1.5,4,-100,100,100,2,1.5,1000,30,175,1000,0.15,0.35,TRUE,1000,1000,1000,1.5,1000,10,5,77,115,1602.5,-446.5,4133.0,-1148.752,261.96063,-139.11412,56.521736,52.173912,2.4479814,1.7945929,10071.736,38.231297,428.98837,-175.23183,50.64935,2.5125432,6787.291,26.712257,45.454548,430.55457,-197.19331,1.8195114,104.05218,5.7872725
1037,l,FALSE,0.05,09:16,15:10,15:15,1,1.5,4,-100,100,100,2,2.5,1000,30,175,1000,0.15,0.35,TRUE,1000,1000,1000,1.5,1000,10,5,29,37,1602.5,-246.65039,4133.0,-246.65039,318.72406,-118.8291,67.567566,62.162163,5.587928,3.9814527,6542.1523,24.28795,442.6723,-129.63174,62.068962,5.5879273,5468.246,20.575844,55.172413,456.39587,-141.08368,3.9814525,108.54054,11.929171
1038,l,FALSE,0.05,09:16,15:10,15:15,1,1.5,4,-100,100,100,2,3,1000,30,175,1000,0.15,0.35,TRUE,1000,1000,1000,1.5,1000,10,5,14,17,1506.75,-113.55078,3959.25,-113.55078,454.52875,-80.05078,82.35294,76.47059,26.497362,17.35264,6123.25,21.701262,578.49115,-80.05078,78.57143,26.497355,5619.9424,19.990408,71.42857,596.36145,-85.91797,17.352642,122.70588,38.832047
1039,l,FALSE,0.05,09:16,15:10,15:15,1,1.5,4,-100,100,100,2,3,1000,30,200,1000,0.15,0.35,TRUE,1000,1000,1000,1.5,1000,10,5,13,15,1506.75,-113.55078,3959.25,-113.55078,463.25455,-80.05078,80.0,73.333336,23.148033,15.181068,5318.9023,19.095045,555.90546,-80.05078,76.92308,23.148039,4873.634,17.585493,69.230774,579.7006,-85.91797,15.18107,123.13333,34.16042
1040,l,FALSE,0.05,09:16,15:10,15:15,1,1.5,4,-100,100,100,2,3.5,1000,30,175,1000,0.15,0.35,TRUE,1000,1000,1000,1.5,1000,10,5,7,9,1441.8516,-97.85156,2468.1016,-97.85156,612.25726,-63.30078,77.77778,77.77778,33.852673,20.57518,4159.199,14.502663,857.16016,-63.30078,71.42857,33.852673,3877.2236,13.595422,71.42857,815.0584,-99.03418,20.575182,128.66667,38.793915
1041,l,FALSE,0.05,09:16,15:10,15:15,1,1.5,4,-100,100,100,2,3.5,1000,30,200,1000,0.15,0.35,TRUE,1000,1000,1000,1.5,1000,10,5,7,8,1441.8516,-97.85156,2468.1016,-97.85156,603.4255,-63.30078,75.0,75.0,28.598011,17.381542,3493.9512,12.446677,724.11053,-63.30078,71.42857,28.598013,3244.665,11.640465,71.42857,688.5467,-99.03418,17.381544,129.125,33.215534
1042,l,FALSE,0.05,09:16,15:10,15:15,1,1.5,4,-100,100,50,3,1.5,1000,15,150,175,0.15,0.35,TRUE,1000,1000,1000,1.5,1000,10,5,7,7,1331.3008,-181.44922,1331.3008,-181.44922,383.35904,-181.44922,85.71429,71.42857,12.676575,10.0638485,2118.705,8.186375,383.35904,-181.44922,85.71429,12.676575,1916.4727,7.4822803,71.42857,425.58282,-105.7207,10.0638485,76.85714,10.229873
1043,l,FALSE,0.05,09:16,15:10,15:15,1,1.5,4,-100,100,50,3,1.5,3.5,15,150,175,0.15,0.35,TRUE,1000,1000,1000,1.5,1000,10,5,7,7,1331.3008,-181.44922,1331.3008,-181.44922,383.35904,-181.44922,85.71429,71.42857,12.676575,10.0638485,2118.705,8.186375,383.35904,-181.44922,85.71429,12.676575,1916.4727,7.4822803,71.42857,425.58282,-105.7207,10.0638485,76.85714,10.229873
1044,l,FALSE,0.05,09:16,15:10,15:15,1,1.5,4,-100,100,50,3,1.5,1000,20,175,200,0.15,0.35,TRUE,1000,1000,1000,1.5,1000,10,5,7,7,1279.4512,-181.44922,1279.4512,-181.44922,445.1006,-77.72461,42.857143,28.57143,4.294977,2.8979983,1024.4033,4.020454,445.1006,-77.72461,42.857143,4.294977,837.2842,3.318441,28.57143,639.2124,-88.22813,2.8979983,55.857143,2.3212206
1045,l,FALSE,0.05,09:16,15:10,15:15,1,1.5,4,-100,100,50,3,2,1000,20,175,200,0.15,0.35,TRUE,1000,1000,1000,1.5,1000,10,5,2,2,1279.4512,-5.0,1279.4512,-5.0,1279.4512,-5.0,50.0,50.0,255.89023,30.285378,1274.4512,4.6743126,1279.4512,-5.0,50.0,255.89023,1210.1953,4.471973,50.0,1251.5195,-41.32422,30.285378,90.0,39.310925
1046,l,FALSE,0.05,09:16,15:10,15:20,1,1.5,4,-100,100,170,2,1,1000,20,50,1000,0.15,0.4,TRUE,1000,1000,1000,1.5,1000,10,5,214,488,847.9492,-592.39844,3272.043,-1154.9492,180.03622,-148.16132,61.270493,53.483604,1.9223589,1.3368015,25828.34,88.69513,476.39294,-255.52773,51.40187,1.9719082,11550.126,39.85083,44.392525,465.42007,-274.49396,1.3535959,138.8504,2.9720418
1047,l,FALSE,0.05,09:16,15:10,15:20,1,1.5,4,-100,100,170,2,1,6,20,50,1000,0.15,0.4,TRUE,1000,1000,1000,1.5,1000,10,5,213,487,847.9492,-592.39844,3272.043,-1154.9492,180.03622,-146.99887,61.396305,53.593426,1.9478668,1.3527247,26195.04,89.681915,476.39294,-254.44838,51.643192,1.9994986,11953.806,40.937126,44.60094,465.42007,-273.39917,1.3705332,138.90349,3.3222065
1048,l,FALSE,0.05,09:16,15:10,15:20,1,1.5,4,-100,100,170,2,1,5.5,20,50,1000,0.15,0.4,TRUE,1000,1000,1000,1.5,1000,10,5,213,487,847.9492,-592.39844,3272.043,-1154.9492,180.03622,-146.99887,61.396305,53.593426,1.9478668,1.3527247,26195.04,89.681915,476.39294,-254.44838,51.643192,1.9994986,11953.806,40.937126,44.60094,465.42007,-273.39917,1.3705332,138.90349,3.3222065
1049,l,FALSE,0.05,09:16,15:10,15:20,1,1.5,4,-100,100,170,2,1,5,20,50,1000,0.15,0.4,TRUE,1000,1000,1000,1.5,1000,10,5,211,484,847.9492,-592.39844,3272.043,-1154.9492,180.11104,-144.94139,61.363636,53.512394,1.9736165,1.3671376,26388.938,89.860725,477.66394,-251.72974,51.658768,2.0277493,12233.7705,41.41584,44.549763,467.30856,-270.88235,1.3860058,138.9752,3.848492
1050,l,FALSE,0.05,09:16,15:10,15:20,1,1.5,4,-100,100,170,2,1,2,20,50,1000,0.15,0.4,TRUE,1000,1000,1000,1.5,1000,10,5,166,373,847.9492,-384.69922,3272.043,-911.25,175.95792,-130.91196,65.14745,58.44504,2.512421,1.6870974,25739.22,85.01936,449.70447,-229.625,56.626503,2.5568388,14699.805,47.676933,48.192772,444.2836,-242.35915,1.7052671,139.08043,5.6921325
1051,l,FALSE,0.05,09:16,15:10,15:20,1,1.5,4,-100,100,170,2,1,1000,30,100,1000,0.15,0.4,TRUE,1000,1000,1000,1.5,1000,10,5,140,298,847.9492,-531.75,3272.043,-969.5,178.97983,-138.69156,57.71812,49.328857,1.761619,1.2143556,13309.395,45.016098,412.1607,-250.42293,52.14286,1.7932491,4624.799,15.1937275,45.714287,395.88342,-272.5229,1.2232937,140.1443,1.5785561
1052,l,FALSE,0.05,09:16,15:10,15:20,1,1.5,4,-100,100,170,2,1,6,30,100,1000,0.15,0.4,TRUE,1000,1000,1000,1.5,1000,10,5,139,297,847.9492,-531.75,3272.043,-969.5,178.97983,-137.0019,57.912457,49.49495,1.7976116,1.2365278,13659.293,45.95809,412.1607,-248.91573,52.517986,1.8314421,5011.666,16.235258,46.043167,395.88342,-270.99832,1.246578,140.23906,1.8914384
1053,l,FALSE,0.05,09:16,15:10,15:20,1,1.5,4,-100,100,170,2,1,1.5,20,50,1000,0.15,0.4,TRUE,1000,1000,1000,1.5,1000,10,5,132,246,847.9492,-384.69922,1874.207,-714.64844,187.01402,-142.19762,66.26016,60.569107,2.5828035,1.7685239,18680.883,61.961346,385.38522,-221.97266,59.848488,2.587896,11239.857,37.330338,53.78788,363.08014,-238.3415,1.7730924,137.86992,6.7062798
1054,l,FALSE,0.05,09:16,15:10,15:20,1,1.5,4,-100,100,170,2,1.5,1000,30,100,1000,0.15,0.4,TRUE,1000,1000,1000,1.5,1000,10,5,98,198,817.5,-531.75,1684.9531,-969.5,191.02069,-142.185,57.575756,49.49495,1.8232751,1.2886549,9832.819,33.982372,400.94165,-253.71309,54.08163,1.8612367,4215.9727,14.165531,46.938778,394.59595,-267.98926,1.302536,144.16162,1.6371726
1056,l,FALSE,0.05,09:16,15:10,15:15,1,1.5,4,-100,100,100,2,2.5,1000,30,175,1000,0.15,0.4,TRUE,1000,1000,1000,1.5,1000,10,5,29,39,1602.5,-221.80078,5465.801,-221.80078,358.78464,-107.05379,66.66667,64.10257,6.702887,4.765307,7936.701,29.400206,548.72943,-115.97494,58.62069,6.7028847,6817.7695,25.485546,55.172413,539.2782,-139.2832,4.765305,110.948715,13.810125
1057,l,FALSE,0.05,09:16,15:10,15:15,1,1.5,4,-100,100,100,2,3,1000,30,175,1000,0.15,0.4,TRUE,1000,1000,1000,1.5,1000,10,5,14,17,1506.75,-113.55078,3933.25,-113.55078,452.00363,-68.967445,82.35294,76.47059,30.584728,19.09847,6121.1484,21.632584,575.27734,-68.967445,78.57143,30.58472,5617.843,19.921774,71.42857,592.8247,-77.601074,19.098473,123.05882,38.698723
1058,l,FALSE,0.05,09:16,15:10,15:15,1,1.5,4,-100,100,100,2,3,1000,30,200,1000,0.15,0.4,TRUE,1000,1000,1000,1.5,1000,10,5,13,15,1506.75,-113.55078,3933.25,-113.55078,460.3086,-68.967445,80.0,73.333336,26.697151,16.694162,5316.801,19.026363,552.3703,-68.967445,76.92308,26.697157,4871.534,17.516855,69.230774,575.77094,-77.601074,16.694162,123.53333,34.02709
1059,l,FALSE,0.05,09:16,15:10,15:15,1,1.5,4,-100,100,100,2,3.5,1000,30,175,1000,0.15,0.4,TRUE,1000,1000,1000,1.5,1000,10,5,7,9,1441.8516,-100.19922,2442.1016,-100.19922,608.7001,-64.47461,77.77778,77.77778,33.043243,20.209862,4131.951,14.407914,852.18005,-64.47461,71.42857,33.043243,3849.9639,13.500724,71.42857,810.076,-100.20801,20.209864,129.0,37.876205
1055,l,FALSE,0.05,09:16,15:10,15:15,1,1.5,4,-100,100,100,2,1.5,1000,30,175,1000,0.15,0.4,TRUE,1000,1000,1000,1.5,1000,10,5,77,122,1602.5,-414.94922,5465.801,-1161.4512,270.1441,-137.34816,56.557377,53.27869,2.5606244,1.8869612,11360.491,43.242218,482.67352,-179.00262,49.35065,2.6273205,7916.247,31.02073,45.454548,473.77713,-206.33221,1.9134885,106.040985,6.6620035
1060,l,FALSE,0.05,09:16,15:10,15:15,1,1.5,4,-100,100,100,2,3.5,1000,30,200,1000,0.15,0.4,TRUE,1000,1000,1000,1.5,1000,10,5,7,8,1441.8516,-100.19922,2442.1016,-100.19922,599.2754,-64.47461,75.0,75.0,27.88425,17.053635,3466.7031,12.351929,719.1305,-64.47461,71.42857,27.884254,3217.4053,11.545767,71.42857,683.5643,-100.20801,17.053635,129.5,32.391586
1061,l,FALSE,0.05,09:16,15:10,15:15,1,1.5,4,-100,100,50,3,1.5,1000,15,150,175,0.15,0.4,TRUE,1000,1000,1000,1.5,1000,10,5,9,9,1331.3008,-181.44922,1331.3008,-181.44922,377.42914,-104.34961,77.77778,66.66667,12.659387,9.668321,2433.3047,9.447882,377.42914,-104.34961,77.77778,12.659387,2193.0508,8.543161,66.66667,407.67447,-84.33203,9.668321,70.77778,11.680324
1062,l,FALSE,0.05,09:16,15:10,15:15,1,1.5,4,-100,100,50,3,1.5,3.5,15,150,175,0.15,0.4,TRUE,1000,1000,1000,1.5,1000,10,5,9,9,1331.3008,-181.44922,1331.3008,-181.44922,377.42914,-104.34961,77.77778,66.66667,12.659387,9.668321,2433.3047,9.447882,377.42914,-104.34961,77.77778,12.659387,2193.0508,8.543161,66.66667,407.67447,-84.33203,9.668321,70.77778,11.680324
1063,l,FALSE,0.05,09:16,15:10,15:15,1,1.5,4,-100,100,50,3,1.5,1000,20,175,200,0.15,0.4,TRUE,1000,1000,1000,1.5,1000,10,5,9,9,1279.4512,-181.44922,1279.4512,-181.44922,379.34003,-77.72461,55.555557,44.444447,6.100707,4.0570235,1585.8018,6.298629,379.34003,-77.72461,55.555557,6.100707,1348.5771,5.395476,44.444447,447.42944,-88.22813,4.0570235,71.44444,5.3475313
1064,l,FALSE,0.05,09:16,15:10,15:15,1,1.5,4,-100,100,50,3,2,1000,20,175,200,0.15,0.4,TRUE,1000,1000,1000,1.5,1000,10,5,4,4,1279.4512,-5.0,1279.4512,-5.0,613.6165,-5.0,75.0,75.0,368.16992,42.658096,1835.8496,6.952487,613.6165,-5.0,75.0,368.16992,1721.4883,6.549008,75.0,587.6042,-41.32422,42.658096,108.0,57.56912
1065,l,FALSE,0.05,09:16,15:10,15:20,1,1.5,4,-100,100,170,2,1,1000,20,50,1000,0.15,0.45,TRUE,1000,1000,1000,1.5,1000,10,5,215,531,836.10156,-592.39844,3260.6914,-1154.9492,184.0091,-141.84903,59.698685,52.54237,1.92158,1.3347645,27975.19,94.410675,509.90527,-275.2336,51.627903,1.9773228,12492.748,41.263435,43.720932,508.5777,-291.84756,1.3537664,139.30696,2.700915
1066,l,FALSE,0.05,09:16,15:10,15:20,1,1.5,4,-100,100,170,2,1,6,20,50,1000,0.15,0.45,TRUE,1000,1000,1000,1.5,1000,10,5,213,529,836.10156,-592.39844,3260.6914,-1154.9492,182.70264,-140.7934,59.73535,52.551987,1.9251741,1.3339674,27745.04,93.28786,509.11487,-274.3456,51.643192,1.9818612,12328.17,40.34118,43.661972,507.93597,-290.91562,1.3531429,139.25897,2.8426745
1067,l,FALSE,0.05,09:16,15:10,15:20,1,1.5,4,-100,100,170,2,1,5.5,20,50,1000,0.15,0.45,TRUE,1000,1000,1000,1.5,1000,10,5,213,529,836.10156,-592.39844,3260.6914,-1154.9492,182.70264,-140.7934,59.73535,52.551987,1.9251741,1.3339674,27745.04,93.28786,509.11487,-274.3456,51.643192,1.9818612,12328.17,40.34118,43.661972,507.93597,-290.91562,1.3531429,139.25897,2.8426745
1068,l,FALSE,0.05,09:16,15:10,15:20,1,1.5,4,-100,100,170,2,1,5,20,50,1000,0.15,0.45,TRUE,1000,1000,1000,1.5,1000,10,5,211,526,836.10156,-592.39844,3260.6914,-1154.9492,182.89389,-138.94926,59.695816,52.47148,1.9495605,1.3477826,27971.438,93.53589,510.98425,-271.82202,51.658768,2.008858,12640.652,40.88909,43.601894,510.6811,-288.5883,1.3680813,139.3232,3.237309
1069,l,FALSE,0.05,09:16,15:10,15:20,1,1.5,4,-100,100,170,2,1,2,20,50,1000,0.15,0.45,TRUE,1000,1000,1000,1.5,1000,10,5,168,407,833.39844,-473.75,3260.6914,-1095.1484,181.36955,-127.2487,62.653564,56.511055,2.3911545,1.6130399,26907.434,87.46867,497.23077,-247.86577,54.761906,2.4283748,14903.742,46.7249,47.023808,489.4878,-267.03137,1.6271088,139.55037,4.059196
1072,l,FALSE,0.05,09:16,15:10,15:20,1,1.5,4,-100,100,170,2,1,1.5,20,50,1000,0.15,0.45,TRUE,1000,1000,1000,1.5,1000,10,5,139,268,833.39844,-446.5,1874.207,-870.6953,191.35979,-140.20424,64.55224,59.701492,2.4854898,1.711731,19785.836,65.22631,398.4836,-237.2911,59.71223,2.4889667,11712.46,38.393623,53.237408,379.49066,-251.84384,1.7154896,138.42537,5.8230166
1073,l,FALSE,0.05,09:16,15:10,15:20,1,1.5,4,-100,100,170,2,1.5,1000,30,100,1000,0.15,0.45,TRUE,1000,1000,1000,1.5,1000,10,5,100,218,817.5,-531.75,1675.3535,-969.5,190.58084,-136.50473,57.339447,49.541286,1.8765432,1.3179407,11127.665,37.97593,422.05106,-268.55872,55.0,1.9207724,4961.999,16.15705,46.0,430.7127,-275.01456,1.3341237,143.54587,1.8102188
1074,l,FALSE,0.05,09:16,15:10,15:15,1,1.5,4,-100,100,100,2,1.5,1000,30,175,1000,0.15,0.45,TRUE,1000,1000,1000,1.5,1000,10,5,77,127,1602.5,-420.70312,5465.801,-1161.4512,262.518,-136.00186,56.692917,51.181103,2.526877,1.8534782,11421.195,43.976204,489.83954,-184.42836,49.35065,2.587886,7845.458,31.254349,45.454548,479.89664,-213.11728,1.8764969,106.20473,6.712176
1070,l,FALSE,0.05,09:16,15:10,15:20,1,1.5,4,-100,100,170,2,1,1000,30,100,1000,0.15,0.45,TRUE,1000,1000,1000,1.5,1000,10,5,142,331,833.39844,-531.75,3260.6914,-969.5,182.3728,-134.31831,57.401814,49.848946,1.8296133,1.2589048,15711.949,53.01762,451.82983,-271.27298,52.816902,1.8644676,6073.966,19.891184,45.774647,439.66788,-292.26553,1.2699006,141.27492,2.0409024
1071,l,FALSE,0.05,09:16,15:10,15:20,1,1.5,4,-100,100,170,2,1,6,30,100,1000,0.15,0.45,TRUE,1000,1000,1000,1.5,1000,10,5,140,329,833.39844,-531.75,3260.6914,-969.5,180.17981,-132.77846,57.446808,49.848022,1.8319442,1.2553842,15464.998,51.850002,449.8701,-270.08167,52.857143,1.8675826,5892.575,18.924154,45.714287,437.65866,-291.02075,1.2664207,141.21277,2.174005
1075,l,FALSE,0.05,09:16,15:10,15:15,1,1.5,4,-100,100,100,2,2.5,1000,30,175,1000,0.15,0.45,TRUE,1000,1000,1000,1.5,1000,10,5,29,39,1602.5,-221.80078,5465.801,-221.80078,358.7174,-109.99234,66.66667,64.10257,6.52259,4.674298,7896.752,29.298122,548.6266,-119.15836,58.62069,6.5225887,6777.793,25.38349,55.172413,538.9027,-141.89618,4.674297,111.23077,13.390476
1076,l,FALSE,0.05,09:16,15:10,15:15,1,1.5,4,-100,100,100,2,3,1000,30,175,1000,0.15,0.45,TRUE,1000,1000,1000,1.5,1000,10,5,14,17,1496.75,-105.75,3964.0508,-105.75,453.2288,-66.36719,82.35294,76.47059,31.869184,19.647757,6146.1016,21.737116,576.8367,-66.36719,78.57143,31.869175,5642.8037,20.026245,71.42857,594.54034,-75.6499,19.647758,123.64706,41.171844
1077,l,FALSE,0.05,09:16,15:10,15:15,1,1.5,4,-100,100,100,2,3,1000,30,200,1000,0.15,0.45,TRUE,1000,1000,1000,1.5,1000,10,5,13,15,1496.75,-105.75,3964.0508,-105.75,463.71713,-66.36719,80.0,73.333336,27.948578,17.259974,5365.504,19.19969,556.4606,-66.36719,76.92308,27.948586,4920.2607,17.690094,69.230774,580.3178,-75.6499,17.259974,124.13333,36.368965
1078,l,FALSE,0.05,09:16,15:10,15:15,1,1.5,4,-100,100,100,2,3.5,1000,30,175,1000,0.15,0.45,TRUE,1000,1000,1000,1.5,1000,10,5,7,9,1441.8516,-100.19922,2442.1016,-100.19922,606.7503,-64.47461,77.77778,77.77778,32.937405,20.141705,4118.3027,14.366625,849.4504,-64.47461,71.42857,32.937405,3836.3037,13.45944,71.42857,807.34393,-100.20801,20.141705,129.44444,37.760384
1079,l,FALSE,0.05,09:16,15:10,15:15,1,1.5,4,-100,100,100,2,3.5,1000,30,200,1000,0.15,0.45,TRUE,1000,1000,1000,1.5,1000,10,5,7,8,1441.8516,-100.19922,2442.1016,-100.19922,600.959,-64.47461,75.0,75.0,27.96259,17.104055,3476.8047,12.379428,721.15076,-64.47461,71.42857,27.96259,3227.5107,11.573249,71.42857,685.5853,-100.20801,17.104057,129.875,32.468685
1080,l,FALSE,0.05,09:16,15:10,15:15,1,1.5,4,-100,100,50,3,1.5,1000,15,150,175,0.15,0.45,TRUE,1000,1000,1000,1.5,1000,10,5,11,11,1331.3008,-181.44922,1331.3008,-181.44922,359.16296,-95.73307,72.72727,63.636364,10.004566,7.2363496,2586.1045,10.743962,359.16296,-95.73307,72.72727,10.004566,2294.0752,9.6386,63.636364,380.27582,-91.96387,7.2363496,75.454544,13.178022
1081,l,FALSE,0.05,09:16,15:10,15:15,1,1.5,4,-100,100,50,3,1.5,3.5,15,150,175,0.15,0.45,TRUE,1000,1000,1000,1.5,1000,10,5,11,11,1331.3008,-181.44922,1331.3008,-181.44922,359.16296,-95.73307,72.72727,63.636364,10.004566,7.2363496,2586.1045,10.743962,359.16296,-95.73307,72.72727,10.004566,2294.0752,9.6386,63.636364,380.27582,-91.96387,7.2363496,75.454544,13.178022
1082,l,FALSE,0.05,09:16,15:10,15:15,1,1.5,4,-100,100,50,3,1.5,1000,20,175,200,0.15,0.45,TRUE,1000,1000,1000,1.5,1000,10,5,10,10,1279.4512,-181.44922,1279.4512,-181.44922,324.00015,-77.72461,60.000004,50.0,6.2528496,4.081631,1633.1025,6.4284973,324.00015,-77.72461,60.000004,6.2528496,1359.4326,5.4252806,50.0,360.11465,-88.22813,4.081631,71.8,5.3770714
1083,l,FALSE,0.05,09:16,15:10,15:15,1,1.5,4,-100,100,50,3,2,1000,20,175,200,0.15,0.45,TRUE,1000,1000,1000,1.5,1000,10,5,5,5,1279.4512,-5.0,1279.4512,-5.0,472.0376,-5.0,80.0,80.0,377.63007,42.920788,1883.1504,7.0823555,472.0376,-5.0,80.0,377.63007,1732.3438,6.5788126,80.0,443.417,-41.32422,42.920788,101.4,57.83112
1084,l,FALSE,0.05,09:16,15:10,15:20,1,1.5,4,-100,100,170,2,1,1000,20,50,1000,0.15,0.5,TRUE,1000,1000,1000,1.5,1000,10,5,215,566,830.0469,-592.39844,3247.3906,-1522.2969,185.85207,-144.07622,59.0106,52.296818,1.8570926,1.2957493,28648.906,97.19672,557.73926,-295.20502,50.23256,1.9069859,12111.063,40.54812,43.255814,548.10266,-318.54495,1.3116388,140.20319,2.1182594
1088,l,FALSE,0.05,09:16,15:10,15:20,1,1.5,4,-100,100,170,2,1,2,20,50,1000,0.15,0.5,TRUE,1000,1000,1000,1.5,1000,10,5,170,425,830.0469,-473.75,3247.3906,-1522.2969,181.55315,-131.64847,62.82353,56.70588,2.3304625,1.58267,27674.23,90.640945,515.7713,-263.53894,54.705883,2.363767,15132.281,48.095627,47.058823,506.96802,-282.50177,1.5951695,140.36,3.7329376
1089,l,FALSE,0.05,09:16,15:10,15:20,1,1.5,4,-100,100,170,2,1,1000,30,100,1000,0.15,0.5,TRUE,1000,1000,1000,1.5,1000,10,5,142,351,830.0469,-531.75,3247.3906,-1246.8984,188.92755,-136.00055,57.26496,50.99715,1.8614849,1.2904357,17574.354,59.669468,509.2052,-284.02362,51.40845,1.8967589,7307.045,24.539719,46.478874,476.35156,-317.5284,1.3027928,143.28206,2.2417405
1085,l,FALSE,0.05,09:16,15:10,15:20,1,1.5,4,-100,100,170,2,1,6,20,50,1000,0.15,0.5,TRUE,1000,1000,1000,1.5,1000,10,5,213,564,830.0469,-592.39844,3247.3906,-1522.2969,184.52895,-143.04259,59.042557,52.304966,1.859651,1.2944201,28405.305,96.00995,557.0971,-294.3782,50.23474,1.910307,11933.026,39.56196,43.19249,547.5617,-317.70782,1.3104113,140.15602,2.196312
1086,l,FALSE,0.05,09:16,15:10,15:20,1,1.5,4,-100,100,170,2,1,5.5,20,50,1000,0.15,0.5,TRUE,1000,1000,1000,1.5,1000,10,5,213,564,830.0469,-592.39844,3247.3906,-1522.2969,184.52895,-143.04259,59.042557,52.304966,1.859651,1.2944201,28405.305,96.00995,557.0971,-294.3782,50.23474,1.910307,11933.026,39.56196,43.19249,547.5617,-317.70782,1.3104113,140.15602,2.196312
1087,l,FALSE,0.05,09:16,15:10,15:20,1,1.5,4,-100,100,170,2,1,5,20,50,1000,0.15,0.5,TRUE,1000,1000,1000,1.5,1000,10,5,212,560,830.0469,-592.39844,3247.3906,-1522.2969,183.50133,-141.35255,58.928574,52.14286,1.862609,1.2925466,28044.352,94.45114,553.931,-289.3617,50.0,1.9143205,11690.958,38.40394,42.92453,544.67847,-313.0147,1.3086742,140.25893,2.1149707
1090,l,FALSE,0.05,09:16,15:10,15:20,1,1.5,4,-100,100,170,2,1,6,30,100,1000,0.15,0.5,TRUE,1000,1000,1000,1.5,1000,10,5,140,349,830.0469,-531.75,3247.3906,-1246.8984,186.73993,-134.56499,57.306587,51.002865,1.8627253,1.2864535,17297.803,58.39491,507.57687,-283.05487,51.428574,1.8986932,7096.039,23.4658,46.42857,474.48203,-316.6039,1.2988397,143.22923,2.369039
1091,l,FALSE,0.05,09:16,15:10,15:20,1,1.5,4,-100,100,170,2,1,1.5,20,50,1000,0.15,0.5,TRUE,1000,1000,1000,1.5,1000,10,5,146,280,830.0469,-454.5,1874.207,-802.84375,189.45189,-138.47075,64.64286,59.285713,2.501407,1.7141668,20582.19,67.8536,393.78955,-231.82208,59.58904,2.5048203,12147.046,39.819595,52.054794,382.4906,-241.74629,1.7178153,138.975,6.03643
1092,l,FALSE,0.05,09:16,15:10,15:20,1,1.5,4,-100,100,170,2,1.5,1000,30,100,1000,0.15,0.5,TRUE,1000,1000,1000,1.5,1000,10,5,100,228,817.5,-531.75,1727.2539,-979.59766,201.25786,-132.9373,56.14035,50.438595,1.9378313,1.3660946,12467.276,42.541023,473.82462,-269.05167,52.999996,1.9859116,5985.744,19.719854,48.0,447.2133,-297.70178,1.3866638,145.14473,2.147828
1093,l,FALSE,0.05,09:16,15:10,15:15,1,1.5,4,-100,100,100,2,1.5,1000,30,175,1000,0.15,0.5,TRUE,1000,1000,1000,1.5,1000,10,5,78,133,1602.5,-420.70312,5465.301,-1161.4512,256.30673,-138.33485,55.6391,49.62406,2.3238504,1.7060354,10804.942,41.259205,478.9424,-201.89261,50.0,2.3722632,7064.202,27.93869,43.589745,494.78262,-221.78197,1.7239095,105.37594,6.000106
1094,l,FALSE,0.05,09:16,15:10,15:15,1,1.5,4,-100,100,100,2,2.5,1000,30,175,1000,0.15,0.5,TRUE,1000,1000,1000,1.5,1000,10,5,30,42,1602.5,-404.3496,5465.301,-404.3496,358.35007,-120.871826,61.904762,59.523808,4.8176556,3.522597,7383.1523,27.353779,548.0648,-148.76532,56.666668,4.8176565,6167.8486,23.140104,53.333336,538.3055,-174.64565,3.5225978,108.2381,8.411147
1095,l,FALSE,0.05,09:16,15:10,15:15,1,1.5,4,-100,100,100,2,3,1000,30,175,1000,0.15,0.5,TRUE,1000,1000,1000,1.5,1000,10,5,15,20,1496.75,-404.3496,3963.5508,-404.3496,453.19308,-114.75879,70.0,65.0,9.214549,6.691826,5656.1504,19.888496,576.7912,-172.13818,73.333336,9.214551,5056.5205,17.87854,66.66667,594.49036,-177.67656,6.691828,115.35,10.163613
1096,l,FALSE,0.05,09:16,15:10,15:15,1,1.5,4,-100,100,100,2,3,1000,30,200,1000,0.15,0.5,TRUE,1000,1000,1000,1.5,1000,10,5,14,17,1496.75,-404.3496,3963.5508,-404.3496,463.67545,-131.11055,70.588234,64.70589,8.487655,6.346166,4908.5527,17.45265,556.4105,-163.88818,71.42857,8.487656,4399.4443,15.743922,64.28571,580.26227,-164.5832,6.346164,116.76471,8.950123
1097,l,FALSE,0.05,09:16,15:10,15:15,1,1.5,4,-100,100,100,2,3.5,1000,30,175,1000,0.15,0.5,TRUE,1000,1000,1000,1.5,1000,10,5,8,10,1441.8516,-404.3496,2441.6016,-404.3496,606.67883,-177.76628,70.0,70.0,7.9631743,6.410255,3713.4531,12.752935,849.3504,-177.76628,62.5,7.963175,3406.5693,11.746555,62.5,807.24396,-209.88347,6.410255,120.6,6.865163
1098,l,FALSE,0.05,09:16,15:10,15:15,1,1.5,4,-100,100,100,2,3.5,1000,30,200,1000,0.15,0.5,TRUE,1000,1000,1000,1.5,1000,10,5,8,9,1441.8516,-404.3496,2441.6016,-404.3496,600.8757,-177.76628,66.66667,66.66667,6.76029,5.443382,3071.955,10.7657385,721.0508,-177.76628,62.5,6.760288,2797.7764,9.860365,62.5,685.48535,-209.88347,5.4433804,120.0,5.762797
1099,l,FALSE,0.05,09:16,15:10,15:15,1,1.5,4,-100,100,50,3,1.5,1000,15,150,175,0.15,0.5,TRUE,1000,1000,1000,1.5,1000,10,5,11,11,1331.3008,-181.44922,1331.3008,-181.44922,359.16296,-95.73307,72.72727,63.636364,10.004566,7.2363496,2586.1045,10.743962,359.16296,-95.73307,72.72727,10.004566,2294.0752,9.6386,63.636364,380.27582,-91.96387,7.2363496,75.454544,13.178022
1104,l,FALSE,0.05,09:16,15:10,15:20,1,1.5,4,-100,100,170,2,1,6,20,50,1000,0.15,0.6,TRUE,1000,1000,1000,1.5,1000,10,5,215,622,1474.3984,-592.39844,4091.5898,-1854.5977,193.45618,-145.75018,58.36013,51.607716,1.8602887,1.3116575,32475.293,110.687065,632.5272,-334.9312,50.23256,1.9061787,14369.453,48.431694,43.720932,620.49725,-363.28342,1.3268957,142.01929,2.4919362
1100,l,FALSE,0.05,09:16,15:10,15:15,1,1.5,4,-100,100,50,3,1.5,3.5,15,150,175,0.15,0.5,TRUE,1000,1000,1000,1.5,1000,10,5,11,11,1331.3008,-181.44922,1331.3008,-181.44922,359.16296,-95.73307,72.72727,63.636364,10.004566,7.2363496,2586.1045,10.743962,359.16296,-95.73307,72.72727,10.004566,2294.0752,9.6386,63.636364,380.27582,-91.96387,7.2363496,75.454544,13.178022
1101,l,FALSE,0.05,09:16,15:10,15:15,1,1.5,4,-100,100,50,3,1.5,1000,20,175,200,0.15,0.5,TRUE,1000,1000,1000,1.5,1000,10,5,11,11,1279.4512,-181.44922,1279.4512,-181.44922,324.00015,-78.489456,54.545456,45.454548,4.953534,3.292336,1551.5537,6.092225,324.00015,-78.489456,54.545456,4.953534,1253.6748,4.989181,45.454548,360.11465,-91.14974,3.292336,68.90909,4.944847
1102,l,FALSE,0.05,09:16,15:10,15:15,1,1.5,4,-100,100,50,3,2,1000,20,175,200,0.15,0.5,TRUE,1000,1000,1000,1.5,1000,10,5,5,5,1279.4512,-5.0,1279.4512,-5.0,472.0376,-5.0,80.0,80.0,377.63007,42.920788,1883.1504,7.0823555,472.0376,-5.0,80.0,377.63007,1732.3438,6.5788126,80.0,443.417,-41.32422,42.920788,101.4,57.83112
1103,l,FALSE,0.05,09:16,15:10,15:20,1,1.5,4,-100,100,170,2,1,1000,20,50,1000,0.15,0.6,TRUE,1000,1000,1000,1.5,1000,10,5,215,624,1474.3984,-592.39844,4091.5898,-1854.5977,194.64569,-146.59998,58.333332,51.602566,1.8588268,1.3131282,32735.043,111.91684,638.3277,-338.3583,50.23256,1.904175,14563.646,49.460846,43.720932,626.8576,-366.6196,1.3282987,142.05449,2.4101772
1105,l,FALSE,0.05,09:16,15:10,15:20,1,1.5,4,-100,100,170,2,1,5.5,20,50,1000,0.15,0.6,TRUE,1000,1000,1000,1.5,1000,10,5,214,620,1474.3984,-592.39844,4091.5898,-1854.5977,193.74568,-145.09125,58.387096,51.6129,1.873612,1.3201579,32702.395,110.94288,631.7063,-335.11218,50.46729,1.9206263,14648.449,48.887383,43.925236,619.7132,-363.37155,1.3359386,142.03064,2.6447139
1106,l,FALSE,0.05,09:16,15:10,15:20,1,1.5,4,-100,100,170,2,1,5,20,50,1000,0.15,0.6,TRUE,1000,1000,1000,1.5,1000,10,5,213,616,1474.3984,-592.39844,4091.5898,-1854.5977,192.87169,-143.40504,58.27922,51.46104,1.8787344,1.3201386,32385.84,109.49486,629.24554,-329.65512,50.23474,1.9268072,14450.803,47.840088,43.661972,617.643,-358.25,1.3361434,142.12987,2.585401
1107,l,FALSE,0.05,09:16,15:10,15:20,1,1.5,4,-100,100,170,2,1,2,20,50,1000,0.15,0.6,TRUE,1000,1000,1000,1.5,1000,10,5,177,465,833.39844,-473.75,4091.5898,-1854.5977,180.38521,-137.33676,62.7957,55.698925,2.2169244,1.5163294,28913.223,93.602196,543.18567,-286.82224,54.23729,2.244511,15211.292,47.05539,46.892654,532.2466,-308.1401,1.5251582,142.04301,2.8872082
1108,l,FALSE,0.05,09:16,15:10,15:20,1,1.5,4,-100,100,170,2,1,1000,30,100,1000,0.15,0.6,TRUE,1000,1000,1000,1.5,1000,10,5,142,393,1474.3984,-578.4492,4091.5898,-1248.0977,201.98447,-137.4816,57.50636,51.145042,1.988224,1.3978072,22689.062,77.64572,612.63477,-319.32285,51.40845,2.0297635,11245.137,38.307045,46.478874,582.0574,-357.50854,1.4138708,145.49364,3.81741
1109,l,FALSE,0.05,09:16,15:10,15:20,1,1.5,4,-100,100,170,2,1,6,30,100,1000,0.15,0.6,TRUE,1000,1000,1000,1.5,1000,10,5,141,391,1474.3984,-578.4492,4091.5898,-1248.0977,200.09795,-136.20198,57.544754,51.150894,1.9912858,1.3957585,22412.512,76.37117,604.0533,-318.8732,51.77305,2.0336263,11034.131,37.23313,46.80851,572.9988,-357.11713,1.4119707,145.4578,3.9019768
1110,l,FALSE,0.05,09:16,15:10,15:20,1,1.5,4,-100,100,170,2,1,1.5,20,50,1000,0.15,0.6,TRUE,1000,1000,1000,1.5,1000,10,5,151,305,833.39844,-454.5,2482.8438,-953.6992,189.49767,-140.33647,64.91804,58.688526,2.498704,1.7157317,22504.535,73.38114,410.64984,-247.74335,60.264904,2.5139687,13316.853,42.844368,52.317883,401.8558,-255.96881,1.7225738,141.93443,6.5302343
1111,l,FALSE,0.05,09:16,15:10,15:20,1,1.5,4,-100,100,170,2,1.5,1000,30,100,1000,0.15,0.6,TRUE,1000,1000,1000,1.5,1000,10,5,100,255,1474.3984,-578.4492,3479.5469,-1026.2969,214.39178,-135.79576,57.254906,51.76471,2.114698,1.5121894,16499.465,58.573902,577.48486,-300.1539,52.999996,2.1695745,9303.78,33.044746,49.0,542.91864,-339.20068,1.5378144,146.61177,3.053059
1112,l,FALSE,0.05,09:16,15:10,15:15,1,1.5,4,-100,100,100,2,1.5,1000,30,175,1000,0.15,0.6,TRUE,1000,1000,1000,1.5,1000,10,5,78,139,1602.5,-443.20312,6480.6523,-1189.4023,259.1224,-142.66792,57.55396,52.517986,2.4627292,1.8171188,12312.386,46.81496,537.1538,-202.4865,48.71795,2.520149,8392.394,32.891636,44.871796,526.5723,-233.43346,1.8360925,105.71223,6.694206
1113,l,FALSE,0.05,09:16,15:10,15:15,1,1.5,4,-100,100,100,2,2.5,1000,30,175,1000,0.15,0.6,TRUE,1000,1000,1000,1.5,1000,10,5,30,45,1602.5,-401.1504,6480.6523,-401.1504,367.09482,-120.32495,64.44444,62.222225,5.529687,4.038558,8720.551,31.891506,626.2206,-148.09225,56.666668,5.5296874,7405.2256,27.375566,53.333336,615.1381,-174.07031,4.038685,110.62222,9.996267
1114,l,FALSE,0.05,09:16,15:10,15:15,1,1.5,4,-100,100,100,2,3,1000,30,175,1000,0.15,0.6,TRUE,1000,1000,1000,1.5,1000,10,5,15,22,1496.75,-401.1504,4978.9023,-401.1504,477.72534,-114.225586,72.72727,68.181816,11.152792,8.111588,6958.252,24.34425,694.8732,-171.33838,73.333336,11.152795,6295.048,22.132074,66.66667,718.02295,-177.03633,8.11159,119.72727,12.672036
1115,l,FALSE,0.05,09:16,15:10,15:15,1,1.5,4,-100,100,100,2,3,1000,30,200,1000,0.15,0.6,TRUE,1000,1000,1000,1.5,1000,10,5,14,18,1496.75,-401.1504,4978.9023,-401.1504,504.63913,-130.4707,72.22222,66.66667,10.05637,7.5514646,5907.955,21.041267,656.0309,-163.08838,71.42857,10.056372,5370.331,19.230753,64.28571,687.7829,-163.94296,7.5514627,121.666664,11.010843
1116,l,FALSE,0.05,09:16,15:10,15:15,1,1.5,4,-100,100,100,2,3.5,1000,30,175,1000,0.15,0.6,TRUE,1000,1000,1000,1.5,1000,10,5,8,12,1441.8516,-401.1504,3456.9531,-401.1504,616.18384,-176.69987,75.0,75.0,10.461533,8.414961,5015.5547,17.208689,1109.1309,-176.69987,62.5,10.461532,4645.0967,16.000093,62.5,1054.3092,-208.8164,8.414961,127.75,9.420165
1117,l,FALSE,0.05,09:16,15:10,15:15,1,1.5,4,-100,100,100,2,3.5,1000,30,200,1000,0.15,0.6,TRUE,1000,1000,1000,1.5,1000,10,5,8,10,1441.8516,-401.1504,3456.9531,-401.1504,657.351,-176.69987,70.0,70.0,8.680363,7.015911,4071.3574,14.354358,920.2914,-176.69987,62.5,8.680363,3768.663,13.347194,62.5,879.02246,-208.8164,7.0159116,128.5,7.858252
1118,l,FALSE,0.05,09:16,15:10,15:15,1,1.5,4,-100,100,50,3,1.5,1000,15,150,175,0.15,0.6,TRUE,1000,1000,1000,1.5,1000,10,5,12,12,1331.3008,-181.44922,1331.3008,-181.44922,334.51703,-95.73307,75.0,66.66667,10.482804,7.548215,2723.454,11.352775,334.51703,-95.73307,75.0,10.482804,2408.796,10.147108,66.66667,347.08142,-91.96387,7.548215,74.25,13.8732605
1119,l,FALSE,0.05,09:16,15:10,15:15,1,1.5,4,-100,100,50,3,1.5,3.5,15,150,175,0.15,0.6,TRUE,1000,1000,1000,1.5,1000,10,5,12,12,1331.3008,-181.44922,1331.3008,-181.44922,334.51703,-95.73307,75.0,66.66667,10.482804,7.548215,2723.454,11.352775,334.51703,-95.73307,75.0,10.482804,2408.796,10.147108,66.66667,347.08142,-91.96387,7.548215,74.25,13.8732605
1120,l,FALSE,0.05,09:16,15:10,15:15,1,1.5,4,-100,100,50,3,1.5,1000,20,175,200,0.15,0.6,TRUE,1000,1000,1000,1.5,1000,10,5,12,12,1279.4512,-181.44922,1279.4512,-181.44922,297.3358,-78.489456,58.333332,50.0,5.3035164,3.5021017,1688.9033,6.7010374,297.3358,-78.489456,58.333332,5.3035164,1368.3955,5.4976892,50.0,319.21567,-91.14974,3.5021017,68.25,5.4488363
1121,l,FALSE,0.05,09:16,15:10,15:15,1,1.5,4,-100,100,50,3,2,1000,20,175,200,0.15,0.6,TRUE,1000,1000,1000,1.5,1000,10,5,5,5,1279.4512,-5.0,1279.4512,-5.0,472.0376,-5.0,80.0,80.0,377.63007,42.920788,1883.1504,7.0823555,472.0376,-5.0,80.0,377.63007,1732.3438,6.5788126,80.0,443.417,-41.32422,42.920788,101.4,57.83112
1122,l,FALSE,0.05,09:16,15:10,15:20,1,1.5,4,-100,100,170,2,1,1000,20,50,1000,0.15,0.7,TRUE,1000,1000,1000,1.5,1000,10,5,215,653,1474.3984,-592.39844,4091.5898,-1854.5977,191.51558,-145.79866,58.346092,51.148544,1.8399525,1.2956177,33310.2,114.09101,650.55865,-354.72333,50.697674,1.8858942,14330.531,48.733948,43.720932,643.88074,-381.7707,1.3102235,143.45023,2.227379
1123,l,FALSE,0.05,09:16,15:10,15:20,1,1.5,4,-100,100,170,2,1,6,20,50,1000,0.15,0.7,TRUE,1000,1000,1000,1.5,1000,10,5,215,651,1474.3984,-592.39844,4091.5898,-1854.5977,190.37102,-144.98352,58.371735,51.152073,1.8411809,1.2940607,33050.45,112.86123,644.8112,-351.26392,50.697674,1.887642,14136.339,47.704803,43.720932,637.5204,-378.43448,1.3087175,143.4209,2.29425
1124,l,FALSE,0.05,09:16,15:10,15:20,1,1.5,4,-100,100,170,2,1,5.5,20,50,1000,0.15,0.7,TRUE,1000,1000,1000,1.5,1000,10,5,214,650,1474.3984,-592.39844,4091.5898,-1854.5977,190.37102,-144.35106,58.46154,51.23077,1.8560972,1.3036253,33366.2,113.712074,644.8112,-351.60217,50.934578,1.9037863,14489.043,48.655228,43.925236,637.5204,-378.64893,1.3188761,143.46,2.452037
1125,l,FALSE,0.05,09:16,15:10,15:20,1,1.5,4,-100,100,170,2,1,5,20,50,1000,0.15,0.7,TRUE,1000,1000,1000,1.5,1000,10,5,213,645,1474.3984,-592.39844,4091.5898,-1854.5977,189.8614,-142.7373,58.294575,51.007755,1.8592371,1.3024751,32991.547,111.782104,641.9567,-346.0931,50.704224,1.9078631,14248.253,47.226227,43.661972,635.17773,-373.5273,1.3178762,143.53334,2.3936827
1126,l,FALSE,0.05,09:16,15:10,15:20,1,1.5,4,-100,100,170,2,1,2,20,50,1000,0.15,0.7,TRUE,1000,1000,1000,1.5,1000,10,5,181,484,833.39844,-473.75,4091.5898,-1854.5977,177.51468,-136.18518,62.396694,54.752064,2.1629176,1.4741077,28823.727,93.80332,535.77344,-295.33957,54.69613,2.190185,14605.567,45.35643,46.40884,534.2194,-312.05014,1.4825279,142.51447,2.587019
1127,l,FALSE,0.05,09:16,15:10,15:20,1,1.5,4,-100,100,170,2,1,1000,30,100,1000,0.15,0.7,TRUE,1000,1000,1000,1.5,1000,10,5,142,406,1474.3984,-578.4492,4091.5898,-1649.2461,199.20013,-139.06593,57.88177,51.724136,1.9685234,1.3835282,23031.756,79.27516,619.497,-335.45624,52.112675,2.0096765,11221.084,38.635696,47.183098,585.49835,-373.43076,1.4006485,146.72906,3.4304755
1128,l,FALSE,0.05,09:16,15:10,15:20,1,1.5,4,-100,100,170,2,1,6,30,100,1000,0.15,0.7,TRUE,1000,1000,1000,1.5,1000,10,5,141,404,1474.3984,-578.4492,4091.5898,-1649.2461,197.37428,-137.82574,57.92079,51.73267,1.9711839,1.3813587,22755.205,78.000595,611.03143,-335.24066,52.48227,2.0130928,11010.078,37.561775,47.51773,576.5749,-373.24918,1.3986206,146.7005,3.4627585
1129,l,FALSE,0.05,09:16,15:10,15:20,1,1.5,4,-100,100,170,2,1,1.5,20,50,1000,0.15,0.7,TRUE,1000,1000,1000,1.5,1000,10,5,152,313,833.39844,-454.5,2482.8438,-953.6992,188.6677,-137.11906,63.897766,57.82748,2.4352934,1.6681166,22239.086,72.50274,417.61932,-247.52664,59.210526,2.4491165,12853.157,41.166412,51.973682,403.5182,-260.61343,1.6756006,142.64537,6.0850797
1130,l,FALSE,0.05,09:16,15:10,15:20,1,1.5,4,-100,100,170,2,1.5,1000,30,100,1000,0.15,0.7,TRUE,1000,1000,1000,1.5,1000,10,5,100,265,1474.3984,-578.4492,3476.996,-1290.6973,210.91817,-140.05708,58.113205,52.83019,2.0893278,1.4982586,16935.062,60.410633,587.63416,-321.6779,54.000004,2.144479,9461.528,33.880558,50.0,549.03735,-359.8068,1.5259227,148.09811,2.9371579
1131,l,FALSE,0.05,09:16,15:10,15:15,1,1.5,4,-100,100,100,2,1.5,1000,30,175,1000,0.15,0.7,TRUE,1000,1000,1000,1.5,1000,10,5,78,143,1602.5,-443.20312,6480.6523,-1187.0527,258.46075,-142.39754,58.04196,52.44755,2.51084,1.8497397,12908.389,48.400402,556.4117,-205.88142,48.71795,2.567454,8872.9375,34.076347,46.153847,529.6508,-242.726,1.8703657,106.23776,6.4763026
1132,l,FALSE,0.05,09:16,15:10,15:15,1,1.5,4,-100,100,100,2,2.5,1000,30,175,1000,0.15,0.7,TRUE,1000,1000,1000,1.5,1000,10,5,30,46,1602.5,-401.1504,6480.6523,-401.1504,358.67502,-123.69971,65.21739,63.04348,5.4366794,3.9774487,8781.056,31.925823,632.95593,-152.24579,56.666668,5.4366803,7427.408,27.309896,56.666668,583.3657,-191.52374,3.9831245,110.23913,9.972288
1133,l,FALSE,0.05,09:16,15:10,15:15,1,1.5,4,-100,100,100,2,3,1000,30,175,1000,0.15,0.7,TRUE,1000,1000,1000,1.5,1000,10,5,15,23,1496.75,-401.1504,4978.9023,-401.1504,461.42676,-114.225586,73.91304,69.565216,11.445558,8.295042,7158.9014,24.82019,713.1141,-171.33838,73.333336,11.445561,6457.4375,22.50778,66.66667,734.2619,-177.03633,8.295044,118.17391,12.887152
1134,l,FALSE,0.05,09:16,15:10,15:15,1,1.5,4,-100,100,100,2,3,1000,30,200,1000,0.15,0.7,TRUE,1000,1000,1000,1.5,1000,10,5,14,19,1496.75,-401.1504,4978.9023,-401.1504,482.92557,-130.4707,73.68421,68.42105,10.363949,7.749567,6108.6045,21.517204,676.0958,-163.08838,71.42857,10.36395,5532.7207,19.606455,64.28571,705.8262,-163.94296,7.7495675,119.68421,11.225957
1136,l,FALSE,0.05,09:16,15:10,15:15,1,1.5,4,-100,100,100,2,3.5,1000,30,200,1000,0.15,0.7,TRUE,1000,1000,1000,1.5,1000,10,5,8,11,1441.8516,-401.1504,3456.9531,-401.1504,599.5509,-176.69987,72.72727,72.72727,9.048123,7.2660294,4266.3076,14.814985,959.28143,-176.69987,62.5,9.048124,3925.3496,13.707593,62.5,910.35974,-208.8164,7.2660294,124.27273,8.070439
1137,l,FALSE,0.05,09:16,15:10,15:15,1,1.5,4,-100,100,50,3,1.5,1000,15,150,175,0.15,0.7,TRUE,1000,1000,1000,1.5,1000,10,5,13,13,1331.3008,-181.44922,1331.3008,-181.44922,334.51703,-80.3999,69.230774,61.538464,9.361497,6.4238324,2689.0537,11.238114,334.51703,-80.3999,69.230774,9.361497,2344.4092,9.932501,61.538464,347.08142,-86.44844,6.4238324,72.76923,10.499228
1138,l,FALSE,0.05,09:16,15:10,15:15,1,1.5,4,-100,100,50,3,1.5,3.5,15,150,175,0.15,0.7,TRUE,1000,1000,1000,1.5,1000,10,5,12,12,1331.3008,-181.44922,1331.3008,-181.44922,334.51703,-95.73307,75.0,66.66667,10.482804,7.548215,2723.454,11.352775,334.51703,-95.73307,75.0,10.482804,2408.796,10.147108,66.66667,347.08142,-91.96387,7.548215,74.25,13.8732605
1139,l,FALSE,0.05,09:16,15:10,15:15,1,1.5,4,-100,100,50,3,1.5,1000,20,175,200,0.15,0.7,TRUE,1000,1000,1000,1.5,1000,10,5,12,12,1279.4512,-181.44922,1279.4512,-181.44922,297.3358,-78.489456,58.333332,50.0,5.3035164,3.5021017,1688.9033,6.7010374,297.3358,-78.489456,58.333332,5.3035164,1368.3955,5.4976892,50.0,319.21567,-91.14974,3.5021017,68.25,5.4488363
1135,l,FALSE,0.05,09:16,15:10,15:15,1,1.5,4,-100,100,100,2,3.5,1000,30,175,1000,0.15,0.7,TRUE,1000,1000,1000,1.5,1000,10,5,8,13,1441.8516,-401.1504,3456.9531,-401.1504,574.0604,-176.69987,76.92308,76.92308,10.829295,8.665082,5210.505,17.66932,1148.1208,-176.69987,62.5,10.829292,4801.783,16.360493,62.5,1085.6465,-208.8164,8.66508,124.23077,9.632353
1140,l,FALSE,0.05,09:16,15:10,15:15,1,1.5,4,-100,100,50,3,2,1000,20,175,200,0.15,0.7,TRUE,1000,1000,1000,1.5,1000,10,5,5,5,1279.4512,-5.0,1279.4512,-5.0,472.0376,-5.0,80.0,80.0,377.63007,42.920788,1883.1504,7.0823555,472.0376,-5.0,80.0,377.63007,1732.3438,6.5788126,80.0,443.417,-41.32422,42.920788,101.4,57.83112
1141,l,FALSE,0.05,09:16,15:10,15:20,1,1.5,4,-100,100,170,2,1,1000,20,50,1000,0.15,0.8,TRUE,1000,1000,1000,1.5,1000,10,5,215,668,1474.3984,-592.39844,4091.5898,-1854.5977,190.46887,-147.96872,58.532936,51.047905,1.816984,1.2806399,33486.01,116.98157,651.92566,-373.82437,51.627903,1.8613156,14042.76,50.123062,43.720932,656.55786,-393.99734,1.2945602,143.92366,2.1991131
1142,l,FALSE,0.05,09:16,15:10,15:20,1,1.5,4,-100,100,170,2,1,6,20,50,1000,0.15,0.8,TRUE,1000,1000,1000,1.5,1000,10,5,215,666,1474.3984,-592.39844,4091.5898,-1854.5977,189.351,-147.1177,58.55856,51.051052,1.8186879,1.2794262,33242.41,115.7948,646.282,-370.1432,51.627903,1.8635534,13864.723,49.1369,43.720932,650.19745,-390.5276,1.2934096,143.8949,2.268229
1143,l,FALSE,0.05,09:16,15:10,15:20,1,1.5,4,-100,100,170,2,1,5.5,20,50,1000,0.15,0.8,TRUE,1000,1000,1000,1.5,1000,10,5,214,665,1474.3984,-592.39844,4091.5898,-1854.5977,189.351,-146.32578,58.646618,51.127823,1.8351802,1.2898734,33607.31,116.77679,646.282,-370.1941,51.86916,1.881388,14266.598,50.21839,43.925236,650.19745,-390.43307,1.3045037,143.93233,2.4399633
1144,l,FALSE,0.05,09:16,15:10,15:20,1,1.5,4,-100,100,170,2,1,5,20,50,1000,0.15,0.8,TRUE,1000,1000,1000,1.5,1000,10,5,214,660,1474.3984,-592.39844,4091.5898,-1854.5977,188.88431,-144.77058,58.484848,50.90909,1.8380287,1.2887454,33242.207,114.87546,637.8356,-364.6363,51.86916,1.8851011,14035.367,48.818016,43.925236,641.26324,-385.36145,1.3035111,144.00757,2.3831615
1145,l,FALSE,0.05,09:16,15:10,15:20,1,1.5,4,-100,100,170,2,1,2,20,50,1000,0.15,0.8,TRUE,1000,1000,1000,1.5,1000,10,5,183,497,833.39844,-504.10156,4091.5898,-1854.5977,179.41214,-138.47543,61.971832,54.527164,2.111388,1.4467012,29087.086,96.13981,552.5392,-304.9321,54.098362,2.13558,14480.284,46.391754,45.901638,551.7555,-321.89066,1.454395,143.09256,2.5319524
1146,l,FALSE,0.05,09:16,15:10,15:20,1,1.5,4,-100,100,170,2,1,1000,30,100,1000,0.15,0.8,TRUE,1000,1000,1000,1.5,1000,10,5,142,421,1474.3984,-572.4492,4091.5898,-1649.2461,196.1514,-141.40848,58.432304,51.543945,1.9499031,1.3703309,23506.762,82.63406,629.8845,-354.24747,52.816902,1.9904013,11269.459,40.492943,47.183098,603.2309,-388.62674,1.3866422,147.1449,3.5002933
1147,l,FALSE,0.05,09:16,15:10,15:20,1,1.5,4,-100,100,170,2,1,6,30,100,1000,0.15,0.8,TRUE,1000,1000,1000,1.5,1000,10,5,141,419,1474.3984,-572.4492,4091.5898,-1649.2461,194.39508,-140.21025,58.472557,51.55131,1.9521914,1.3680762,23230.21,81.35952,621.53186,-354.31335,53.19149,1.9933943,11058.453,39.41902,47.51773,594.3074,-388.6505,1.3845063,147.11934,3.604502
1148,l,FALSE,0.05,09:16,15:10,15:20,1,1.5,4,-100,100,170,2,1,1.5,20,50,1000,0.15,0.8,TRUE,1000,1000,1000,1.5,1000,10,5,156,318,833.39844,-454.5,2482.8438,-953.6992,188.19038,-137.46141,64.15094,57.861637,2.4498634,1.6791985,22720.238,75.13247,411.21548,-246.39363,59.615387,2.4636693,13214.029,43.294823,52.564102,395.77393,-259.9923,1.6868201,143.01572,6.332612
1149,l,FALSE,0.05,09:16,15:10,15:20,1,1.5,4,-100,100,170,2,1.5,1000,30,100,1000,0.15,0.8,TRUE,1000,1000,1000,1.5,1000,10,5,100,276,1474.3984,-572.4492,3476.996,-1378.3984,206.12491,-145.59514,58.333332,51.811592,1.9820365,1.4230647,16442.664,59.80277,589.0064,-354.50418,55.0,2.0307143,8630.097,32.172993,49.0,571.7504,-380.1112,1.4451793,147.87682,2.8110874
1152,l,FALSE,0.05,09:16,15:10,15:15,1,1.5,4,-100,100,100,2,3,1000,30,175,1000,0.15,0.8,TRUE,1000,1000,1000,1.5,1000,10,5,15,24,1496.75,-401.1504,4978.9023,-401.1504,441.75027,-114.225586,75.0,70.83333,11.602049,8.399313,7266.1514,25.683844,722.8641,-171.33838,73.333336,11.602051,6549.7383,23.271013,66.66667,743.492,-177.03633,8.399318,119.041664,13.324152
1153,l,FALSE,0.05,09:16,15:10,15:15,1,1.5,4,-100,100,100,2,3,1000,30,200,1000,0.15,0.8,TRUE,1000,1000,1000,1.5,1000,10,5,14,20,1496.75,-401.1504,4978.9023,-401.1504,457.88052,-130.4707,75.0,70.0,10.528353,7.8621683,6215.8545,22.380861,686.8208,-163.08838,71.42857,10.528355,5625.0215,20.369688,64.28571,716.0818,-163.94296,7.8621683,120.65,11.662957
1154,l,FALSE,0.05,09:16,15:10,15:15,1,1.5,4,-100,100,100,2,3.5,1000,30,175,1000,0.15,0.8,TRUE,1000,1000,1000,1.5,1000,10,5,8,14,1441.8516,-401.1504,3456.9531,-401.1504,534.7641,-176.69987,78.57143,78.57143,11.09679,8.867597,5352.3057,18.623203,1176.4811,-176.69987,62.5,11.096792,4928.6504,17.213902,62.5,1111.0199,-208.8164,8.867598,125.14286,10.134803
1150,l,FALSE,0.05,09:16,15:10,15:15,1,1.5,4,-100,100,100,2,1.5,1000,30,175,1000,0.15,0.8,TRUE,1000,1000,1000,1.5,1000,10,5,78,147,1602.5,-443.20312,6480.6523,-1187.0527,252.76259,-141.36092,59.183674,53.061222,2.5926952,1.8998405,13508.689,50.89787,570.321,-204.08772,48.71795,2.654765,9361.742,36.17257,44.871796,557.79456,-236.30386,1.9213349,106.482994,7.2832265
1151,l,FALSE,0.05,09:16,15:10,15:15,1,1.5,4,-100,100,100,2,2.5,1000,30,175,1000,0.15,0.8,TRUE,1000,1000,1000,1.5,1000,10,5,30,48,1602.5,-401.1504,6480.6523,-401.1504,343.33444,-123.69971,66.66667,64.58333,5.551097,4.049683,9007.507,33.170906,646.2766,-152.24579,56.666668,5.551096,7607.6035,28.354372,56.666668,593.9654,-191.52374,4.0554976,110.416664,10.353682
1155,l,FALSE,0.05,09:16,15:10,15:15,1,1.5,4,-100,100,100,2,3.5,1000,30,200,1000,0.15,0.8,TRUE,1000,1000,1000,1.5,1000,10,5,8,12,1441.8516,-401.1504,3456.9531,-401.1504,548.68976,-176.69987,75.0,75.0,9.315622,7.468548,4408.1084,15.768868,987.6416,-176.69987,62.5,9.315622,4052.2168,14.561003,62.5,935.7332,-208.8164,7.468548,125.333336,8.57289
1156,l,FALSE,0.05,09:16,15:10,15:15,1,1.5,4,-100,100,50,3,1.5,1000,15,150,175,0.15,0.8,TRUE,1000,1000,1000,1.5,1000,10,5,13,13,1331.3008,-181.44922,1331.3008,-181.44922,334.51703,-80.3999,69.230774,61.538464,9.361497,6.4238324,2689.0537,11.238114,334.51703,-80.3999,69.230774,9.361497,2344.4092,9.932501,61.538464,347.08142,-86.44844,6.4238324,72.76923,10.499228
1157,l,FALSE,0.05,09:16,15:10,15:15,1,1.5,4,-100,100,50,3,1.5,3.5,15,150,175,0.15,0.8,TRUE,1000,1000,1000,1.5,1000,10,5,12,12,1331.3008,-181.44922,1331.3008,-181.44922,334.51703,-95.73307,75.0,66.66667,10.482804,7.548215,2723.454,11.352775,334.51703,-95.73307,75.0,10.482804,2408.796,10.147108,66.66667,347.08142,-91.96387,7.548215,74.25,13.8732605
1158,l,FALSE,0.05,09:16,15:10,15:15,1,1.5,4,-100,100,50,3,1.5,1000,20,175,200,0.15,0.8,TRUE,1000,1000,1000,1.5,1000,10,5,12,12,1279.4512,-181.44922,1279.4512,-181.44922,297.3358,-78.489456,58.333332,50.0,5.3035164,3.5021017,1688.9033,6.7010374,297.3358,-78.489456,58.333332,5.3035164,1368.3955,5.4976892,50.0,319.21567,-91.14974,3.5021017,68.25,5.4488363
1159,l,FALSE,0.05,09:16,15:10,15:15,1,1.5,4,-100,100,50,3,2,1000,20,175,200,0.15,0.8,TRUE,1000,1000,1000,1.5,1000,10,5,5,5,1279.4512,-5.0,1279.4512,-5.0,472.0376,-5.0,80.0,80.0,377.63007,42.920788,1883.1504,7.0823555,472.0376,-5.0,80.0,377.63007,1732.3438,6.5788126,80.0,443.417,-41.32422,42.920788,101.4,57.83112
1160,l,FALSE,0.05,09:16,15:10,15:20,1,1.5,4,-100,100,170,2,1,1000,20,50,1000,0.15,0.9,TRUE,1000,1000,1000,1.5,1000,10,5,215,683,1474.3984,-592.39844,5480.295,-1854.5977,193.8438,-146.23479,57.9795,50.65886,1.8290032,1.2921672,34792.754,122.333694,677.46576,-378.3665,51.162792,1.8757635,14972.352,53.97249,43.720932,677.8972,-402.89252,1.3071251,144.24744,2.3467724
1161,l,FALSE,0.05,09:16,15:10,15:20,1,1.5,4,-100,100,170,2,1,6,20,50,1000,0.15,0.9,TRUE,1000,1000,1000,1.5,1000,10,5,215,681,1474.3984,-592.39844,4924.5957,-1854.5977,192.92769,-145.2772,58.002937,50.660793,1.8341217,1.2934188,34657.152,121.501236,672.41394,-374.3655,51.162792,1.8816736,14902.363,53.340454,43.720932,672.2899,-399.11484,1.3085829,144.21733,2.450147
1162,l,FALSE,0.05,09:16,15:10,15:20,1,1.5,4,-100,100,170,2,1,5.5,20,50,1000,0.15,0.9,TRUE,1000,1000,1000,1.5,1000,10,5,214,679,1474.3984,-592.39844,4091.5898,-1854.5977,191.27689,-144.52223,58.026512,50.66274,1.8296973,1.2874484,34174.254,119.46428,664.74713,-374.49933,51.40187,1.8774346,14484.91,51.504524,43.925236,663.6209,-399.12888,1.3024275,144.16495,2.488062
1163,l,FALSE,0.05,09:16,15:10,15:20,1,1.5,4,-100,100,170,2,1,5,20,50,1000,0.15,0.9,TRUE,1000,1000,1000,1.5,1000,10,5,214,675,1474.3984,-592.39844,4091.5898,-1854.5977,190.56953,-143.12054,57.925926,50.51852,1.8332003,1.2869961,33866.45,118.067154,657.0162,-369.28207,51.40187,1.8818163,14296.019,50.50811,43.925236,655.4549,-394.30618,1.3021346,144.26814,2.441858
1164,l,FALSE,0.05,09:16,15:10,15:20,1,1.5,4,-100,100,170,2,1,2,20,50,1000,0.15,0.9,TRUE,1000,1000,1000,1.5,1000,10,5,184,502,833.39844,-526.60156,4091.5898,-1854.5977,179.79897,-137.69121,61.354584,54.18327,2.0731466,1.4219679,28665.988,94.86182,559.1201,-303.8115,53.260868,2.0971453,13940.833,44.614403,45.652176,552.8991,-325.0269,1.4289136,143.33864,2.345623
1168,l,FALSE,0.05,09:16,15:10,15:20,1,1.5,4,-100,100,170,2,1.5,1000,30,100,1000,0.15,0.9,TRUE,1000,1000,1000,1.5,1000,10,5,100,285,1474.3984,-542.59766,6031.994,-1378.3984,214.92366,-145.76811,58.596493,51.578945,2.0866816,1.5069909,18691.615,68.03425,637.24725,-363.48853,55.0,2.14273,10625.456,39.500305,49.0,623.04376,-390.26837,1.5338436,148.44211,3.1762547
1169,l,FALSE,0.05,09:16,15:10,15:15,1,1.5,4,-100,100,100,2,1.5,1000,30,175,1000,0.15,0.9,TRUE,1000,1000,1000,1.5,1000,10,5,78,149,1602.5,-443.20312,6536.6016,-1187.0527,254.9736,-141.091,59.731544,53.691273,2.6806164,1.9630615,14227.189,52.849712,588.8027,-203.68283,48.71795,2.746243,10003.879,37.923435,44.871796,575.67847,-235.92714,1.9861027,106.26174,7.6357574
1165,l,FALSE,0.05,09:16,15:10,15:20,1,1.5,4,-100,100,170,2,1,1000,30,100,1000,0.15,0.9,TRUE,1000,1000,1000,1.5,1000,10,5,142,431,1474.3984,-542.59766,6031.994,-1649.2461,201.6984,-141.6128,58.7007,51.74014,2.0244195,1.4297059,25822.613,91.335014,666.19855,-360.33246,52.816902,2.0696018,13314.908,48.189438,47.183098,641.5423,-395.57898,1.4487906,147.76334,4.20556
1166,l,FALSE,0.05,09:16,15:10,15:20,1,1.5,4,-100,100,170,2,1,6,30,100,1000,0.15,0.9,TRUE,1000,1000,1000,1.5,1000,10,5,141,428,1474.3984,-542.59766,4924.5957,-1649.2461,198.8936,-140.43605,58.64486,51.635517,2.008365,1.4134614,25065.113,88.36875,651.4332,-360.49057,53.19149,2.0534935,12651.602,45.52468,47.51773,625.86804,-395.69672,1.4320673,147.64252,4.0594797
1167,l,FALSE,0.05,09:16,15:10,15:20,1,1.5,4,-100,100,170,2,1,1.5,20,50,1000,0.15,0.9,TRUE,1000,1000,1000,1.5,1000,10,5,159,326,833.39844,-454.5,2482.8438,-953.6992,186.05908,-137.72908,64.11043,57.36196,2.413157,1.6516497,22772.043,75.913155,407.45938,-249.00932,59.74843,2.4289153,13034.335,43.275124,52.20126,395.4276,-260.3442,1.6587602,143.15338,6.343524
1170,l,FALSE,0.05,09:16,15:10,15:15,1,1.5,4,-100,100,100,2,2.5,1000,30,175,1000,0.15,0.9,TRUE,1000,1000,1000,1.5,1000,10,5,30,49,1602.5,-401.1504,6536.6016,-401.1504,347.28192,-122.6875,67.34694,65.30612,5.8381577,4.251866,9497.304,34.54081,674.1355,-151.0,56.666668,5.8381586,8059.2793,29.623579,56.666668,619.58167,-190.27765,4.2581053,110.12245,10.817136
1171,l,FALSE,0.05,09:16,15:10,15:15,1,1.5,4,-100,100,100,2,3,1000,30,175,1000,0.15,0.9,TRUE,1000,1000,1000,1.5,1000,10,5,15,26,1496.75,-401.1504,6160.4023,-401.1504,465.49283,-114.225586,76.92308,73.07692,13.584023,9.858508,8624.503,30.390837,846.3506,-171.33838,73.333336,13.5840225,7841.3906,27.77565,66.66667,872.6572,-177.03633,9.858512,121.07692,15.903347
1172,l,FALSE,0.05,09:16,15:10,15:15,1,1.5,4,-100,100,100,2,3,1000,30,200,1000,0.15,0.9,TRUE,1000,1000,1000,1.5,1000,10,5,14,22,1496.75,-401.1504,6160.4023,-401.1504,483.91528,-130.4707,77.27273,72.72727,12.610586,9.4379015,7574.206,27.087854,822.65594,-163.08838,71.42857,12.610586,6916.674,24.874327,64.28571,859.59875,-163.94296,9.437902,122.90909,14.242152
1173,l,FALSE,0.05,09:16,15:10,15:15,1,1.5,4,-100,100,100,2,3.5,1000,30,175,1000,0.15,0.9,TRUE,1000,1000,1000,1.5,1000,10,5,8,14,1441.8516,-401.1504,3512.9023,-401.1504,539.8504,-176.69987,78.57143,78.57143,11.202335,8.956955,5408.255,18.830524,1187.6709,-176.69987,62.5,11.202336,4984.629,17.421124,62.5,1122.2156,-208.8164,8.956955,125.57143,10.256806
1174,l,FALSE,0.05,09:16,15:10,15:15,1,1.5,4,-100,100,100,2,3.5,1000,30,200,1000,0.15,0.9,TRUE,1000,1000,1000,1.5,1000,10,5,8,12,1441.8516,-401.1504,3512.9023,-401.1504,554.9064,-176.69987,75.0,75.0,9.421167,7.557906,4464.0576,15.97619,998.8314,-176.69987,62.5,9.421167,4108.1953,14.768224,62.5,946.9289,-208.8164,7.557906,125.833336,8.694893
1175,l,FALSE,0.05,09:16,15:10,15:15,1,1.5,4,-100,100,50,3,1.5,1000,15,150,175,0.15,0.9,TRUE,1000,1000,1000,1.5,1000,10,5,13,13,1331.3008,-181.44922,1331.3008,-181.44922,334.51703,-80.3999,69.230774,61.538464,9.361497,6.4238324,2689.0537,11.238114,334.51703,-80.3999,69.230774,9.361497,2344.4092,9.932501,61.538464,347.08142,-86.44844,6.4238324,72.76923,10.499228
1176,l,FALSE,0.05,09:16,15:10,15:15,1,1.5,4,-100,100,50,3,1.5,3.5,15,150,175,0.15,0.9,TRUE,1000,1000,1000,1.5,1000,10,5,12,12,1331.3008,-181.44922,1331.3008,-181.44922,334.51703,-95.73307,75.0,66.66667,10.482804,7.548215,2723.454,11.352775,334.51703,-95.73307,75.0,10.482804,2408.796,10.147108,66.66667,347.08142,-91.96387,7.548215,74.25,13.8732605
1177,l,FALSE,0.05,09:16,15:10,15:15,1,1.5,4,-100,100,50,3,1.5,1000,20,175,200,0.15,0.9,TRUE,1000,1000,1000,1.5,1000,10,5,13,13,1279.4512,-181.44922,1279.4512,-181.44922,264.33752,-78.489456,61.538464,53.846157,5.3884954,3.5325367,1722.2529,6.9008837,264.33752,-78.489456,61.538464,5.3884954,1385.04,5.597431,53.846157,275.9912,-91.14974,3.5325367,67.84615,5.5476923
1178,l,FALSE,0.05,09:16,15:10,15:15,1,1.5,4,-100,100,50,3,2,1000,20,175,200,0.15,0.9,TRUE,1000,1000,1000,1.5,1000,10,5,6,6,1279.4512,-5.0,1279.4512,-5.0,384.3,-5.0,83.33333,83.33333,384.29987,43.323547,1916.5,7.2822027,384.3,-5.0,83.33333,384.29987,1748.9883,6.6785545,83.33333,358.0625,-41.32422,43.323547,95.0,58.7079
1179,l,FALSE,0.05,09:16,15:10,15:20,1,1.5,4,-100,100,170,2,1,1000,20,50,1000,0.15,1,TRUE,1000,1000,1000,1.5,1000,10,5,215,693,1474.3984,-592.39844,6339.9434,-1854.5977,196.41602,-146.925,57.72006,50.64935,1.825045,1.2930641,35517.363,125.93039,697.32153,-381.98743,50.697674,1.8771744,15401.293,56.567444,43.720932,693.38495,-411.3794,1.3094062,144.57864,2.253514
1184,l,FALSE,0.05,09:16,15:10,15:20,1,1.5,4,-100,100,170,2,1,1000,30,100,1000,0.15,1,TRUE,1000,1000,1000,1.5,1000,10,5,142,437,1474.3984,-578.4492,6891.6426,-1815.8945,205.71745,-142.85368,58.352406,51.716244,2.0176625,1.430296,26458.578,94.48058,690.7553,-362.60764,52.112675,2.0730515,13756.406,50.73345,47.183098,658.5858,-404.91794,1.4529774,147.84439,3.69585
1180,l,FALSE,0.05,09:16,15:10,15:20,1,1.5,4,-100,100,170,2,1,6,20,50,1000,0.15,1,TRUE,1000,1000,1000,1.5,1000,10,5,215,691,1474.3984,-592.39844,5784.244,-1854.5977,195.51555,-146.04549,57.742405,50.65123,1.8292929,1.2938862,35365.414,125.0545,692.2233,-378.17847,50.697674,1.8822185,15314.949,55.891983,43.720932,687.77765,-407.73682,1.3104204,144.54848,2.3369129
1181,l,FALSE,0.05,09:16,15:10,15:20,1,1.5,4,-100,100,170,2,1,5.5,20,50,1000,0.15,1,TRUE,1000,1000,1000,1.5,1000,10,5,214,689,1474.3984,-592.39844,4979.3945,-1854.5977,193.98457,-145.2702,57.764877,50.65312,1.8263363,1.2890966,34932.215,123.18858,684.8395,-378.24066,50.934578,1.8795667,14947.215,54.226997,43.925236,679.51855,-407.72943,1.3054972,144.49782,2.376548
1182,l,FALSE,0.05,09:16,15:10,15:20,1,1.5,4,-100,100,170,2,1,5,20,50,1000,0.15,1,TRUE,1000,1000,1000,1.5,1000,10,5,214,685,1474.3984,-592.39844,4091.5898,-1854.5977,192.37164,-143.77649,57.664234,50.51095,1.8224361,1.2822773,34291.613,120.30933,673.6554,-372.73166,50.934578,1.8761979,14421.156,51.7492,43.925236,667.3839,-402.60782,1.2984947,144.47446,2.449016
1183,l,FALSE,0.05,09:16,15:10,15:20,1,1.5,4,-100,100,170,2,1,2,20,50,1000,0.15,1,TRUE,1000,1000,1000,1.5,1000,10,5,187,508,833.39844,-526.60156,4091.5898,-1854.5977,179.28387,-137.66829,61.811024,54.330708,2.1078284,1.4444711,29587.49,98.3724,551.49286,-303.64288,54.010696,2.1330435,14693.661,47.523193,45.989304,549.0398,-322.01743,1.4517823,143.66536,2.4949906
1185,l,FALSE,0.05,09:16,15:10,15:20,1,1.5,4,-100,100,170,2,1,6,30,100,1000,0.15,1,TRUE,1000,1000,1000,1.5,1000,10,5,141,434,1474.3984,-578.4492,5784.244,-1815.8945,202.9666,-141.7098,58.29493,51.6129,2.0020118,1.4145646,25701.078,91.514336,675.79047,-362.7973,52.48227,2.0573347,13093.1,48.068695,47.51773,642.9116,-405.16187,1.436699,147.7258,3.7892296
1186,l,FALSE,0.05,09:16,15:10,15:20,1,1.5,4,-100,100,170,2,1,1.5,20,50,1000,0.15,1,TRUE,1000,1000,1000,1.5,1000,10,5,160,328,833.39844,-454.5,2482.8438,-953.6992,185.22688,-138.87546,64.63415,57.62195,2.437566,1.6689337,23158.543,77.6193,407.08688,-248.77809,60.000004,2.4545186,13370.152,44.78042,52.499996,394.54175,-260.14938,1.6762384,143.54573,6.564179
1187,l,FALSE,0.05,09:16,15:10,15:20,1,1.5,4,-100,100,170,2,1.5,1000,30,100,1000,0.15,1,TRUE,1000,1000,1000,1.5,1000,10,5,100,291,1474.3984,-578.4492,6891.6426,-1815.8945,221.52948,-146.69211,57.731956,51.54639,2.062666,1.4962273,19173.822,70.4674,667.51575,-366.7832,54.000004,2.1364272,10913.122,41.332275,49.0,643.2088,-404.00214,1.5296576,148.43987,3.3289664
1188,l,FALSE,0.05,09:16,15:10,15:15,1,1.5,4,-100,100,100,2,1.5,1000,30,175,1000,0.15,1,TRUE,1000,1000,1000,1.5,1000,10,5,78,151,1602.5,-443.20312,6536.6016,-1187.0527,250.15164,-141.74767,60.264904,53.642387,2.6765642,1.9583449,14258.9375,52.966057,590.675,-204.66785,48.71795,2.7417166,9982.436,37.839733,44.871796,575.8387,-236.55623,1.9813721,106.07947,7.618904
1189,l,FALSE,0.05,09:16,15:10,15:15,1,1.5,4,-100,100,100,2,2.5,1000,30,175,1000,0.15,1,TRUE,1000,1000,1000,1.5,1000,10,5,30,49,1602.5,-440.55078,6536.6016,-440.55078,347.28192,-125.150024,67.34694,65.30612,5.723283,4.185234,9457.903,34.389194,674.1355,-154.03079,56.666668,5.7232833,8019.8223,29.472044,56.666668,619.58167,-193.3128,4.19125,110.061226,10.197537
1190,l,FALSE,0.05,09:16,15:10,15:15,1,1.5,4,-100,100,100,2,3,1000,30,175,1000,0.15,1,TRUE,1000,1000,1000,1.5,1000,10,5,15,26,1496.75,-440.55078,6160.4023,-440.55078,465.49283,-120.79232,76.92308,73.07692,12.845544,9.437818,8585.103,30.239222,846.3506,-181.18848,73.333336,12.845543,7801.9336,27.624115,66.66667,872.6572,-184.92773,9.43782,120.96154,14.55384
1191,l,FALSE,0.05,09:16,15:10,15:15,1,1.5,4,-100,100,100,2,3,1000,30,200,1000,0.15,1,TRUE,1000,1000,1000,1.5,1000,10,5,14,22,1496.75,-440.55078,6160.4023,-440.55078,483.91528,-138.35078,77.27273,72.72727,11.892322,9.004471,7534.8057,26.936237,822.65594,-172.93848,71.42857,11.892323,6877.217,24.722792,64.28571,859.59875,-171.83438,9.004471,122.77273,13.02527
1192,l,FALSE,0.05,09:16,15:10,15:15,1,1.5,4,-100,100,100,2,3.5,1000,30,175,1000,0.15,1,TRUE,1000,1000,1000,1.5,1000,10,5,8,15,1441.8516,-440.55078,4577.254,-440.55078,583.55884,-189.83333,80.0,80.0,12.296236,9.9818,6433.206,22.487503,1400.5413,-189.83333,62.5,12.296236,5981.037,20.976274,62.5,1329.3887,-221.96875,9.9818,130.66667,11.338355
1193,l,FALSE,0.05,09:16,15:10,15:15,1,1.5,4,-100,100,100,2,3.5,1000,30,200,1000,0.15,1,TRUE,1000,1000,1000,1.5,1000,10,5,8,13,1441.8516,-440.55078,4577.254,-440.55078,605.8509,-189.83333,76.92308,76.92308,10.638297,8.66565,5489.009,19.633173,1211.7018,-189.83333,62.5,10.638295,5104.6035,18.323376,62.5,1154.1019,-221.96875,8.665648,131.6923,9.904377
1194,l,FALSE,0.05,09:16,15:10,15:15,1,1.5,4,-100,100,50,3,1.5,1000,15,150,175,0.15,1,TRUE,1000,1000,1000,1.5,1000,10,5,13,13,1331.3008,-181.44922,1331.3008,-181.44922,334.51703,-80.3999,69.230774,61.538464,9.361497,6.4238324,2689.0537,11.238114,334.51703,-80.3999,69.230774,9.361497,2344.4092,9.932501,61.538464,347.08142,-86.44844,6.4238324,72.76923,10.499228
1195,l,FALSE,0.05,09:16,15:10,15:15,1,1.5,4,-100,100,50,3,1.5,3.5,15,150,175,0.15,1,TRUE,1000,1000,1000,1.5,1000,10,5,12,12,1331.3008,-181.44922,1331.3008,-181.44922,334.51703,-95.73307,75.0,66.66667,10.482804,7.548215,2723.454,11.352775,334.51703,-95.73307,75.0,10.482804,2408.796,10.147108,66.66667,347.08142,-91.96387,7.548215,74.25,13.8732605
1196,l,FALSE,0.05,09:16,15:10,15:15,1,1.5,4,-100,100,50,3,1.5,1000,20,175,200,0.15,1,TRUE,1000,1000,1000,1.5,1000,10,5,13,13,1279.4512,-181.44922,1279.4512,-181.44922,264.33752,-78.489456,61.538464,53.846157,5.3884954,3.5325367,1722.2529,6.9008837,264.33752,-78.489456,61.538464,5.3884954,1385.04,5.597431,53.846157,275.9912,-91.14974,3.5325367,67.84615,5.5476923
1197,l,FALSE,0.05,09:16,15:10,15:15,1,1.5,4,-100,100,50,3,2,1000,20,175,200,0.15,1,TRUE,1000,1000,1000,1.5,1000,10,5,6,6,1279.4512,-5.0,1279.4512,-5.0,384.3,-5.0,83.33333,83.33333,384.29987,43.323547,1916.5,7.2822027,384.3,-5.0,83.33333,384.29987,1748.9883,6.6785545,83.33333,358.0625,-41.32422,43.323547,95.0,58.7079
1198,l,FALSE,0.05,09:16,15:10,15:20,1,1.5,4,-100,100,170,2,1,1000,20,50,1000,0.2,0.25,TRUE,1000,1000,1000,1.5,1000,10,5,150,194,845.4512,-603.60156,1276.3516,-603.60156,186.7061,-133.62291,58.24742,51.03093,1.9492654,1.3352418,10274.334,35.342464,251.94441,-158.762,55.333336,1.9659004,4510.0137,15.924876,48.666668,243.09825,-171.89815,1.3407345,137.1134,3.1129482
1199,l,FALSE,0.05,09:16,15:10,15:20,1,1.5,4,-100,100,170,2,1,6,20,50,1000,0.2,0.25,TRUE,1000,1000,1000,1.5,1000,10,5,150,194,845.4512,-603.60156,1276.3516,-603.60156,186.7061,-133.62291,58.24742,51.03093,1.9492654,1.3352418,10274.334,35.342464,251.94441,-158.762,55.333336,1.9659004,4510.0137,15.924876,48.666668,243.09825,-171.89815,1.3407345,137.1134,3.1129482
1200,l,FALSE,0.05,09:16,15:10,15:20,1,1.5,4,-100,100,170,2,1,5.5,20,50,1000,0.2,0.25,TRUE,1000,1000,1000,1.5,1000,10,5,150,194,845.4512,-603.60156,1276.3516,-603.60156,186.7061,-133.62291,58.24742,51.03093,1.9492654,1.3352418,10274.334,35.342464,251.94441,-158.762,55.333336,1.9659004,4510.0137,15.924876,48.666668,243.09825,-171.89815,1.3407345,137.1134,3.1129482
1201,l,FALSE,0.05,09:16,15:10,15:20,1,1.5,4,-100,100,170,2,1,5,20,50,1000,0.2,0.25,TRUE,1000,1000,1000,1.5,1000,10,5,150,194,845.4512,-603.60156,1276.3516,-603.60156,186.7061,-133.62291,58.24742,51.03093,1.9492654,1.3352418,10274.334,35.342464,251.94441,-158.762,55.333336,1.9659004,4510.0137,15.924876,48.666668,243.09825,-171.89815,1.3407345,137.1134,3.1129482
1202,l,FALSE,0.05,09:16,15:10,15:20,1,1.5,4,-100,100,170,2,1,2,20,50,1000,0.2,0.25,TRUE,1000,1000,1000,1.5,1000,10,5,113,143,815.9492,-384.69922,914.0508,-486.30078,162.85722,-122.17048,62.237762,54.545456,2.197035,1.4379543,7897.087,26.659098,219.39912,-140.06926,58.40708,2.1995718,3664.6006,12.3458185,52.212387,202.75963,-153.6707,1.4416128,134.0979,2.3346844
1203,l,FALSE,0.05,09:16,15:10,15:20,1,1.5,4,-100,100,170,2,1,1000,30,100,1000,0.2,0.25,TRUE,1000,1000,1000,1.5,1000,10,5,94,117,815.9492,-427.19922,1276.3516,-486.30078,202.23317,-125.225464,58.11966,52.136757,2.2411585,1.5286002,7615.8076,27.165646,251.47044,-149.08992,57.446808,2.277049,4089.377,15.452122,51.06383,243.10376,-164.77399,1.5395241,144.39316,5.6418705
1204,l,FALSE,0.05,09:16,15:10,15:20,1,1.5,4,-100,100,170,2,1,6,30,100,1000,0.2,0.25,TRUE,1000,1000,1000,1.5,1000,10,5,94,117,815.9492,-427.19922,1276.3516,-486.30078,202.23317,-125.225464,58.11966,52.136757,2.2411585,1.5286002,7615.8076,27.165646,251.47044,-149.08992,57.446808,2.277049,4089.377,15.452122,51.06383,243.10376,-164.77399,1.5395241,144.39316,5.6418705
1205,l,FALSE,0.05,09:16,15:10,15:20,1,1.5,4,-100,100,170,2,1,1.5,20,50,1000,0.2,0.25,TRUE,1000,1000,1000,1.5,1000,10,5,78,94,642.3008,-384.69922,914.0508,-384.69922,165.64638,-137.03133,60.638298,53.19149,1.8622383,1.2439371,4371.6846,14.505346,205.25748,-158.44247,58.97436,1.8622383,1533.3301,5.0981193,53.846157,185.63751,-173.98459,1.2448064,126.26596,0.9421826
1206,l,FALSE,0.05,09:16,15:10,15:20,1,1.5,4,-100,100,170,2,1.5,1000,30,100,1000,0.2,0.25,TRUE,1000,1000,1000,1.5,1000,10,5,64,80,815.9492,-427.19922,1276.3516,-486.30078,221.7336,-119.6548,61.25,53.750004,2.9291108,2.004834,7155.6475,24.846815,269.5449,-151.08952,62.5,2.9733462,4762.9746,16.834482,53.125,276.81183,-154.95427,2.024598,157.075,6.1104016
1207,l,FALSE,0.05,09:16,15:10,15:15,1,1.5,4,-100,100,100,2,1.5,1000,30,175,1000,0.2,0.25,TRUE,1000,1000,1000,1.5,1000,10,5,49,57,1506.75,-321.65234,3915.6504,-545.0508,280.53345,-118.22079,57.894737,54.385967,3.2628226,2.353106,6420.3047,23.179197,329.61978,-133.76424,57.14286,3.2855802,4831.295,17.467636,51.02041,336.03458,-148.73206,2.3534672,108.36842,8.115678
1208,l,FALSE,0.05,09:16,15:10,15:15,1,1.5,4,-100,100,100,2,2.5,1000,30,175,1000,0.2,0.25,TRUE,1000,1000,1000,1.5,1000,10,5,17,19,1506.75,-192.69922,3915.6504,-192.69922,409.7036,-109.00938,73.68421,68.42105,10.523592,7.2553415,5190.8037,18.832184,477.98755,-109.00938,70.588234,10.52359,4631.299,16.922775,64.70589,488.33398,-123.395836,7.2553434,123.89474,17.462585
1209,l,FALSE,0.05,09:16,15:10,15:15,1,1.5,4,-100,100,100,2,3,1000,30,175,1000,0.2,0.25,TRUE,1000,1000,1000,1.5,1000,10,5,9,11,1506.75,-109.75,3915.6504,-109.75,585.5113,-66.049805,81.818184,81.818184,39.891125,24.667017,5137.502,18.296879,752.80023,-66.049805,77.77778,39.891125,4817.8555,17.187725,77.77778,717.34625,-101.78418,24.667017,133.63637,45.133995
1210,l,FALSE,0.05,09:16,15:10,15:15,1,1.5,4,-100,100,100,2,3,1000,30,200,1000,0.2,0.25,TRUE,1000,1000,1000,1.5,1000,10,5,7,9,1506.75,-109.75,3915.6504,-109.75,642.0433,-66.049805,77.77778,77.77778,34.02208,21.143648,4362.203,15.806066,898.86053,-66.049805,71.42857,34.022076,4100.6094,14.898158,71.42857,860.8356,-101.78418,21.14365,136.88889,39.12172
1211,l,FALSE,0.05,09:16,15:10,15:15,1,1.5,4,-100,100,100,2,3.5,1000,30,175,1000,0.2,0.25,TRUE,1000,1000,1000,1.5,1000,10,5,5,6,1441.8516,-109.75,2424.502,-109.75,846.6377,-66.049805,66.66667,66.66667,25.636349,16.024,3254.4512,11.290294,1128.8502,-66.049805,60.000004,25.636347,3058.4102,10.684655,60.000004,1087.3262,-101.78418,16.023998,136.83333,28.0573
1212,l,FALSE,0.05,09:16,15:10,15:15,1,1.5,4,-100,100,100,2,3.5,1000,30,200,1000,0.2,0.25,TRUE,1000,1000,1000,1.5,1000,10,5,4,5,1441.8516,-109.75,2424.502,-109.75,907.1009,-66.049805,60.000004,60.000004,20.600388,12.916645,2589.2031,9.234308,1360.6514,-66.049805,50.0,20.600384,2425.8516,8.729698,50.0,1314.71,-101.78418,12.916643,139.2,22.923695
1213,l,FALSE,0.05,09:16,15:10,15:15,1,1.5,4,-100,100,50,3,1.5,1000,15,150,175,0.2,0.25,TRUE,1000,1000,1000,1.5,1000,10,5,3,3,1331.3008,35.148438,1331.3008,0.0,538.96747,NaN,100.0,66.66667,NaN,1114.677,1616.9023,5.6348205,538.96747,NaN,100.0,NaN,1513.9043,5.3320127,66.66667,757.63184,-1.359375,1114.677,74.666664,1431.2096
1214,l,FALSE,0.05,09:16,15:10,15:15,1,1.5,4,-100,100,50,3,1.5,3.5,15,150,175,0.2,0.25,TRUE,1000,1000,1000,1.5,1000,10,5,3,3,1331.3008,35.148438,1331.3008,0.0,538.96747,NaN,100.0,66.66667,NaN,1114.677,1616.9023,5.6348205,538.96747,NaN,100.0,NaN,1513.9043,5.3320127,66.66667,757.63184,-1.359375,1114.677,74.666664,1431.2096
1216,l,FALSE,0.05,09:16,15:10,15:15,1,1.5,4,-100,100,50,3,2,1000,20,175,200,0.2,0.25,TRUE,1000,1000,1000,1.5,1000,10,5,1,1,1279.4512,1279.4512,1279.4512,0.0,1279.4512,NaN,100.0,100.0,NaN,NaN,1279.4512,4.688077,1279.4512,NaN,100.0,NaN,1251.5195,4.585732,100.0,1251.5195,NaN,NaN,99.0,Infinity
1217,l,FALSE,0.05,09:16,15:10,15:20,1,1.5,4,-100,100,170,2,1,1000,20,50,1000,0.2,0.3,TRUE,1000,1000,1000,1.5,1000,10,5,187,294,836.10156,-592.39844,1945.5977,-714.64844,189.6343,-134.9625,59.523808,51.70068,2.0663068,1.4238156,17125.46,59.439137,331.55508,-178.39192,52.941177,2.090899,8455.169,30.009485,45.989304,324.89087,-192.9252,1.4339223,139.80952,4.386145
1218,l,FALSE,0.05,09:16,15:10,15:20,1,1.5,4,-100,100,170,2,1,6,20,50,1000,0.2,0.3,TRUE,1000,1000,1000,1.5,1000,10,5,186,293,836.10156,-592.39844,1945.5977,-714.64844,189.6343,-133.14099,59.726967,51.877136,2.1123273,1.4519721,17475.36,60.381145,331.55508,-176.42058,53.22581,2.138565,8842.036,31.051012,46.23656,324.89087,-190.98578,1.4629685,139.90443,5.353296
1219,l,FALSE,0.05,09:16,15:10,15:20,1,1.5,4,-100,100,170,2,1,5.5,20,50,1000,0.2,0.3,TRUE,1000,1000,1000,1.5,1000,10,5,185,292,836.10156,-592.39844,1945.5977,-714.64844,190.21465,-133.14099,59.58904,51.71233,2.1066837,1.4482044,17386.71,59.786106,334.0337,-176.42058,52.972973,2.132789,8768.329,30.556273,45.945946,327.84598,-190.98578,1.459109,139.83904,5.268001
1215,l,FALSE,0.05,09:16,15:10,15:15,1,1.5,4,-100,100,50,3,1.5,1000,20,175,200,0.2,0.25,TRUE,1000,1000,1000,1.5,1000,10,5,3,3,1279.4512,-85.05078,1279.4512,-85.05078,646.5259,-85.05078,66.66667,33.333336,15.203295,9.764089,1208.001,4.5678673,646.5259,-85.05078,66.66667,15.203295,1123.3438,4.265587,33.333336,1251.5195,-64.08789,9.764089,63.333332,13.899594
1220,l,FALSE,0.05,09:16,15:10,15:20,1,1.5,4,-100,100,170,2,1,5,20,50,1000,0.2,0.3,TRUE,1000,1000,1000,1.5,1000,10,5,183,290,836.10156,-592.39844,1945.5977,-714.64844,189.8335,-129.6529,59.65517,51.724136,2.164965,1.4805973,17671.809,60.53876,334.83658,-172.17838,53.005463,2.193449,9124.556,31.508553,45.901638,329.11618,-187.08286,1.4926546,140.04138,6.1800675
1221,l,FALSE,0.05,09:16,15:10,15:20,1,1.5,4,-100,100,170,2,1,2,20,50,1000,0.2,0.3,TRUE,1000,1000,1000,1.5,1000,10,5,140,219,823.14844,-384.69922,1631.2969,-714.64844,178.41211,-122.861946,63.92694,56.164383,2.5734036,1.7087911,15271.601,50.943413,313.64804,-155.84583,56.42857,2.6064215,8750.064,29.017988,50.714283,293.26096,-174.94873,1.7248553,138.38356,6.5765114
1222,l,FALSE,0.05,09:16,15:10,15:20,1,1.5,4,-100,100,170,2,1,1000,30,100,1000,0.2,0.3,TRUE,1000,1000,1000,1.5,1000,10,5,123,180,823.14844,-541.25,1631.2969,-765.9492,188.1986,-130.0879,58.333332,51.111115,2.0253844,1.3816863,10004.259,34.057972,288.00226,-174.17992,55.284554,2.0442972,4649.4727,16.041014,49.5935,272.4477,-193.06189,1.3884324,143.12778,2.463742
1223,l,FALSE,0.05,09:16,15:10,15:20,1,1.5,4,-100,100,170,2,1,6,30,100,1000,0.2,0.3,TRUE,1000,1000,1000,1.5,1000,10,5,122,179,823.14844,-541.25,1631.2969,-765.9492,188.1986,-127.11749,58.659218,51.39665,2.1007223,1.4270061,10354.157,34.99997,288.00226,-170.92587,55.737705,2.121794,5036.34,17.082542,50.0,272.4477,-189.88475,1.4348055,143.30168,3.1233475
1224,l,FALSE,0.05,09:16,15:10,15:20,1,1.5,4,-100,100,170,2,1,1.5,20,50,1000,0.2,0.3,TRUE,1000,1000,1000,1.5,1000,10,5,101,145,823.14844,-384.69922,1236.6016,-714.64844,184.18446,-136.90686,64.82758,57.931034,2.4796216,1.6786425,10331.091,34.670486,283.82526,-174.55624,60.396038,2.479622,5907.164,20.153124,56.435646,255.54504,-196.79326,1.6822071,134.34483,5.1781487
1225,l,FALSE,0.05,09:16,15:10,15:20,1,1.5,4,-100,100,170,2,1.5,1000,30,100,1000,0.2,0.3,TRUE,1000,1000,1000,1.5,1000,10,5,87,121,817.5,-541.25,1608.1992,-765.9492,203.23877,-135.84204,57.85124,49.586777,2.053526,1.4454794,7298.7695,25.002523,282.52533,-184.52695,57.471264,2.0690255,3815.3154,12.8901005,48.27586,292.06018,-187.8047,1.4514519,149.71901,2.0852816
1226,l,FALSE,0.05,09:16,15:10,15:15,1,1.5,4,-100,100,100,2,1.5,1000,30,175,1000,0.2,0.3,TRUE,1000,1000,1000,1.5,1000,10,5,61,79,1552.5508,-446.5,4002.252,-949.00195,280.66632,-140.57286,58.227848,55.6962,2.783125,2.067664,8271.747,30.313843,378.89417,-170.76497,55.737705,2.7940507,6030.134,22.398771,50.81967,376.68228,-188.23389,2.0678442,107.75949,6.2625895
1227,l,FALSE,0.05,09:16,15:10,15:15,1,1.5,4,-100,100,100,2,2.5,1000,30,175,1000,0.2,0.3,TRUE,1000,1000,1000,1.5,1000,10,5,21,25,1552.5508,-246.65039,4002.252,-246.65039,371.9817,-131.94987,76.0,72.0,8.927194,6.455453,6275.953,22.715237,471.17682,-131.94987,71.42857,8.927195,5539.9053,20.203915,66.66667,468.24185,-145.06863,6.4554543,119.88,13.303789
1228,l,FALSE,0.05,09:16,15:10,15:15,1,1.5,4,-100,100,100,2,3,1000,30,175,1000,0.2,0.3,TRUE,1000,1000,1000,1.5,1000,10,5,11,14,1506.75,-103.35156,3915.6504,-103.35156,502.3042,-66.05078,85.71429,85.71429,45.628914,27.968327,5895.549,21.028612,669.73895,-66.05078,81.818184,45.628918,5489.8975,19.618101,81.818184,632.6073,-101.78418,27.968325,128.78572,53.824196
1229,l,FALSE,0.05,09:16,15:10,15:15,1,1.5,4,-100,100,100,2,3,1000,30,200,1000,0.2,0.3,TRUE,1000,1000,1000,1.5,1000,10,5,10,12,1506.75,-103.35156,3915.6504,-103.35156,525.23517,-66.05078,83.33333,83.33333,39.759937,24.444948,5120.25,18.5378,656.54395,-66.05078,80.0,39.75995,4772.6514,17.328533,80.0,622.02747,-101.78418,24.444956,130.41667,47.54254
1232,l,FALSE,0.05,09:16,15:10,15:15,1,1.5,4,-100,100,50,3,1.5,1000,15,150,175,0.2,0.3,TRUE,1000,1000,1000,1.5,1000,10,5,4,4,1331.3008,-181.44922,1331.3008,-181.44922,538.96747,-181.44922,75.0,50.0,8.911047,7.1663527,1435.4531,5.003093,538.96747,-181.44922,75.0,8.911047,1303.8223,4.600598,50.0,757.63184,-105.7207,7.1663527,63.5,6.2899985
1233,l,FALSE,0.05,09:16,15:10,15:15,1,1.5,4,-100,100,50,3,1.5,3.5,15,150,175,0.2,0.3,TRUE,1000,1000,1000,1.5,1000,10,5,4,4,1331.3008,-181.44922,1331.3008,-181.44922,538.96747,-181.44922,75.0,50.0,8.911047,7.1663527,1435.4531,5.003093,538.96747,-181.44922,75.0,8.911047,1303.8223,4.600598,50.0,757.63184,-105.7207,7.1663527,63.5,6.2899985
1234,l,FALSE,0.05,09:16,15:10,15:15,1,1.5,4,-100,100,50,3,1.5,1000,20,175,200,0.2,0.3,TRUE,1000,1000,1000,1.5,1000,10,5,4,4,1279.4512,-181.44922,1279.4512,-181.44922,646.5259,-133.25,50.0,25.0,4.8519764,3.6998985,1026.5518,3.9361396,646.5259,-133.25,50.0,4.8519764,913.2617,3.534172,25.0,1251.5195,-112.7526,3.6998985,55.0,3.4038045
1230,l,FALSE,0.05,09:16,15:10,15:15,1,1.5,4,-100,100,100,2,3.5,1000,30,175,1000,0.2,0.3,TRUE,1000,1000,1000,1.5,1000,10,5,7,9,1441.8516,-103.35156,2424.502,-103.35156,592.08563,-66.05078,77.77778,77.77778,31.374342,19.325306,4012.498,14.022022,828.9199,-66.05078,71.42857,31.374346,3730.4521,13.115031,71.42857,786.8041,-101.78418,19.325306,128.22223,35.98229
1231,l,FALSE,0.05,09:16,15:10,15:15,1,1.5,4,-100,100,100,2,3.5,1000,30,200,1000,0.2,0.3,TRUE,1000,1000,1000,1.5,1000,10,5,7,8,1441.8516,-103.35156,2424.502,-103.35156,579.8919,-66.05078,75.0,75.0,26.338457,16.217953,3347.25,11.966038,695.8703,-66.05078,71.42857,26.33846,3097.8936,11.160075,71.42857,660.29236,-101.78418,16.217953,128.625,30.618689
1235,l,FALSE,0.05,09:16,15:10,15:15,1,1.5,4,-100,100,50,3,2,1000,20,175,200,0.2,0.3,TRUE,1000,1000,1000,1.5,1000,10,5,1,1,1279.4512,1279.4512,1279.4512,0.0,1279.4512,NaN,100.0,100.0,NaN,NaN,1279.4512,4.688077,1279.4512,NaN,100.0,NaN,1251.5195,4.585732,100.0,1251.5195,NaN,NaN,99.0,Infinity
1236,l,FALSE,0.05,09:16,15:10,15:20,1,1.5,4,-100,100,170,2,1,1000,20,50,1000,0.2,0.35,TRUE,1000,1000,1000,1.5,1000,10,5,198,356,836.10156,-606.25,1756.0469,-1170.8516,178.72505,-146.56326,60.955055,52.528088,1.9037294,1.3179317,18411.041,64.32086,363.29602,-206.08241,52.525253,1.9504068,7961.9375,28.688652,43.939392,366.60007,-215.60603,1.3326862,139.72191,3.5964797
1237,l,FALSE,0.05,09:16,15:10,15:20,1,1.5,4,-100,100,170,2,1,6,20,50,1000,0.2,0.35,TRUE,1000,1000,1000,1.5,1000,10,5,197,355,836.10156,-606.25,1756.0469,-1170.8516,178.72505,-145.08981,61.126762,52.676056,1.936998,1.338611,18760.94,65.262856,363.29602,-204.536,52.791874,1.9862833,8348.805,29.730179,44.162437,366.60007,-214.04912,1.3545831,139.8,3.727048
1238,l,FALSE,0.05,09:16,15:10,15:20,1,1.5,4,-100,100,170,2,1,5.5,20,50,1000,0.2,0.35,TRUE,1000,1000,1000,1.5,1000,10,5,196,354,836.10156,-606.25,1756.0469,-1170.8516,179.14207,-145.08981,61.01695,52.54237,1.9325705,1.3356216,18672.29,64.66782,365.9625,-204.536,52.551018,1.9816232,8275.098,29.235443,43.877552,370.0058,-214.04912,1.3514527,139.74576,3.6650267
1239,l,FALSE,0.05,09:16,15:10,15:20,1,1.5,4,-100,100,170,2,1,5,20,50,1000,0.2,0.35,TRUE,1000,1000,1000,1.5,1000,10,5,194,352,836.10156,-606.25,1756.0469,-1170.8516,178.78389,-142.26747,61.079544,52.55682,1.9721532,1.3579274,18947.887,65.39475,367.03906,-200.97932,52.577316,2.0247583,8621.816,30.162008,43.814434,371.75705,-210.80307,1.375228,139.90909,3.7811823
1240,l,FALSE,0.05,09:16,15:10,15:20,1,1.5,4,-100,100,170,2,1,2,20,50,1000,0.2,0.35,TRUE,1000,1000,1000,1.5,1000,10,5,150,269,818.5469,-384.69922,1634.4961,-911.25,171.59962,-130.33025,66.171005,57.992565,2.57543,1.7122456,18684.68,62.539005,343.84756,-186.6759,58.666664,2.6143794,10691.047,35.60768,50.0,336.20312,-193.65582,1.7360858,140.19702,5.3553276
1241,l,FALSE,0.05,09:16,15:10,15:20,1,1.5,4,-100,100,170,2,1,1000,30,100,1000,0.2,0.35,TRUE,1000,1000,1000,1.5,1000,10,5,128,213,818.5469,-531.75,1634.4961,-672.4004,182.68929,-131.40387,59.154926,50.23474,2.013521,1.3704191,11586.713,39.346085,318.23102,-193.11736,55.46875,2.0526018,5307.587,18.026468,46.875,317.78857,-202.34894,1.3857335,141.07982,3.5483766
1242,l,FALSE,0.05,09:16,15:10,15:20,1,1.5,4,-100,100,170,2,1,6,30,100,1000,0.2,0.35,TRUE,1000,1000,1000,1.5,1000,10,5,127,212,818.5469,-531.75,1634.4961,-672.4004,182.68929,-128.86324,59.43396,50.4717,2.0770938,1.4084467,11936.611,40.288086,318.23102,-190.3177,55.90551,2.1199892,5694.454,19.067997,47.244095,317.78857,-199.59492,1.4258218,141.21698,4.56109
1243,l,FALSE,0.05,09:16,15:10,15:20,1,1.5,4,-100,100,170,2,1,1.5,20,50,1000,0.2,0.35,TRUE,1000,1000,1000,1.5,1000,10,5,115,176,818.5469,-384.69922,1603.207,-714.64844,184.36609,-134.6772,66.47727,60.227276,2.7146933,1.8302916,13624.877,45.440594,303.59903,-180.24214,61.73913,2.7180016,8290.456,27.817781,55.652172,283.97952,-193.8085,1.8387555,140.10796,7.883499
1244,l,FALSE,0.05,09:16,15:10,15:20,1,1.5,4,-100,100,170,2,1.5,1000,30,100,1000,0.2,0.35,TRUE,1000,1000,1000,1.5,1000,10,5,91,144,817.5,-531.75,1608.1992,-672.4004,192.69133,-134.42104,59.02778,49.305553,2.0651987,1.4404134,8447.922,28.547024,302.59467,-199.72618,58.24176,2.113093,4341.6025,14.132871,47.252747,320.57697,-196.73347,1.4597594,147.84027,2.5393252
1248,l,FALSE,0.05,09:16,15:10,15:15,1,1.5,4,-100,100,100,2,3,1000,30,200,1000,0.2,0.35,TRUE,1000,1000,1000,1.5,1000,10,5,12,14,1506.75,-113.55078,3915.6504,-113.55078,483.88193,-80.05078,78.57143,71.42857,22.16385,14.592088,5082.549,18.34827,591.41125,-80.05078,75.0,22.163853,4671.218,16.939093,66.66667,626.8612,-85.91797,14.59209,124.35714,32.904766
1249,l,FALSE,0.05,09:16,15:10,15:15,1,1.5,4,-100,100,100,2,3.5,1000,30,175,1000,0.2,0.35,TRUE,1000,1000,1000,1.5,1000,10,5,7,9,1441.8516,-97.85156,2424.502,-97.85156,592.08563,-63.30078,77.77778,77.77778,32.73735,19.861935,4017.998,14.03607,828.9199,-63.30078,71.42857,32.737354,3735.9521,13.129065,71.42857,786.8041,-99.03418,19.861935,128.33333,37.46319
1245,l,FALSE,0.05,09:16,15:10,15:15,1,1.5,4,-100,100,100,2,1.5,1000,30,175,1000,0.2,0.35,TRUE,1000,1000,1000,1.5,1000,10,5,69,94,1552.5508,-446.5,4002.252,-1148.752,271.76227,-137.09639,56.382977,53.19149,2.5624483,1.8868905,8782.448,32.831165,397.97092,-168.0153,52.173912,2.5839913,6106.1094,23.414831,47.826088,393.36978,-190.97482,1.8881493,107.010635,5.4185095
1246,l,FALSE,0.05,09:16,15:10,15:15,1,1.5,4,-100,100,100,2,2.5,1000,30,175,1000,0.2,0.35,TRUE,1000,1000,1000,1.5,1000,10,5,26,31,1552.5508,-246.65039,4002.252,-246.65039,356.9101,-111.52273,64.51613,58.064514,5.818791,4.1170125,5911.452,21.516289,446.13763,-122.675,61.538464,5.818792,4992.548,18.405575,53.846157,471.01834,-133.47575,4.1170135,111.80645,9.971045
1247,l,FALSE,0.05,09:16,15:10,15:15,1,1.5,4,-100,100,100,2,3,1000,30,175,1000,0.2,0.35,TRUE,1000,1000,1000,1.5,1000,10,5,13,16,1506.75,-113.55078,3915.6504,-113.55078,469.07693,-80.05078,81.25,75.0,25.392218,16.679094,5857.8477,20.83908,609.8,-80.05078,76.92308,25.39222,5388.464,19.22866,69.230774,636.904,-85.91797,16.6791,123.6875,37.35233
1250,l,FALSE,0.05,09:16,15:10,15:15,1,1.5,4,-100,100,100,2,3.5,1000,30,200,1000,0.2,0.35,TRUE,1000,1000,1000,1.5,1000,10,5,7,8,1441.8516,-97.85156,2424.502,-97.85156,579.8919,-63.30078,75.0,75.0,27.482689,16.668295,3352.75,11.980085,695.8703,-63.30078,71.42857,27.482693,3103.3936,11.1741085,71.42857,660.29236,-99.03418,16.668297,128.75,31.88481
1251,l,FALSE,0.05,09:16,15:10,15:15,1,1.5,4,-100,100,50,3,1.5,1000,15,150,175,0.2,0.35,TRUE,1000,1000,1000,1.5,1000,10,5,4,4,1331.3008,-181.44922,1331.3008,-181.44922,538.96747,-181.44922,75.0,50.0,8.911047,7.1663527,1435.4531,5.003093,538.96747,-181.44922,75.0,8.911047,1303.8223,4.600598,50.0,757.63184,-105.7207,7.1663527,63.5,6.2899985
1252,l,FALSE,0.05,09:16,15:10,15:15,1,1.5,4,-100,100,50,3,1.5,3.5,15,150,175,0.2,0.35,TRUE,1000,1000,1000,1.5,1000,10,5,4,4,1331.3008,-181.44922,1331.3008,-181.44922,538.96747,-181.44922,75.0,50.0,8.911047,7.1663527,1435.4531,5.003093,538.96747,-181.44922,75.0,8.911047,1303.8223,4.600598,50.0,757.63184,-105.7207,7.1663527,63.5,6.2899985
1253,l,FALSE,0.05,09:16,15:10,15:15,1,1.5,4,-100,100,50,3,1.5,1000,20,175,200,0.2,0.35,TRUE,1000,1000,1000,1.5,1000,10,5,5,5,1279.4512,-181.44922,1279.4512,-181.44922,646.5259,-101.96615,40.0,20.0,4.227062,3.1302357,987.1533,3.7585027,646.5259,-101.96615,40.0,4.227062,851.7031,3.2566211,20.0,1251.5195,-99.9541,3.1302357,52.2,2.4749155
1254,l,FALSE,0.05,09:16,15:10,15:15,1,1.5,4,-100,100,50,3,2,1000,20,175,200,0.2,0.35,TRUE,1000,1000,1000,1.5,1000,10,5,1,1,1279.4512,1279.4512,1279.4512,0.0,1279.4512,NaN,100.0,100.0,NaN,NaN,1279.4512,4.688077,1279.4512,NaN,100.0,NaN,1251.5195,4.585732,100.0,1251.5195,NaN,NaN,99.0,Infinity
1255,l,FALSE,0.05,09:16,15:10,15:20,1,1.5,4,-100,100,170,2,1,1000,20,50,1000,0.2,0.4,TRUE,1000,1000,1000,1.5,1000,10,5,202,416,847.9492,-592.39844,2547.4531,-1154.9492,183.38159,-154.02357,60.817307,53.365387,1.8479978,1.2964544,21289.697,73.06036,433.14893,-242.42645,51.48515,1.8961143,9039.789,31.423866,44.059406,426.41925,-255.8542,1.3126708,139.14183,2.810209
1256,l,FALSE,0.05,09:16,15:10,15:20,1,1.5,4,-100,100,170,2,1,6,20,50,1000,0.2,0.4,TRUE,1000,1000,1000,1.5,1000,10,5,201,415,847.9492,-592.39844,2547.4531,-1154.9492,183.38159,-152.71077,60.963856,53.493977,1.8753899,1.3138477,21656.396,74.04715,433.14893,-241.1453,51.741295,1.9258394,9443.469,32.510162,44.278606,426.41925,-254.53433,1.3312585,139.20482,3.2201867
1257,l,FALSE,0.05,09:16,15:10,15:20,1,1.5,4,-100,100,170,2,1,5.5,20,50,1000,0.2,0.4,TRUE,1000,1000,1000,1.5,1000,10,5,201,415,847.9492,-592.39844,2547.4531,-1154.9492,183.38159,-152.71077,60.963856,53.493977,1.8753899,1.3138477,21656.396,74.04715,433.14893,-241.1453,51.741295,1.9258394,9443.469,32.510162,44.278606,426.41925,-254.53433,1.3312585,139.20482,3.2201867
1258,l,FALSE,0.05,09:16,15:10,15:20,1,1.5,4,-100,100,170,2,1,5,20,50,1000,0.2,0.4,TRUE,1000,1000,1000,1.5,1000,10,5,199,412,847.9492,-592.39844,2547.4531,-1154.9492,183.49678,-150.35649,60.92233,53.39806,1.9026289,1.329368,21850.295,74.22595,434.07416,-238.11816,51.758797,1.9558585,9723.434,32.98887,44.221107,427.99335,-251.71153,1.3480116,139.29126,3.5021558
1259,l,FALSE,0.05,09:16,15:10,15:20,1,1.5,4,-100,100,170,2,1,2,20,50,1000,0.2,0.4,TRUE,1000,1000,1000,1.5,1000,10,5,155,313,847.9492,-384.69922,2540.6094,-911.25,176.0819,-138.21579,65.49521,58.466454,2.418172,1.6378031,21169.484,69.88888,405.73172,-216.9389,56.774193,2.456458,11844.42,38.553978,48.387096,398.51685,-225.55429,1.6564062,139.47923,5.4707665
1264,l,FALSE,0.05,09:16,15:10,15:15,1,1.5,4,-100,100,100,2,1.5,1000,30,175,1000,0.2,0.4,TRUE,1000,1000,1000,1.5,1000,10,5,69,99,1552.5508,-414.94922,4019.8516,-1161.4512,266.72,-135.48178,55.555557,53.535355,2.4608476,1.814272,8708.401,33.05511,416.9057,-173.03818,50.724636,2.48019,5931.6836,23.138685,47.826088,400.21573,-202.09543,1.815303,107.68687,5.3046722
1260,l,FALSE,0.05,09:16,15:10,15:20,1,1.5,4,-100,100,170,2,1,1000,30,100,1000,0.2,0.4,TRUE,1000,1000,1000,1.5,1000,10,5,131,246,847.9492,-531.75,2479.246,-690.85156,179.32039,-143.31145,59.34959,50.813007,1.8268445,1.2612307,11849.633,39.29492,365.45825,-225.12206,53.435116,1.8628932,4600.1094,14.675447,46.564884,351.01608,-240.16959,1.2736226,139.80894,2.0416734
1261,l,FALSE,0.05,09:16,15:10,15:20,1,1.5,4,-100,100,170,2,1,6,30,100,1000,0.2,0.4,TRUE,1000,1000,1000,1.5,1000,10,5,130,245,847.9492,-531.75,2479.246,-690.85156,179.32039,-141.2247,59.591835,51.02041,1.8725638,1.2895617,12199.531,40.23693,365.45825,-223.04245,53.846157,1.9116004,4986.9766,15.716976,46.923077,351.01608,-238.04353,1.303621,139.92245,2.5570931
1262,l,FALSE,0.05,09:16,15:10,15:20,1,1.5,4,-100,100,170,2,1,1.5,20,50,1000,0.2,0.4,TRUE,1000,1000,1000,1.5,1000,10,5,122,211,847.9492,-384.69922,1874.207,-714.64844,191.31937,-149.16881,65.87678,61.137436,2.4760718,1.7187992,15853.238,52.483128,364.00125,-218.7521,59.836067,2.479005,9454.837,31.356848,54.098362,341.10526,-233.18054,1.7240586,138.58293,5.7969284
1263,l,FALSE,0.05,09:16,15:10,15:20,1,1.5,4,-100,100,170,2,1.5,1000,30,100,1000,0.2,0.4,TRUE,1000,1000,1000,1.5,1000,10,5,94,163,817.5,-531.75,1684.9531,-690.85156,192.70953,-148.78528,58.282207,49.693253,1.8094971,1.2871022,8190.006,27.329613,342.30295,-228.80354,55.31915,1.8522601,3528.294,11.0161,46.80851,344.65338,-232.7291,1.3032104,145.33128,1.2693844
1265,l,FALSE,0.05,09:16,15:10,15:15,1,1.5,4,-100,100,100,2,2.5,1000,30,175,1000,0.2,0.4,TRUE,1000,1000,1000,1.5,1000,10,5,26,32,1552.5508,-221.80078,4019.8516,-221.80078,359.16498,-99.375,62.5,59.375,6.023731,4.2029514,5990.8,21.876902,478.88666,-108.40909,57.692307,6.023731,5055.2275,18.666004,53.846157,473.82358,-131.52522,4.202953,111.375,10.739115
1266,l,FALSE,0.05,09:16,15:10,15:15,1,1.5,4,-100,100,100,2,3,1000,30,175,1000,0.2,0.4,TRUE,1000,1000,1000,1.5,1000,10,5,13,16,1506.75,-113.55078,3933.25,-113.55078,469.7114,-68.967445,81.25,75.0,29.512707,18.493267,5899.3457,20.931627,610.6248,-68.967445,76.92308,29.512712,5429.9854,19.321167,69.230774,637.82104,-77.601074,18.49327,124.125,37.532024
1267,l,FALSE,0.05,09:16,15:10,15:15,1,1.5,4,-100,100,100,2,3,1000,30,200,1000,0.2,0.4,TRUE,1000,1000,1000,1.5,1000,10,5,12,14,1506.75,-113.55078,3933.25,-113.55078,484.63174,-68.967445,78.57143,71.42857,25.765532,16.182585,5124.047,18.440815,592.3277,-68.967445,75.0,25.765533,4712.7393,17.031599,66.66667,627.89294,-77.601074,16.182589,124.85714,33.08446
1268,l,FALSE,0.05,09:16,15:10,15:15,1,1.5,4,-100,100,100,2,3.5,1000,30,175,1000,0.2,0.4,TRUE,1000,1000,1000,1.5,1000,10,5,7,9,1441.8516,-100.19922,2442.1016,-100.19922,594.75696,-64.47461,77.77778,77.77778,32.286346,19.722626,4034.3496,14.102549,832.6598,-64.47461,71.42857,32.28635,3752.3135,13.195511,71.42857,790.5459,-100.20801,19.722624,128.77777,37.01993
1269,l,FALSE,0.05,09:16,15:10,15:15,1,1.5,4,-100,100,100,2,3.5,1000,30,200,1000,0.2,0.4,TRUE,1000,1000,1000,1.5,1000,10,5,7,8,1441.8516,-100.19922,2442.1016,-100.19922,583.0085,-64.47461,75.0,75.0,27.127354,16.566395,3369.1016,12.046562,699.61017,-64.47461,71.42857,27.127354,3119.755,11.240554,71.42857,664.0342,-100.20801,16.566397,129.25,31.53531
1270,l,FALSE,0.05,09:16,15:10,15:15,1,1.5,4,-100,100,50,3,1.5,1000,15,150,175,0.2,0.4,TRUE,1000,1000,1000,1.5,1000,10,5,6,6,1331.3008,-181.44922,1331.3008,-181.44922,489.688,-104.34961,66.66667,50.0,9.385528,7.246738,1750.0527,6.2646,489.688,-104.34961,66.66667,9.385528,1580.4004,5.661479,50.0,611.13214,-84.33203,7.246738,58.833332,7.740449
1271,l,FALSE,0.05,09:16,15:10,15:15,1,1.5,4,-100,100,50,3,1.5,3.5,15,150,175,0.2,0.4,TRUE,1000,1000,1000,1.5,1000,10,5,6,6,1331.3008,-181.44922,1331.3008,-181.44922,489.688,-104.34961,66.66667,50.0,9.385528,7.246738,1750.0527,6.2646,489.688,-104.34961,66.66667,9.385528,1580.4004,5.661479,50.0,611.13214,-84.33203,7.246738,58.833332,7.740449
1272,l,FALSE,0.05,09:16,15:10,15:15,1,1.5,4,-100,100,50,3,1.5,1000,20,175,200,0.2,0.4,TRUE,1000,1000,1000,1.5,1000,10,5,7,7,1279.4512,-181.44922,1279.4512,-181.44922,463.61255,-101.96615,57.14286,42.857143,6.0623074,4.409055,1548.5518,6.0366774,463.61255,-101.96615,57.14286,6.0623074,1362.9961,5.3336563,42.857143,587.6042,-99.9541,4.409055,73.28571,5.286261
1273,l,FALSE,0.05,09:16,15:10,15:15,1,1.5,4,-100,100,50,3,2,1000,20,175,200,0.2,0.4,TRUE,1000,1000,1000,1.5,1000,10,5,3,3,1279.4512,269.3496,1279.4512,0.0,613.6165,NaN,100.0,100.0,NaN,NaN,1840.8496,6.9662514,613.6165,NaN,100.0,NaN,1762.8125,6.662767,100.0,587.6042,NaN,NaN,117.0,Infinity
1274,l,FALSE,0.05,09:16,15:10,15:20,1,1.5,4,-100,100,170,2,1,1000,20,50,1000,0.2,0.45,TRUE,1000,1000,1000,1.5,1000,10,5,204,461,836.10156,-592.39844,2540.6094,-1154.9492,187.99504,-149.93103,59.436012,52.7115,1.8372315,1.2933365,23473.535,79.01526,470.6372,-269.5307,51.960785,1.8886777,9986.761,32.875713,43.137257,478.4307,-276.85464,1.3109674,139.85033,2.2223861
1275,l,FALSE,0.05,09:16,15:10,15:20,1,1.5,4,-100,100,170,2,1,6,20,50,1000,0.2,0.45,TRUE,1000,1000,1000,1.5,1000,10,5,202,459,836.10156,-592.39844,2540.6094,-1154.9492,186.4974,-148.76561,59.477127,52.723312,1.8400092,1.2919643,23243.387,77.892426,469.43515,-268.52896,51.980198,1.8923525,9822.183,31.953457,43.069305,477.39822,-275.75183,1.3097361,139.79738,2.3312323
1276,l,FALSE,0.05,09:16,15:10,15:20,1,1.5,4,-100,100,170,2,1,5.5,20,50,1000,0.2,0.45,TRUE,1000,1000,1000,1.5,1000,10,5,202,459,836.10156,-592.39844,2540.6094,-1154.9492,186.4974,-148.76561,59.477127,52.723312,1.8400092,1.2919643,23243.387,77.892426,469.43515,-268.52896,51.980198,1.8923525,9822.183,31.953457,43.069305,477.39822,-275.75183,1.3097361,139.79738,2.3312323
1277,l,FALSE,0.05,09:16,15:10,15:20,1,1.5,4,-100,100,170,2,1,5,20,50,1000,0.2,0.45,TRUE,1000,1000,1000,1.5,1000,10,5,200,456,836.10156,-592.39844,2540.6094,-1154.9492,186.74701,-146.69543,59.429825,52.63158,1.8648101,1.3064252,23469.785,78.14047,471.0129,-265.78708,52.0,1.9198225,10134.665,32.50137,43.0,479.9797,-273.1894,1.3254173,139.875,2.6758943
1278,l,FALSE,0.05,09:16,15:10,15:20,1,1.5,4,-100,100,170,2,1,2,20,50,1000,0.2,0.45,TRUE,1000,1000,1000,1.5,1000,10,5,157,345,833.39844,-473.75,2540.6094,-1095.1484,181.69905,-134.7729,63.188404,56.521736,2.3142104,1.577202,22494.236,72.53192,450.35623,-238.38223,55.414017,2.3480296,12272.183,37.995594,47.13376,446.12332,-249.89085,1.591689,140.67537,3.3684757
1279,l,FALSE,0.05,09:16,15:10,15:20,1,1.5,4,-100,100,170,2,1,1000,30,100,1000,0.2,0.45,TRUE,1000,1000,1000,1.5,1000,10,5,134,282,833.39844,-531.75,2467.8945,-924.0508,184.17398,-143.40729,58.86525,51.77305,1.8378377,1.2785306,13937.635,46.451622,409.51898,-261.5943,54.477615,1.8734359,5666.6494,18.228521,46.268658,405.31137,-270.31467,1.291155,140.51064,1.8288348
1280,l,FALSE,0.05,09:16,15:10,15:20,1,1.5,4,-100,100,170,2,1,6,30,100,1000,0.2,0.45,TRUE,1000,1000,1000,1.5,1000,10,5,132,280,833.39844,-531.75,2467.8945,-924.0508,181.67291,-141.61172,58.928574,51.785713,1.840675,1.2748407,13690.684,45.284008,406.91718,-260.12256,54.545456,1.8771945,5485.259,17.26149,46.21212,402.6401,-268.6731,1.2875506,140.43214,1.9338957
1281,l,FALSE,0.05,09:16,15:10,15:20,1,1.5,4,-100,100,170,2,1,1.5,20,50,1000,0.2,0.45,TRUE,1000,1000,1000,1.5,1000,10,5,129,233,833.39844,-446.5,1874.207,-870.6953,194.87164,-147.97177,64.377686,60.08584,2.3800333,1.661849,16949.088,55.664593,379.21616,-235.58762,59.689922,2.3835363,9921.061,32.336662,53.488373,359.64368,-248.23924,1.6660953,139.00859,4.4505854
1282,l,FALSE,0.05,09:16,15:10,15:20,1,1.5,4,-100,100,170,2,1.5,1000,30,100,1000,0.2,0.45,TRUE,1000,1000,1000,1.5,1000,10,5,97,187,817.5,-531.75,1675.3535,-842.8496,192.75694,-146.95316,57.75401,50.26738,1.7931961,1.2783723,9208.451,30.797506,367.83282,-262.437,56.701027,1.8354337,3915.541,12.082219,45.360825,391.94485,-251.51006,1.2937382,143.9786,1.2641712
1283,l,FALSE,0.05,09:16,15:10,15:15,1,1.5,4,-100,100,100,2,1.5,1000,30,175,1000,0.2,0.45,TRUE,1000,1000,1000,1.5,1000,10,5,70,108,1552.5508,-420.70312,4019.8516,-1161.4512,251.62665,-136.37608,57.40741,51.851852,2.4868658,1.8183866,9327.553,36.09188,431.49738,-182.53978,51.428574,2.5029042,6301.0557,25.273949,47.142857,423.93115,-207.80194,1.8195248,107.51852,5.7941933
1284,l,FALSE,0.05,09:16,15:10,15:15,1,1.5,4,-100,100,100,2,2.5,1000,30,175,1000,0.2,0.45,TRUE,1000,1000,1000,1.5,1000,10,5,26,32,1552.5508,-221.80078,4019.8516,-221.80078,359.07758,-102.55843,62.5,59.375,5.8353333,4.110674,5950.8506,21.774817,478.7701,-111.88193,57.692307,5.835333,5015.251,18.563944,53.846157,473.39447,-134.35596,4.110675,111.71875,10.277863
1285,l,FALSE,0.05,09:16,15:10,15:15,1,1.5,4,-100,100,100,2,3,1000,30,175,1000,0.2,0.45,TRUE,1000,1000,1000,1.5,1000,10,5,13,16,1496.75,-105.75,3964.0508,-105.75,471.0308,-66.36719,81.25,75.0,30.75516,19.026943,5924.299,21.036163,612.34,-66.36719,76.92308,30.755167,5454.9463,19.42564,69.230774,639.7273,-75.6499,19.026947,124.75,39.93706
1286,l,FALSE,0.05,09:16,15:10,15:15,1,1.5,4,-100,100,100,2,3,1000,30,200,1000,0.2,0.45,TRUE,1000,1000,1000,1.5,1000,10,5,12,14,1496.75,-105.75,3964.0508,-105.75,488.35013,-66.36719,78.57143,71.42857,26.980455,16.735203,5172.75,18.614141,596.8724,-66.36719,75.0,26.98046,4761.466,17.204836,66.66667,633.0082,-75.6499,16.735205,125.5,35.371323
1287,l,FALSE,0.05,09:16,15:10,15:15,1,1.5,4,-100,100,100,2,3.5,1000,30,175,1000,0.2,0.45,TRUE,1000,1000,1000,1.5,1000,10,5,7,9,1441.8516,-100.19922,2442.1016,-100.19922,592.8072,-64.47461,77.77778,77.77778,32.1805,19.654465,4020.7012,14.061259,829.93005,-64.47461,71.42857,32.180504,3738.6533,13.154226,71.42857,787.81384,-100.20801,19.654465,129.22223,36.90411
1288,l,FALSE,0.05,09:16,15:10,15:15,1,1.5,4,-100,100,100,2,3.5,1000,30,200,1000,0.2,0.45,TRUE,1000,1000,1000,1.5,1000,10,5,7,8,1441.8516,-100.19922,2442.1016,-100.19922,584.6921,-64.47461,75.0,75.0,27.20569,16.616817,3379.2031,12.074061,701.6305,-64.47461,71.42857,27.205692,3129.8604,11.268036,71.42857,666.0553,-100.20801,16.61682,129.625,31.612411
1289,l,FALSE,0.05,09:16,15:10,15:15,1,1.5,4,-100,100,50,3,1.5,1000,15,150,175,0.2,0.45,TRUE,1000,1000,1000,1.5,1000,10,5,8,8,1331.3008,-181.44922,1331.3008,-181.44922,438.01035,-95.73307,62.5,50.0,7.6255493,5.570884,1902.8525,7.5606804,438.01035,-95.73307,62.5,7.6255493,1681.4248,6.7569175,50.0,512.32007,-91.96387,5.570884,68.25,9.238147
1290,l,FALSE,0.05,09:16,15:10,15:15,1,1.5,4,-100,100,50,3,1.5,3.5,15,150,175,0.2,0.45,TRUE,1000,1000,1000,1.5,1000,10,5,8,8,1331.3008,-181.44922,1331.3008,-181.44922,438.01035,-95.73307,62.5,50.0,7.6255493,5.570884,1902.8525,7.5606804,438.01035,-95.73307,62.5,7.6255493,1681.4248,6.7569175,50.0,512.32007,-91.96387,5.570884,68.25,9.238147
1291,l,FALSE,0.05,09:16,15:10,15:15,1,1.5,4,-100,100,50,3,1.5,1000,20,175,200,0.2,0.45,TRUE,1000,1000,1000,1.5,1000,10,5,8,8,1279.4512,-181.44922,1279.4512,-181.44922,380.3502,-101.96615,62.5,50.0,6.2169356,4.436206,1595.8525,6.166546,380.3502,-101.96615,62.5,6.2169356,1373.8516,5.363461,50.0,443.417,-99.9541,4.436206,73.5,5.315801
1292,l,FALSE,0.05,09:16,15:10,15:15,1,1.5,4,-100,100,50,3,2,1000,20,175,200,0.2,0.45,TRUE,1000,1000,1000,1.5,1000,10,5,4,4,1279.4512,47.30078,1279.4512,0.0,472.0376,NaN,100.0,100.0,NaN,NaN,1888.1504,7.09612,472.0376,NaN,100.0,NaN,1773.668,6.6925716,100.0,443.417,NaN,NaN,106.5,Infinity
1293,l,FALSE,0.05,09:16,15:10,15:20,1,1.5,4,-100,100,170,2,1,1000,20,50,1000,0.2,0.5,TRUE,1000,1000,1000,1.5,1000,10,5,204,494,830.0469,-592.39844,2540.6094,-1522.2969,188.52829,-150.88588,58.299595,51.619434,1.7468404,1.2319189,23213.656,78.607,510.62958,-290.9029,50.490196,1.7900856,8747.35,29.167692,43.137257,505.0966,-307.76855,1.245016,140.3421,1.6064842
1294,l,FALSE,0.05,09:16,15:10,15:20,1,1.5,4,-100,100,170,2,1,6,20,50,1000,0.2,0.5,TRUE,1000,1000,1000,1.5,1000,10,5,202,492,830.0469,-592.39844,2540.6094,-1522.2969,187.00244,-149.75436,58.333332,51.626015,1.7482189,1.2297559,22970.055,77.420235,509.4941,-289.98343,50.495052,1.7921163,8569.3125,28.18153,43.069305,504.0302,-306.79407,1.2428851,140.28862,1.655114
1296,l,FALSE,0.05,09:16,15:10,15:20,1,1.5,4,-100,100,170,2,1,5,20,50,1000,0.2,0.5,TRUE,1000,1000,1000,1.5,1000,10,5,201,488,830.0469,-592.39844,2540.6094,-1522.2969,185.83449,-147.88184,58.196724,51.43443,1.7494426,1.2267178,22609.102,75.861435,505.69995,-284.66592,50.248753,1.7942326,8327.244,27.023508,42.78607,500.47314,-301.85608,1.2398852,140.40779,1.5736798
1297,l,FALSE,0.05,09:16,15:10,15:20,1,1.5,4,-100,100,170,2,1,2,20,50,1000,0.2,0.5,TRUE,1000,1000,1000,1.5,1000,10,5,159,365,830.0469,-473.75,2540.6094,-1522.2969,182.49648,-136.17746,62.46575,55.89041,2.2303011,1.5257069,22952.885,74.4323,473.27866,-253.0883,54.71698,2.2596002,12155.904,37.895027,47.16981,463.44437,-269.07645,1.5378143,141.38356,2.9880164
1298,l,FALSE,0.05,09:16,15:10,15:20,1,1.5,4,-100,100,170,2,1,1000,30,100,1000,0.2,0.5,TRUE,1000,1000,1000,1.5,1000,10,5,134,304,830.0469,-531.75,2439.8438,-1246.8984,188.95076,-144.92944,58.223682,51.973682,1.8170277,1.2713484,15038.249,50.81047,467.39984,-276.2459,52.238804,1.8505923,6092.1543,20.385193,47.014923,437.94354,-302.79282,1.2833784,142.36513,1.8253636
1299,l,FALSE,0.05,09:16,15:10,15:20,1,1.5,4,-100,100,170,2,1,6,30,100,1000,0.2,0.5,TRUE,1000,1000,1000,1.5,1000,10,5,132,302,830.0469,-531.75,2439.8438,-1246.8984,186.465,-143.3027,58.278145,51.986755,1.8175445,1.266543,14761.698,49.53591,465.09476,-275.0768,52.272724,1.851808,5881.1484,19.311272,46.969696,435.36404,-301.59174,1.2785766,142.29802,1.9070573
1295,l,FALSE,0.05,09:16,15:10,15:20,1,1.5,4,-100,100,170,2,1,5.5,20,50,1000,0.2,0.5,TRUE,1000,1000,1000,1.5,1000,10,5,202,492,830.0469,-592.39844,2540.6094,-1522.2969,187.00244,-149.75436,58.333332,51.626015,1.7482189,1.2297559,22970.055,77.420235,509.4941,-289.98343,50.495052,1.7921163,8569.3125,28.18153,43.069305,504.0302,-306.79407,1.2428851,140.28862,1.655114
1300,l,FALSE,0.05,09:16,15:10,15:20,1,1.5,4,-100,100,170,2,1,1.5,20,50,1000,0.2,0.5,TRUE,1000,1000,1000,1.5,1000,10,5,136,244,830.0469,-454.5,1874.207,-802.84375,193.03917,-145.68803,64.34426,59.42623,2.391123,1.6611049,17632.293,57.955425,373.77838,-229.88649,59.558823,2.394545,10277.74,33.526333,52.205883,362.37308,-237.7038,1.6651938,139.13115,4.5354676
1301,l,FALSE,0.05,09:16,15:10,15:20,1,1.5,4,-100,100,170,2,1.5,1000,30,100,1000,0.2,0.5,TRUE,1000,1000,1000,1.5,1000,10,5,97,200,817.5,-531.75,1665.0527,-979.59766,200.27995,-142.52655,56.0,50.0,1.7884511,1.2757993,9889.018,33.222786,419.16263,-264.60974,53.608246,1.8304907,4200.0615,13.206294,47.42268,403.89255,-281.94107,1.2920971,145.53,1.3457608
1302,l,FALSE,0.05,09:16,15:10,15:15,1,1.5,4,-100,100,100,2,1.5,1000,30,175,1000,0.2,0.5,TRUE,1000,1000,1000,1.5,1000,10,5,71,112,1552.5508,-420.70312,4019.3516,-1161.4512,248.12308,-138.36028,56.25,50.0,2.3056862,1.6840463,8852.101,34.30107,420.6556,-197.41638,52.112675,2.3188162,5692.509,23.084013,45.070423,437.43753,-212.96133,1.685391,107.02679,5.2921386
1303,l,FALSE,0.05,09:16,15:10,15:15,1,1.5,4,-100,100,100,2,2.5,1000,30,175,1000,0.2,0.5,TRUE,1000,1000,1000,1.5,1000,10,5,27,36,1552.5508,-404.3496,4019.3516,-404.3496,343.95004,-115.65,58.333332,55.555557,4.163684,3.0066457,5488.201,20.144838,481.5301,-144.5625,55.555557,4.163685,4440.0244,16.534771,51.851852,475.19174,-170.20462,3.0066457,108.44444,4.70106
1304,l,FALSE,0.05,09:16,15:10,15:15,1,1.5,4,-100,100,100,2,3,1000,30,175,1000,0.2,0.5,TRUE,1000,1000,1000,1.5,1000,10,5,14,19,1496.75,-404.3496,3963.5508,-404.3496,470.99234,-114.75879,68.42105,63.15789,8.89242,6.480365,5434.3477,19.187544,612.29004,-172.13818,71.42857,8.892422,4868.663,17.277935,64.28571,639.67175,-177.67656,6.480366,115.8421,9.822181
1305,l,FALSE,0.05,09:16,15:10,15:15,1,1.5,4,-100,100,100,2,3,1000,30,200,1000,0.2,0.5,TRUE,1000,1000,1000,1.5,1000,10,5,13,16,1496.75,-404.3496,3963.5508,-404.3496,488.3047,-131.11055,68.75,62.5,8.193623,6.1531982,4715.799,16.8671,596.81683,-163.88818,69.230774,8.1936245,4240.6494,15.258666,61.538464,632.9457,-164.5832,6.1531987,117.5,8.674264
1306,l,FALSE,0.05,09:16,15:10,15:15,1,1.5,4,-100,100,100,2,3.5,1000,30,175,1000,0.2,0.5,TRUE,1000,1000,1000,1.5,1000,10,5,8,10,1441.8516,-404.3496,2441.6016,-404.3496,592.7358,-177.76628,70.0,70.0,7.78016,6.2551684,3615.8516,12.44757,829.8301,-177.76628,62.5,7.78016,3308.919,11.441342,62.5,787.71387,-209.88347,6.2551684,120.4,6.6867843
1307,l,FALSE,0.05,09:16,15:10,15:15,1,1.5,4,-100,100,100,2,3.5,1000,30,200,1000,0.2,0.5,TRUE,1000,1000,1000,1.5,1000,10,5,8,9,1441.8516,-404.3496,2441.6016,-404.3496,584.6087,-177.76628,66.66667,66.66667,6.577275,5.2882953,2974.3535,10.460372,701.53046,-177.76628,62.5,6.577273,2700.126,9.555151,62.5,665.95526,-209.88347,5.288294,119.77778,5.5844173
1308,l,FALSE,0.05,09:16,15:10,15:15,1,1.5,4,-100,100,50,3,1.5,1000,15,150,175,0.2,0.5,TRUE,1000,1000,1000,1.5,1000,10,5,8,8,1331.3008,-181.44922,1331.3008,-181.44922,438.01035,-95.73307,62.5,50.0,7.6255493,5.570884,1902.8525,7.5606804,438.01035,-95.73307,62.5,7.6255493,1681.4248,6.7569175,50.0,512.32007,-91.96387,5.570884,68.25,9.238147
1309,l,FALSE,0.05,09:16,15:10,15:15,1,1.5,4,-100,100,50,3,1.5,3.5,15,150,175,0.2,0.5,TRUE,1000,1000,1000,1.5,1000,10,5,8,8,1331.3008,-181.44922,1331.3008,-181.44922,438.01035,-95.73307,62.5,50.0,7.6255493,5.570884,1902.8525,7.5606804,438.01035,-95.73307,62.5,7.6255493,1681.4248,6.7569175,50.0,512.32007,-91.96387,5.570884,68.25,9.238147
1312,l,FALSE,0.05,09:16,15:10,15:20,1,1.5,4,-100,100,170,2,1,1000,20,50,1000,0.2,0.6,TRUE,1000,1000,1000,1.5,1000,10,5,204,553,1474.3984,-592.39844,3479.5469,-1854.5977,198.88734,-151.45486,57.32369,50.994576,1.7638888,1.2586317,27303.941,93.5769,595.12604,-336.57465,50.490196,1.803198,11193.692,38.230072,43.62745,588.5063,-358.1162,1.2718014,142.1103,1.8249342
1313,l,FALSE,0.05,09:16,15:10,15:20,1,1.5,4,-100,100,170,2,1,6,20,50,1000,0.2,0.6,TRUE,1000,1000,1000,1.5,1000,10,5,204,551,1474.3984,-592.39844,3298.793,-1854.5977,197.5343,-150.53893,57.350273,50.998188,1.7644646,1.2565376,27044.191,92.347115,589.04395,-332.9439,50.490196,1.8042324,10999.499,37.200924,43.62745,581.7886,-354.606,1.2697296,142.07079,1.8729281
1314,l,FALSE,0.05,09:16,15:10,15:20,1,1.5,4,-100,100,170,2,1,5.5,20,50,1000,0.2,0.6,TRUE,1000,1000,1000,1.5,1000,10,5,203,549,1474.3984,-592.39844,3298.793,-1854.5977,197.87997,-149.8329,57.377045,51.001823,1.7778262,1.2652264,27271.293,92.60293,588.1833,-333.1159,50.73892,1.8186729,11278.495,37.656612,43.84236,580.9604,-354.62268,1.278984,142.08379,1.9911476
1310,l,FALSE,0.05,09:16,15:10,15:15,1,1.5,4,-100,100,50,3,1.5,1000,20,175,200,0.2,0.5,TRUE,1000,1000,1000,1.5,1000,10,5,9,9,1279.4512,-181.44922,1279.4512,-181.44922,380.3502,-96.86182,55.555557,44.444447,4.908413,3.5082247,1514.3037,5.8302736,380.3502,-96.86182,55.555557,4.908413,1268.0938,4.9273615,44.444447,443.417,-101.114845,3.5082247,69.77778,4.883577
1311,l,FALSE,0.05,09:16,15:10,15:15,1,1.5,4,-100,100,50,3,2,1000,20,175,200,0.2,0.5,TRUE,1000,1000,1000,1.5,1000,10,5,4,4,1279.4512,47.30078,1279.4512,0.0,472.0376,NaN,100.0,100.0,NaN,NaN,1888.1504,7.09612,472.0376,NaN,100.0,NaN,1773.668,6.6925716,100.0,443.417,NaN,NaN,106.5,Infinity
1315,l,FALSE,0.05,09:16,15:10,15:20,1,1.5,4,-100,100,170,2,1,5,20,50,1000,0.2,0.6,TRUE,1000,1000,1000,1.5,1000,10,5,202,545,1474.3984,-592.39844,3298.793,-1854.5977,196.91406,-147.99335,57.247704,50.825684,1.7816942,1.2643994,26954.738,91.154915,585.1753,-327.3314,50.495052,1.8234696,11080.849,36.609314,43.564354,578.3323,-349.2315,1.2783265,142.19633,1.9338282
1316,l,FALSE,0.05,09:16,15:10,15:20,1,1.5,4,-100,100,170,2,1,2,20,50,1000,0.2,0.6,TRUE,1000,1000,1000,1.5,1000,10,5,166,408,833.39844,-473.75,3298.793,-1854.5977,181.47714,-141.00072,61.764706,54.901962,2.0791056,1.4336965,23736.127,76.05996,503.53424,-283.9731,54.21687,2.0998137,11739.492,35.221928,46.98795,491.55182,-302.29034,1.4413085,142.38481,2.173977
1317,l,FALSE,0.05,09:16,15:10,15:20,1,1.5,4,-100,100,170,2,1,1000,30,100,1000,0.2,0.6,TRUE,1000,1000,1000,1.5,1000,10,5,134,340,1474.3984,-578.4492,3479.5469,-1248.0977,207.57733,-142.60303,57.941174,52.058823,2.005309,1.4234937,20500.502,69.799545,564.70184,-311.00525,52.985073,2.0462997,10552.266,35.7648,47.761192,538.38275,-341.489,1.4414392,145.12354,3.507528
1318,l,FALSE,0.05,09:16,15:10,15:20,1,1.5,4,-100,100,170,2,1,6,30,100,1000,0.2,0.6,TRUE,1000,1000,1000,1.5,1000,10,5,133,338,1474.3984,-578.4492,3298.793,-1248.0977,205.44023,-141.1432,57.988167,52.071007,2.0090618,1.4215707,20223.951,68.52499,555.8786,-310.37793,53.383457,2.0509531,10341.26,34.690876,48.1203,529.041,-340.83136,1.4397287,145.07988,3.5749495
1319,l,FALSE,0.05,09:16,15:10,15:20,1,1.5,4,-100,100,170,2,1,1.5,20,50,1000,0.2,0.6,TRUE,1000,1000,1000,1.5,1000,10,5,141,266,833.39844,-454.5,2482.8438,-953.6992,195.3829,-145.83235,63.909775,58.646618,2.3725226,1.6535159,19215.188,62.581245,389.53107,-248.12422,60.28369,2.3828893,11220.614,35.949844,52.48227,381.14777,-253.49731,1.6606456,141.81955,4.3993125
1320,l,FALSE,0.05,09:16,15:10,15:20,1,1.5,4,-100,100,170,2,1.5,1000,30,100,1000,0.2,0.6,TRUE,1000,1000,1000,1.5,1000,10,5,97,223,1474.3984,-578.4492,3479.5469,-1026.2969,218.33162,-141.72836,57.399105,51.56951,2.0756123,1.4976021,14482.253,50.892307,514.67816,-290.81116,54.63917,2.1318066,8161.079,28.566982,48.45361,504.87076,-311.35693,1.5242267,147.87444,2.6048357
1321,l,FALSE,0.05,09:16,15:10,15:15,1,1.5,4,-100,100,100,2,1.5,1000,30,175,1000,0.2,0.6,TRUE,1000,1000,1000,1.5,1000,10,5,71,118,1552.5508,-443.20312,5034.703,-1189.4023,254.79997,-141.9201,57.627117,53.389828,2.4417114,1.8001606,10230.394,38.757545,478.58057,-199.95734,50.704224,2.4617963,6926.3936,26.938246,47.887325,458.24683,-233.89185,1.8003693,106.97458,6.050275
1322,l,FALSE,0.05,09:16,15:10,15:15,1,1.5,4,-100,100,100,2,2.5,1000,30,175,1000,0.2,0.6,TRUE,1000,1000,1000,1.5,1000,10,5,27,38,1552.5508,-401.1504,5034.703,-401.1504,370.2805,-115.066666,60.526318,60.526318,4.934213,3.5772321,6790.451,24.586077,567.7634,-143.83333,55.555557,4.9342136,5678.698,20.773792,55.555557,525.4739,-183.61751,3.577232,111.47369,5.961303
1323,l,FALSE,0.05,09:16,15:10,15:15,1,1.5,4,-100,100,100,2,3,1000,30,175,1000,0.2,0.6,TRUE,1000,1000,1000,1.5,1000,10,5,14,21,1496.75,-401.1504,4978.9023,-401.1504,494.78683,-114.225586,71.42857,66.66667,10.82916,7.899366,6736.449,23.643297,742.1803,-171.33838,71.42857,10.829162,6107.1904,21.531473,64.28571,776.93024,-177.03633,7.8993635,120.38095,12.328154
1324,l,FALSE,0.05,09:16,15:10,15:15,1,1.5,4,-100,100,100,2,3,1000,30,200,1000,0.2,0.6,TRUE,1000,1000,1000,1.5,1000,10,5,13,17,1496.75,-401.1504,4978.9023,-401.1504,530.6296,-130.4707,70.588234,64.70589,9.760896,7.357744,5715.201,20.455719,707.5061,-163.08838,69.230774,9.760899,5211.536,18.745495,61.538464,753.9064,-163.94296,7.3577437,122.64706,10.733002
1328,l,FALSE,0.05,09:16,15:10,15:15,1,1.5,4,-100,100,50,3,1.5,3.5,15,150,175,0.2,0.6,TRUE,1000,1000,1000,1.5,1000,10,5,9,9,1331.3008,-181.44922,1331.3008,-181.44922,387.90024,-95.73307,66.66667,55.555557,8.103789,5.882748,2040.2021,8.169493,387.90024,-95.73307,66.66667,8.103789,1796.1455,7.2654257,55.555557,432.8002,-91.96387,5.882748,67.44444,9.933386
1329,l,FALSE,0.05,09:16,15:10,15:15,1,1.5,4,-100,100,50,3,1.5,1000,20,175,200,0.2,0.6,TRUE,1000,1000,1000,1.5,1000,10,5,10,10,1279.4512,-181.44922,1279.4512,-181.44922,339.8501,-96.86182,60.000004,50.0,5.2629123,3.7351363,1651.6533,6.439086,339.8501,-96.86182,60.000004,5.2629123,1382.8145,5.4358697,50.0,377.67773,-101.114845,3.7351363,68.9,5.387566
1325,l,FALSE,0.05,09:16,15:10,15:15,1,1.5,4,-100,100,100,2,3.5,1000,30,175,1000,0.2,0.6,TRUE,1000,1000,1000,1.5,1000,10,5,8,12,1441.8516,-401.1504,3456.9531,-401.1504,605.3392,-176.69987,75.0,75.0,10.277412,8.259082,4917.953,16.903322,1089.6106,-176.69987,62.5,10.277413,4547.4463,15.69488,62.5,1034.779,-208.8164,8.259082,127.583336,9.240468
1326,l,FALSE,0.05,09:16,15:10,15:15,1,1.5,4,-100,100,100,2,3.5,1000,30,200,1000,0.2,0.6,TRUE,1000,1000,1000,1.5,1000,10,5,8,10,1441.8516,-401.1504,3456.9531,-401.1504,643.4079,-176.69987,70.0,70.0,8.496243,6.860032,3973.7559,14.048992,900.7711,-176.69987,62.5,8.4962435,3671.0127,13.041981,62.5,859.4924,-208.8164,6.860032,128.3,7.678556
1327,l,FALSE,0.05,09:16,15:10,15:15,1,1.5,4,-100,100,50,3,1.5,1000,15,150,175,0.2,0.6,TRUE,1000,1000,1000,1.5,1000,10,5,9,9,1331.3008,-181.44922,1331.3008,-181.44922,387.90024,-95.73307,66.66667,55.555557,8.103789,5.882748,2040.2021,8.169493,387.90024,-95.73307,66.66667,8.103789,1796.1455,7.2654257,55.555557,432.8002,-91.96387,5.882748,67.44444,9.933386
1330,l,FALSE,0.05,09:16,15:10,15:15,1,1.5,4,-100,100,50,3,2,1000,20,175,200,0.2,0.6,TRUE,1000,1000,1000,1.5,1000,10,5,4,4,1279.4512,47.30078,1279.4512,0.0,472.0376,NaN,100.0,100.0,NaN,NaN,1888.1504,7.09612,472.0376,NaN,100.0,NaN,1773.668,6.6925716,100.0,443.417,NaN,NaN,106.5,Infinity
1331,l,FALSE,0.05,09:16,15:10,15:20,1,1.5,4,-100,100,170,2,1,1000,20,50,1000,0.2,0.7,TRUE,1000,1000,1000,1.5,1000,10,5,204,585,1474.3984,-592.39844,3476.996,-1854.5977,192.7869,-152.31229,57.606842,50.427353,1.71997,1.2232375,27195.738,93.54893,606.43677,-358.73685,50.980396,1.7580975,10213.289,35.002167,43.62745,603.9809,-378.6175,1.2345669,143.63931,1.5747817
1332,l,FALSE,0.05,09:16,15:10,15:20,1,1.5,4,-100,100,170,2,1,6,20,50,1000,0.2,0.7,TRUE,1000,1000,1000,1.5,1000,10,5,204,583,1474.3984,-592.39844,3298.793,-1854.5977,191.49623,-151.44432,57.632935,50.428814,1.7200838,1.2209423,26935.988,92.31915,600.41315,-355.06985,50.980396,1.7586111,10019.096,33.97302,43.62745,597.2632,-375.10724,1.2322602,143.60721,1.6070204
1333,l,FALSE,0.05,09:16,15:10,15:20,1,1.5,4,-100,100,170,2,1,5.5,20,50,1000,0.2,0.7,TRUE,1000,1000,1000,1.5,1000,10,5,203,582,1474.3984,-592.39844,3298.793,-1854.5977,191.49623,-150.77641,57.731956,50.51546,1.7347263,1.230513,27251.738,93.17,600.41315,-355.467,51.23153,1.77439,10371.799,34.92344,43.84236,597.2632,-375.30377,1.2424185,143.6512,1.7297435
1334,l,FALSE,0.05,09:16,15:10,15:20,1,1.5,4,-100,100,170,2,1,5,20,50,1000,0.2,0.7,TRUE,1000,1000,1000,1.5,1000,10,5,202,577,1474.3984,-592.39844,3298.793,-1854.5977,190.93263,-149.0308,57.538994,50.259964,1.7361053,1.2282795,26877.086,91.24005,596.989,-349.62408,50.990097,1.7765073,10131.01,33.49444,43.564354,594.33014,-369.91263,1.2402418,143.73483,1.6683238
1335,l,FALSE,0.05,09:16,15:10,15:20,1,1.5,4,-100,100,170,2,1,2,20,50,1000,0.2,0.7,TRUE,1000,1000,1000,1.5,1000,10,5,170,427,833.39844,-473.75,3298.793,-1854.5977,177.34729,-140.88718,61.8267,54.098362,2.0387754,1.4003578,23855.074,77.014885,498.33527,-292.07928,54.705883,2.060692,11334.192,34.276375,46.47059,495.38138,-305.5048,1.4076911,143.2459,1.9503778
1336,l,FALSE,0.05,09:16,15:10,15:20,1,1.5,4,-100,100,170,2,1,1000,30,100,1000,0.2,0.7,TRUE,1000,1000,1000,1.5,1000,10,5,134,359,1474.3984,-578.4492,3476.996,-1245.1973,202.20612,-143.72688,58.21727,52.367687,1.9602493,1.3894188,20702.043,71.129944,582.9687,-328.3926,52.985073,2.000643,10248.536,35.194572,47.761192,552.9164,-359.11584,1.4076892,146.56546,3.5127265
1337,l,FALSE,0.05,09:16,15:10,15:20,1,1.5,4,-100,100,170,2,1,6,30,100,1000,0.2,0.7,TRUE,1000,1000,1000,1.5,1000,10,5,133,357,1474.3984,-578.4492,3298.793,-1245.1973,200.16649,-142.34319,58.26331,52.380955,1.9630522,1.3870915,20425.492,69.85539,574.14545,-328.04575,53.383457,2.0042605,10037.53,34.120655,48.1203,543.5745,-358.71365,1.4055362,146.53221,3.552744
1338,l,FALSE,0.05,09:16,15:10,15:20,1,1.5,4,-100,100,170,2,1,1.5,20,50,1000,0.2,0.7,TRUE,1000,1000,1000,1.5,1000,10,5,142,277,833.39844,-454.5,2482.8438,-953.6992,192.23369,-141.94467,63.176895,57.761734,2.3235302,1.6100719,19162.537,62.359203,398.95764,-247.41216,59.154926,2.335377,10866.933,34.62793,52.112675,384.5573,-258.68097,1.6177796,143.3249,4.1663094
1339,l,FALSE,0.05,09:16,15:10,15:20,1,1.5,4,-100,100,170,2,1.5,1000,30,100,1000,0.2,0.7,TRUE,1000,1000,1000,1.5,1000,10,5,97,238,1474.3984,-578.4492,3476.996,-1110.8984,211.88948,-145.40898,57.983196,52.521008,2.0109315,1.4535208,14699.85,52.221157,537.93195,-313.876,54.63917,2.0643928,7993.6777,28.3952,49.484535,513.60754,-339.98947,1.4798274,149.23529,2.3109677
1344,l,FALSE,0.05,09:16,15:10,15:15,1,1.5,4,-100,100,100,2,3.5,1000,30,175,1000,0.2,0.7,TRUE,1000,1000,1000,1.5,1000,10,5,8,13,1441.8516,-401.1504,3456.9531,-401.1504,564.3003,-176.69987,76.92308,76.92308,10.645176,8.509203,5112.9033,17.363953,1128.6006,-176.69987,62.5,10.645174,4704.133,16.055277,62.5,1066.1165,-208.8164,8.509201,124.07692,9.452655
1340,l,FALSE,0.05,09:16,15:10,15:15,1,1.5,4,-100,100,100,2,1.5,1000,30,175,1000,0.2,0.7,TRUE,1000,1000,1000,1.5,1000,10,5,71,123,1552.5508,-443.20312,5034.703,-1187.0527,250.03397,-141.84802,58.536583,52.845528,2.488502,1.8262296,10768.197,39.865406,497.61948,-204.17436,50.704224,2.5068629,7304.3574,27.545593,47.887325,474.3591,-238.48247,1.8277972,106.46342,6.046956
1341,l,FALSE,0.05,09:16,15:10,15:15,1,1.5,4,-100,100,100,2,2.5,1000,30,175,1000,0.2,0.7,TRUE,1000,1000,1000,1.5,1000,10,5,27,40,1552.5508,-401.1504,5034.703,-401.1504,346.644,-118.666405,62.5,60.000004,4.868606,3.5195148,6886.1045,24.716883,577.74005,-148.33301,55.555557,4.868607,5699.584,20.704563,55.555557,530.4676,-188.11914,3.5248115,110.725,5.9414372
1342,l,FALSE,0.05,09:16,15:10,15:15,1,1.5,4,-100,100,100,2,3,1000,30,175,1000,0.2,0.7,TRUE,1000,1000,1000,1.5,1000,10,5,14,22,1496.75,-401.1504,4978.9023,-401.1504,476.40326,-114.225586,72.72727,68.181816,11.121927,8.082816,6937.0986,24.119234,762.24524,-171.33838,71.42857,11.121928,6269.58,21.907175,64.28571,794.9735,-177.03633,8.082817,118.72727,12.543267
1343,l,FALSE,0.05,09:16,15:10,15:15,1,1.5,4,-100,100,100,2,3,1000,30,200,1000,0.2,0.7,TRUE,1000,1000,1000,1.5,1000,10,5,13,18,1496.75,-401.1504,4978.9023,-401.1504,505.24646,-130.4707,72.22222,66.66667,10.068473,7.5558496,5915.8506,20.931656,729.8005,-163.08838,69.230774,10.068476,5373.926,19.121197,61.538464,774.2051,-163.94296,7.5558486,120.5,10.948115
1345,l,FALSE,0.05,09:16,15:10,15:15,1,1.5,4,-100,100,100,2,3.5,1000,30,200,1000,0.2,0.7,TRUE,1000,1000,1000,1.5,1000,10,5,8,11,1441.8516,-401.1504,3456.9531,-401.1504,587.3507,-176.69987,72.72727,72.72727,8.864004,7.1101503,4168.706,14.509619,939.7611,-176.69987,62.5,8.864004,3827.6992,13.40238,62.5,890.8297,-208.8164,7.1101503,124.09091,7.8907433
1346,l,FALSE,0.05,09:16,15:10,15:15,1,1.5,4,-100,100,50,3,1.5,1000,15,150,175,0.2,0.7,TRUE,1000,1000,1000,1.5,1000,10,5,10,10,1331.3008,-181.44922,1331.3008,-181.44922,387.90024,-80.3999,60.000004,50.0,7.236954,5.0064545,2005.8018,8.054833,387.90024,-80.3999,60.000004,7.236954,1731.7588,7.0508184,50.0,432.8002,-86.44844,5.0064545,66.2,7.453123
1347,l,FALSE,0.05,09:16,15:10,15:15,1,1.5,4,-100,100,50,3,1.5,3.5,15,150,175,0.2,0.7,TRUE,1000,1000,1000,1.5,1000,10,5,9,9,1331.3008,-181.44922,1331.3008,-181.44922,387.90024,-95.73307,66.66667,55.555557,8.103789,5.882748,2040.2021,8.169493,387.90024,-95.73307,66.66667,8.103789,1796.1455,7.2654257,55.555557,432.8002,-91.96387,5.882748,67.44444,9.933386
1348,l,FALSE,0.05,09:16,15:10,15:15,1,1.5,4,-100,100,50,3,1.5,1000,20,175,200,0.2,0.7,TRUE,1000,1000,1000,1.5,1000,10,5,10,10,1279.4512,-181.44922,1279.4512,-181.44922,339.8501,-96.86182,60.000004,50.0,5.2629123,3.7351363,1651.6533,6.439086,339.8501,-96.86182,60.000004,5.2629123,1382.8145,5.4358697,50.0,377.67773,-101.114845,3.7351363,68.9,5.387566
1349,l,FALSE,0.05,09:16,15:10,15:15,1,1.5,4,-100,100,50,3,2,1000,20,175,200,0.2,0.7,TRUE,1000,1000,1000,1.5,1000,10,5,4,4,1279.4512,47.30078,1279.4512,0.0,472.0376,NaN,100.0,100.0,NaN,NaN,1888.1504,7.09612,472.0376,NaN,100.0,NaN,1773.668,6.6925716,100.0,443.417,NaN,NaN,106.5,Infinity
1350,l,FALSE,0.05,09:16,15:10,15:20,1,1.5,4,-100,100,170,2,1,1000,20,50,1000,0.2,0.8,TRUE,1000,1000,1000,1.5,1000,10,5,204,598,1474.3984,-592.39844,3476.996,-1854.5977,192.2981,-152.56851,57.525085,50.334446,1.707005,1.2134051,27398.145,95.94378,605.51074,-375.3673,51.960785,1.7447983,10019.794,36.095787,43.62745,614.14856,-388.1689,1.2244606,144.4699,1.5599159
1351,l,FALSE,0.05,09:16,15:10,15:20,1,1.5,4,-100,100,170,2,1,6,20,50,1000,0.2,0.8,TRUE,1000,1000,1000,1.5,1000,10,5,204,596,1474.3984,-592.39844,3298.793,-1854.5977,191.03235,-151.65831,57.550335,50.335567,1.7077109,1.2115045,27154.543,94.756996,599.6008,-371.4607,51.960785,1.7459395,9841.757,35.109627,43.62745,607.43085,-384.51816,1.2225654,144.43959,1.5951462
1352,l,FALSE,0.05,09:16,15:10,15:20,1,1.5,4,-100,100,170,2,1,5.5,20,50,1000,0.2,0.8,TRUE,1000,1000,1000,1.5,1000,10,5,203,595,1474.3984,-592.39844,3298.793,-1854.5977,191.03235,-150.81212,57.64706,50.42017,1.7241073,1.2220589,27519.441,95.73899,599.6008,-371.52835,52.21675,1.7636175,10243.632,36.19112,43.84236,607.43085,-384.3659,1.2337781,144.48235,1.7292502
1353,l,FALSE,0.05,09:16,15:10,15:20,1,1.5,4,-100,100,170,2,1,5,20,50,1000,0.2,0.8,TRUE,1000,1000,1000,1.5,1000,10,5,203,590,1474.3984,-592.39844,3298.793,-1854.5977,190.52078,-149.13228,57.457626,50.16949,1.7254273,1.219948,27154.34,93.83766,590.756,-365.6268,52.21675,1.7656486,10012.401,34.79074,43.84236,597.9946,-379.0274,1.2317194,144.57118,1.6700836
1354,l,FALSE,0.05,09:16,15:10,15:20,1,1.5,4,-100,100,170,2,1,2,20,50,1000,0.2,0.8,TRUE,1000,1000,1000,1.5,1000,10,5,172,440,833.39844,-504.10156,3298.793,-1854.5977,179.51553,-143.23978,61.363636,53.86364,1.9904591,1.3746322,24118.434,79.351364,516.18274,-302.3615,54.06977,2.0097077,11208.909,35.311695,45.930233,514.02734,-316.12094,1.3812654,143.87727,1.9463995
1355,l,FALSE,0.05,09:16,15:10,15:20,1,1.5,4,-100,100,170,2,1,1000,30,100,1000,0.2,0.8,TRUE,1000,1000,1000,1.5,1000,10,5,134,370,1474.3984,-572.4492,3476.996,-1245.1973,200.14511,-143.37216,58.648647,52.43243,1.9799237,1.400093,21495.547,74.93968,590.6102,-339.1676,53.731346,2.0222154,10737.517,37.90239,47.761192,568.396,-366.28326,1.4187826,147.79189,3.6708927
1356,l,FALSE,0.05,09:16,15:10,15:20,1,1.5,4,-100,100,170,2,1,6,30,100,1000,0.2,0.8,TRUE,1000,1000,1000,1.5,1000,10,5,133,368,1474.3984,-572.4492,3298.793,-1245.1973,198.17148,-142.01344,58.69565,52.44565,1.9829957,1.3979677,21218.996,73.66513,581.90955,-338.99167,54.13534,2.0261388,10526.511,36.828472,48.1203,559.0542,-365.98495,1.4168425,147.76631,3.799599
1357,l,FALSE,0.05,09:16,15:10,15:20,1,1.5,4,-100,100,170,2,1,1.5,20,50,1000,0.2,0.8,TRUE,1000,1000,1000,1.5,1000,10,5,146,282,833.39844,-454.5,2482.8438,-953.6992,191.61003,-142.27673,63.47518,57.80142,2.3404546,1.6227303,19643.691,64.98893,392.75565,-246.20428,59.58904,2.352307,11227.805,36.75634,52.739727,377.0489,-258.04285,1.6306002,143.7305,4.3511095
1358,l,FALSE,0.05,09:16,15:10,15:20,1,1.5,4,-100,100,170,2,1.5,1000,30,100,1000,0.2,0.8,TRUE,1000,1000,1000,1.5,1000,10,5,97,245,1474.3984,-572.4492,3476.996,-1378.3984,207.56192,-147.9569,58.367348,51.836735,1.9667463,1.418993,14589.751,52.347023,535.35925,-333.0151,55.6701,2.018862,7672.7812,27.820993,48.45361,532.00903,-346.6328,1.442704,149.99593,2.2809637
1359,l,FALSE,0.05,09:16,15:10,15:15,1,1.5,4,-100,100,100,2,1.5,1000,30,175,1000,0.2,0.8,TRUE,1000,1000,1000,1.5,1000,10,5,71,128,1552.5508,-443.20312,5034.703,-1187.0527,242.61105,-140.62846,60.15625,53.90625,2.604701,1.8993975,11508.998,43.203186,516.2042,-202.12442,50.704224,2.6268616,7916.873,30.381714,46.478874,506.28177,-231.327,1.9006245,107.703125,6.835328
1360,l,FALSE,0.05,09:16,15:10,15:15,1,1.5,4,-100,100,100,2,2.5,1000,30,175,1000,0.2,0.8,TRUE,1000,1000,1000,1.5,1000,10,5,27,42,1552.5508,-401.1504,5034.703,-401.1504,329.35376,-118.666405,64.28571,61.904762,4.9958262,3.59917,7112.5557,25.961966,592.8368,-148.33301,55.555557,4.9958267,5879.7793,21.74904,55.555557,542.4806,-188.11914,3.6046348,110.90476,6.2411633
1361,l,FALSE,0.05,09:16,15:10,15:15,1,1.5,4,-100,100,100,2,3,1000,30,175,1000,0.2,0.8,TRUE,1000,1000,1000,1.5,1000,10,5,14,23,1496.75,-401.1504,4978.9023,-401.1504,454.68835,-114.225586,73.91304,69.565216,11.278414,8.18709,7044.3486,24.98289,772.9702,-171.33838,71.42857,11.278417,6361.881,22.670408,64.28571,805.2292,-177.03633,8.187091,119.608696,12.980268
1362,l,FALSE,0.05,09:16,15:10,15:15,1,1.5,4,-100,100,100,2,3,1000,30,200,1000,0.2,0.8,TRUE,1000,1000,1000,1.5,1000,10,5,13,19,1496.75,-401.1504,4978.9023,-401.1504,476.81815,-130.4707,73.68421,68.42105,10.232879,7.6684484,6023.1006,21.795313,741.7171,-163.08838,69.230774,10.232881,5466.2266,19.88443,61.538464,785.7427,-163.94296,7.66845,121.47369,11.385116
1363,l,FALSE,0.05,09:16,15:10,15:15,1,1.5,4,-100,100,100,2,3.5,1000,30,175,1000,0.2,0.8,TRUE,1000,1000,1000,1.5,1000,10,5,8,14,1441.8516,-401.1504,3456.9531,-401.1504,525.89124,-176.69987,78.57143,78.57143,10.912671,8.711718,5254.704,18.317837,1156.9607,-176.69987,62.5,10.912672,4831.0,16.908688,62.5,1091.4899,-208.8164,8.711719,125.0,9.955106
1364,l,FALSE,0.05,09:16,15:10,15:15,1,1.5,4,-100,100,100,2,3.5,1000,30,200,1000,0.2,0.8,TRUE,1000,1000,1000,1.5,1000,10,5,8,12,1441.8516,-401.1504,3456.9531,-401.1504,537.84515,-176.69987,75.0,75.0,9.131503,7.312669,4310.507,15.463503,968.1213,-176.69987,62.5,9.131503,3954.5664,14.25579,62.5,916.2031,-208.8164,7.312669,125.166664,8.393194
1365,l,FALSE,0.05,09:16,15:10,15:15,1,1.5,4,-100,100,50,3,1.5,1000,15,150,175,0.2,0.8,TRUE,1000,1000,1000,1.5,1000,10,5,10,10,1331.3008,-181.44922,1331.3008,-181.44922,387.90024,-80.3999,60.000004,50.0,7.236954,5.0064545,2005.8018,8.054833,387.90024,-80.3999,60.000004,7.236954,1731.7588,7.0508184,50.0,432.8002,-86.44844,5.0064545,66.2,7.453123
1366,l,FALSE,0.05,09:16,15:10,15:15,1,1.5,4,-100,100,50,3,1.5,3.5,15,150,175,0.2,0.8,TRUE,1000,1000,1000,1.5,1000,10,5,9,9,1331.3008,-181.44922,1331.3008,-181.44922,387.90024,-95.73307,66.66667,55.555557,8.103789,5.882748,2040.2021,8.169493,387.90024,-95.73307,66.66667,8.103789,1796.1455,7.2654257,55.555557,432.8002,-91.96387,5.882748,67.44444,9.933386
1367,l,FALSE,0.05,09:16,15:10,15:15,1,1.5,4,-100,100,50,3,1.5,1000,20,175,200,0.2,0.8,TRUE,1000,1000,1000,1.5,1000,10,5,10,10,1279.4512,-181.44922,1279.4512,-181.44922,339.8501,-96.86182,60.000004,50.0,5.2629123,3.7351363,1651.6533,6.439086,339.8501,-96.86182,60.000004,5.2629123,1382.8145,5.4358697,50.0,377.67773,-101.114845,3.7351363,68.9,5.387566
1368,l,FALSE,0.05,09:16,15:10,15:15,1,1.5,4,-100,100,50,3,2,1000,20,175,200,0.2,0.8,TRUE,1000,1000,1000,1.5,1000,10,5,4,4,1279.4512,47.30078,1279.4512,0.0,472.0376,NaN,100.0,100.0,NaN,NaN,1888.1504,7.09612,472.0376,NaN,100.0,NaN,1773.668,6.6925716,100.0,443.417,NaN,NaN,106.5,Infinity
1369,l,FALSE,0.05,09:16,15:10,15:20,1,1.5,4,-100,100,170,2,1,1000,20,50,1000,0.2,0.9,TRUE,1000,1000,1000,1.5,1000,10,5,204,612,1474.3984,-592.39844,5480.295,-1854.5977,196.1635,-152.3513,57.18954,50.0,1.7200408,1.2276292,28741.19,101.705124,634.20605,-382.3277,51.47059,1.7593359,11001.251,40.454243,43.62745,639.4109,-399.18536,1.2396456,144.53595,1.608365
1370,l,FALSE,0.05,09:16,15:10,15:20,1,1.5,4,-100,100,170,2,1,6,20,50,1000,0.2,0.9,TRUE,1000,1000,1000,1.5,1000,10,5,204,610,1474.3984,-592.39844,4924.5957,-1854.5977,195.13335,-151.32547,57.213116,50.0,1.7242664,1.2283409,28605.588,100.87266,628.9135,-378.08423,51.47059,1.7642353,10931.265,39.8222,43.62745,633.4885,-395.21057,1.240516,144.50328,1.6645219
1371,l,FALSE,0.05,09:16,15:10,15:20,1,1.5,4,-100,100,170,2,1,5.5,20,50,1000,0.2,0.9,TRUE,1000,1000,1000,1.5,1000,10,5,203,608,1474.3984,-592.39844,4081.246,-1854.5977,193.27063,-150.52113,57.236843,50.0,1.718598,1.2214592,28122.688,98.83569,620.8817,-378.26422,51.724136,1.7586395,10513.81,37.986275,43.84236,624.33264,-395.19113,1.2333716,144.44572,1.6620947
1372,l,FALSE,0.05,09:16,15:10,15:20,1,1.5,4,-100,100,170,2,1,5,20,50,1000,0.2,0.9,TRUE,1000,1000,1000,1.5,1000,10,5,203,604,1474.3984,-592.39844,4081.246,-1854.5977,192.48633,-149.00732,57.1192,49.834435,1.7207253,1.2201641,27814.883,97.438576,612.78265,-372.7275,51.724136,1.7614821,10324.919,36.989853,43.84236,615.7077,-390.11462,1.2321609,144.56291,1.619656
1373,l,FALSE,0.05,09:16,15:10,15:20,1,1.5,4,-100,100,170,2,1,2,20,50,1000,0.2,0.9,TRUE,1000,1000,1000,1.5,1000,10,5,173,443,833.39844,-526.60156,3298.793,-1854.5977,179.88828,-142.7639,60.94808,53.724606,1.9665368,1.3594022,23871.684,78.70587,522.79767,-299.08273,53.17919,1.9853867,10895.423,34.36653,45.66474,515.2433,-317.11484,1.3655106,144.25056,1.824144
1374,l,FALSE,0.05,09:16,15:10,15:20,1,1.5,4,-100,100,170,2,1,1000,30,100,1000,0.2,0.9,TRUE,1000,1000,1000,1.5,1000,10,5,134,381,1474.3984,-542.59766,6031.994,-1245.1973,206.40709,-145.00629,58.792652,52.493443,2.0308888,1.446274,23469.201,82.7275,628.81573,-351.70218,53.731346,2.0762956,12405.386,44.58625,47.761192,608.9293,-379.51556,1.466963,148.24147,4.3597155
1376,l,FALSE,0.05,09:16,15:10,15:20,1,1.5,4,-100,100,170,2,1,1.5,20,50,1000,0.2,0.9,TRUE,1000,1000,1000,1.5,1000,10,5,149,289,833.39844,-454.5,2482.8438,-953.6992,189.96611,-142.43588,63.3218,57.439445,2.3025124,1.5954303,19665.592,65.69103,389.16116,-249.49588,59.731544,2.3136883,11056.2705,36.758087,52.348995,376.92047,-258.35953,1.6027343,143.9135,4.3589883
1377,l,FALSE,0.05,09:16,15:10,15:20,1,1.5,4,-100,100,170,2,1.5,1000,30,100,1000,0.2,0.9,TRUE,1000,1000,1000,1.5,1000,10,5,97,255,1474.3984,-542.59766,6031.994,-1378.3984,217.54866,-150.17215,58.431374,51.37255,2.0363264,1.4819717,16496.504,59.665413,584.9981,-351.00916,55.6701,2.0929615,9290.561,34.135662,48.45361,586.0651,-365.09,1.5089464,150.19608,2.588364
1378,l,FALSE,0.05,09:16,15:10,15:15,1,1.5,4,-100,100,100,2,1.5,1000,30,175,1000,0.2,0.9,TRUE,1000,1000,1000,1.5,1000,10,5,71,131,1552.5508,-443.20312,6172.6035,-1187.0527,255.81631,-140.31091,61.068703,54.96183,2.859938,2.094041,13309.449,49.030895,565.7669,-201.6617,50.704224,2.8856826,9612.484,35.90652,46.478874,557.17303,-230.9007,2.0955365,108.19084,8.078308
1379,l,FALSE,0.05,09:16,15:10,15:15,1,1.5,4,-100,100,100,2,2.5,1000,30,175,1000,0.2,0.9,TRUE,1000,1000,1000,1.5,1000,10,5,27,44,1552.5508,-401.1504,6172.6035,-401.1504,360.27948,-117.586716,65.909096,63.636364,5.9236326,4.2880707,8684.304,31.207743,696.5403,-146.9834,55.555557,5.923631,7384.9297,26.792177,55.555557,641.744,-186.76921,4.295034,112.75,7.688355
1375,l,FALSE,0.05,09:16,15:10,15:20,1,1.5,4,-100,100,170,2,1,6,30,100,1000,0.2,0.9,TRUE,1000,1000,1000,1.5,1000,10,5,133,378,1474.3984,-542.59766,4924.5957,-1245.1973,203.27834,-143.69287,58.73016,52.380955,2.0131876,1.4283737,22711.701,79.76125,613.4353,-351.73175,54.13534,2.0585427,11742.079,41.921486,48.1203,592.5203,-379.40903,1.4485265,148.10846,4.0991507
1380,l,FALSE,0.05,09:16,15:10,15:15,1,1.5,4,-100,100,100,2,3,1000,30,175,1000,0.2,0.9,TRUE,1000,1000,1000,1.5,1000,10,5,14,25,1496.75,-401.1504,6116.8027,-401.1504,476.0239,-114.225586,76.0,72.0,13.196773,9.597006,8359.101,29.528658,904.44543,-171.33838,71.42857,13.196774,7609.912,27.013903,64.28571,943.8993,-177.03633,9.597006,121.64,15.467197
1381,l,FALSE,0.05,09:16,15:10,15:15,1,1.5,4,-100,100,100,2,3,1000,30,200,1000,0.2,0.9,TRUE,1000,1000,1000,1.5,1000,10,5,13,21,1496.75,-401.1504,6116.8027,-401.1504,499.38788,-130.4707,76.190475,71.42857,12.248276,9.1909685,7337.8525,26.34108,887.80066,-163.08838,69.230774,12.248279,6714.258,24.227924,61.538464,941.7466,-163.94296,9.190969,123.71429,13.8720455
1382,l,FALSE,0.05,09:16,15:10,15:15,1,1.5,4,-100,100,100,2,3.5,1000,30,175,1000,0.2,0.9,TRUE,1000,1000,1000,1.5,1000,10,5,8,14,1441.8516,-401.1504,3512.9023,-401.1504,530.97754,-176.69987,78.57143,78.57143,11.018216,8.801076,5310.6533,18.525158,1168.1506,-176.69987,62.5,11.018218,4886.9785,17.11591,62.5,1102.6855,-208.8164,8.801077,125.42857,10.077109
1383,l,FALSE,0.05,09:16,15:10,15:15,1,1.5,4,-100,100,100,2,3.5,1000,30,200,1000,0.2,0.9,TRUE,1000,1000,1000,1.5,1000,10,5,8,12,1441.8516,-401.1504,3512.9023,-401.1504,544.06177,-176.69987,75.0,75.0,9.237049,7.402027,4366.456,15.670824,979.31116,-176.69987,62.5,9.237047,4010.545,14.463011,62.5,927.3988,-208.8164,7.4020267,125.666664,8.515197
1384,l,FALSE,0.05,09:16,15:10,15:15,1,1.5,4,-100,100,50,3,1.5,1000,15,150,175,0.2,0.9,TRUE,1000,1000,1000,1.5,1000,10,5,10,10,1331.3008,-181.44922,1331.3008,-181.44922,387.90024,-80.3999,60.000004,50.0,7.236954,5.0064545,2005.8018,8.054833,387.90024,-80.3999,60.000004,7.236954,1731.7588,7.0508184,50.0,432.8002,-86.44844,5.0064545,66.2,7.453123
1385,l,FALSE,0.05,09:16,15:10,15:15,1,1.5,4,-100,100,50,3,1.5,3.5,15,150,175,0.2,0.9,TRUE,1000,1000,1000,1.5,1000,10,5,9,9,1331.3008,-181.44922,1331.3008,-181.44922,387.90024,-95.73307,66.66667,55.555557,8.103789,5.882748,2040.2021,8.169493,387.90024,-95.73307,66.66667,8.103789,1796.1455,7.2654257,55.555557,432.8002,-91.96387,5.882748,67.44444,9.933386
1386,l,FALSE,0.05,09:16,15:10,15:15,1,1.5,4,-100,100,50,3,1.5,1000,20,175,200,0.2,0.9,TRUE,1000,1000,1000,1.5,1000,10,5,11,11,1279.4512,-181.44922,1279.4512,-181.44922,296.0643,-96.86182,63.636364,54.545456,5.348986,3.7680583,1685.0029,6.638932,296.0643,-96.86182,63.636364,5.348986,1399.459,5.535611,54.545456,317.50552,-101.114845,3.7680583,68.36364,5.4864216
1387,l,FALSE,0.05,09:16,15:10,15:15,1,1.5,4,-100,100,50,3,2,1000,20,175,200,0.2,0.9,TRUE,1000,1000,1000,1.5,1000,10,5,5,5,1279.4512,33.34961,1279.4512,0.0,384.3,NaN,100.0,100.0,NaN,NaN,1921.5,7.295967,384.3,NaN,100.0,NaN,1790.3125,6.7923136,100.0,358.0625,NaN,NaN,97.8,Infinity
1388,l,FALSE,0.05,09:16,15:10,15:20,1,1.5,4,-100,100,170,2,1,1000,20,50,1000,0.2,1,TRUE,1000,1000,1000,1.5,1000,10,5,204,623,1474.3984,-592.39844,6339.9434,-1854.5977,198.14908,-153.31007,57.14286,50.080257,1.723297,1.2328173,29607.3,105.96596,655.3656,-385.50735,50.980396,1.7680087,11539.168,43.612965,43.62745,656.17035,-407.47812,1.2462479,145.00803,1.5767841
1389,l,FALSE,0.05,09:16,15:10,15:20,1,1.5,4,-100,100,170,2,1,6,20,50,1000,0.2,1,TRUE,1000,1000,1000,1.5,1000,10,5,204,621,1474.3984,-592.39844,5784.244,-1854.5977,197.14192,-152.36856,57.165863,50.080513,1.7267536,1.2331485,29455.352,105.09006,650.02246,-381.46985,50.980396,1.7721546,11452.826,42.937508,43.62745,650.2479,-403.6456,1.2467256,144.97585,1.6218396
1392,l,FALSE,0.05,09:16,15:10,15:20,1,1.5,4,-100,100,170,2,1,2,20,50,1000,0.2,1,TRUE,1000,1000,1000,1.5,1000,10,5,176,449,833.39844,-526.60156,3298.793,-1854.5977,179.30034,-142.73819,61.46993,53.89755,2.004028,1.383968,24793.188,82.21644,515.8357,-298.90375,53.977276,2.024038,11648.251,37.275322,46.022728,512.07556,-313.99863,1.3904896,144.60802,1.975691
1393,l,FALSE,0.05,09:16,15:10,15:20,1,1.5,4,-100,100,170,2,1,1000,30,100,1000,0.2,1,TRUE,1000,1000,1000,1.5,1000,10,5,134,390,1474.3984,-578.4492,6891.6426,-1815.8945,210.08902,-146.60541,58.46154,52.307693,2.0168483,1.440722,24150.219,86.32646,657.2196,-357.3393,52.985073,2.0727527,12790.884,47.283447,47.761192,629.66833,-392.96988,1.4649895,148.14359,3.7875807
1394,l,FALSE,0.05,09:16,15:10,15:20,1,1.5,4,-100,100,170,2,1,6,30,100,1000,0.2,1,TRUE,1000,1000,1000,1.5,1000,10,5,133,387,1474.3984,-578.4492,5784.244,-1815.8945,207.0482,-145.34271,58.39793,52.196384,1.999681,1.4235125,23392.719,83.36023,641.6225,-357.4593,53.383457,2.0555103,12127.577,44.618702,48.1203,613.2594,-393.05832,1.4471651,148.01292,3.8994591
1390,l,FALSE,0.05,09:16,15:10,15:20,1,1.5,4,-100,100,170,2,1,5.5,20,50,1000,0.2,1,TRUE,1000,1000,1000,1.5,1000,10,5,203,619,1474.3984,-592.39844,4979.3945,-1854.5977,195.42525,-151.54109,57.18901,50.080776,1.7226917,1.2275556,29022.152,103.22415,642.28345,-381.569,51.23153,1.7682832,11085.092,41.27253,43.84236,641.5248,-403.60184,1.2409246,144.92084,1.6264973
1391,l,FALSE,0.05,09:16,15:10,15:20,1,1.5,4,-100,100,170,2,1,5,20,50,1000,0.2,1,TRUE,1000,1000,1000,1.5,1000,10,5,203,615,1474.3984,-592.39844,4081.246,-1854.5977,193.62248,-149.92404,57.07317,49.9187,1.7170687,1.2195262,28381.55,100.34491,630.5619,-375.72614,51.23153,1.7630088,10559.031,38.794724,43.84236,628.7085,-398.21072,1.2325981,144.89757,1.6377264
1395,l,FALSE,0.05,09:16,15:10,15:20,1,1.5,4,-100,100,170,2,1,1.5,20,50,1000,0.2,1,TRUE,1000,1000,1000,1.5,1000,10,5,150,291,833.39844,-454.5,2482.8438,-953.6992,188.95456,-143.74721,63.917522,57.731956,2.3285284,1.614005,20052.09,67.39716,388.96713,-249.24924,60.000004,2.340833,11392.088,38.26339,52.666664,376.21274,-258.15097,1.6215428,144.35051,4.537496
1396,l,FALSE,0.05,09:16,15:10,15:20,1,1.5,4,-100,100,170,2,1.5,1000,30,100,1000,0.2,1,TRUE,1000,1000,1000,1.5,1000,10,5,97,264,1474.3984,-578.4492,6891.6426,-1815.8945,223.52829,-151.36192,57.575756,51.136364,2.0042017,1.463327,17023.766,62.55197,619.32074,-359.09622,54.63917,2.0774372,9522.227,36.120823,48.45361,611.0325,-383.92603,1.4960449,149.86363,2.7430868
1397,l,FALSE,0.05,09:16,15:10,15:15,1,1.5,4,-100,100,100,2,1.5,1000,30,175,1000,0.2,1,TRUE,1000,1000,1000,1.5,1000,10,5,71,132,1552.5508,-443.20312,6172.6035,-1187.0527,253.10252,-141.08347,61.363636,55.303032,2.8492804,2.0883474,13306.049,49.050743,566.7669,-202.78741,50.704224,2.8747356,9592.338,35.82637,46.478874,557.34296,-231.57843,2.0900407,108.01515,8.060276
1398,l,FALSE,0.05,09:16,15:10,15:15,1,1.5,4,-100,100,100,2,2.5,1000,30,175,1000,0.2,1,TRUE,1000,1000,1000,1.5,1000,10,5,27,44,1552.5508,-440.55078,6172.6035,-440.55078,360.27948,-120.21341,65.909096,63.636364,5.7941995,4.214039,8644.903,31.056122,696.5403,-150.26677,55.555557,5.794198,7345.4727,26.640642,55.555557,641.744,-190.0573,4.220728,112.681816,7.3262873
1399,l,FALSE,0.05,09:16,15:10,15:15,1,1.5,4,-100,100,100,2,3,1000,30,175,1000,0.2,1,TRUE,1000,1000,1000,1.5,1000,10,5,14,25,1496.75,-440.55078,6116.8027,-440.55078,476.0239,-120.79232,76.0,72.0,12.479345,9.187474,8319.7,29.37704,904.44543,-181.18848,71.42857,12.479347,7570.455,26.862368,64.28571,943.8993,-184.92773,9.187473,121.52,14.152512
1400,l,FALSE,0.05,09:16,15:10,15:15,1,1.5,4,-100,100,100,2,3,1000,30,200,1000,0.2,1,TRUE,1000,1000,1000,1.5,1000,10,5,13,21,1496.75,-440.55078,6116.8027,-440.55078,499.38788,-138.35078,76.190475,71.42857,11.550647,8.768878,7298.452,26.189463,887.80066,-172.93848,69.230774,11.550651,6674.801,24.07639,61.538464,941.7466,-171.83438,8.768877,123.57143,12.684711
1401,l,FALSE,0.05,09:16,15:10,15:15,1,1.5,4,-100,100,100,2,3.5,1000,30,175,1000,0.2,1,TRUE,1000,1000,1000,1.5,1000,10,5,8,15,1441.8516,-440.55078,4577.254,-440.55078,575.42535,-189.83333,80.0,80.0,12.124854,9.835157,6335.6045,22.182138,1381.0209,-189.83333,62.5,12.124854,5883.3867,20.67106,62.5,1309.8586,-221.96875,9.835158,130.53334,11.173377
1402,l,FALSE,0.05,09:16,15:10,15:15,1,1.5,4,-100,100,100,2,3.5,1000,30,200,1000,0.2,1,TRUE,1000,1000,1000,1.5,1000,10,5,8,13,1441.8516,-440.55078,4577.254,-440.55078,596.0907,-189.83333,76.92308,76.92308,10.466915,8.519009,5391.407,19.327806,1192.1814,-189.83333,62.5,10.466913,5006.953,18.018162,62.5,1134.5719,-221.96875,8.519007,131.53847,9.739399
1403,l,FALSE,0.05,09:16,15:10,15:15,1,1.5,4,-100,100,50,3,1.5,1000,15,150,175,0.2,1,TRUE,1000,1000,1000,1.5,1000,10,5,10,10,1331.3008,-181.44922,1331.3008,-181.44922,387.90024,-80.3999,60.000004,50.0,7.236954,5.0064545,2005.8018,8.054833,387.90024,-80.3999,60.000004,7.236954,1731.7588,7.0508184,50.0,432.8002,-86.44844,5.0064545,66.2,7.453123
1404,l,FALSE,0.05,09:16,15:10,15:15,1,1.5,4,-100,100,50,3,1.5,3.5,15,150,175,0.2,1,TRUE,1000,1000,1000,1.5,1000,10,5,9,9,1331.3008,-181.44922,1331.3008,-181.44922,387.90024,-95.73307,66.66667,55.555557,8.103789,5.882748,2040.2021,8.169493,387.90024,-95.73307,66.66667,8.103789,1796.1455,7.2654257,55.555557,432.8002,-91.96387,5.882748,67.44444,9.933386
1408,l,FALSE,0.05,09:16,15:10,15:20,1,1.5,4,-100,100,170,2,1,6,20,50,1000,0.25,0.3,TRUE,1000,1000,1000,1.5,1000,10,5,148,198,836.10156,-592.39844,1616.457,-592.39844,186.03845,-132.58194,59.090908,52.525253,2.0268385,1.3907025,11027.361,38.42488,265.15677,-155.97516,54.72973,2.055216,5216.7637,18.60567,45.945946,267.6104,-162.2593,1.4018849,138.93434,3.631189
1409,l,FALSE,0.05,09:16,15:10,15:20,1,1.5,4,-100,100,170,2,1,5.5,20,50,1000,0.25,0.3,TRUE,1000,1000,1000,1.5,1000,10,5,147,197,836.10156,-592.39844,1616.457,-592.39844,186.87799,-132.58194,58.88325,52.284264,2.0185838,1.3851823,10938.712,37.829845,267.3631,-155.97516,54.421772,2.0467334,5143.0566,18.110931,45.57823,270.5045,-162.2593,1.3962067,138.83249,3.534633
1405,l,FALSE,0.05,09:16,15:10,15:15,1,1.5,4,-100,100,50,3,1.5,1000,20,175,200,0.2,1,TRUE,1000,1000,1000,1.5,1000,10,5,11,11,1279.4512,-181.44922,1279.4512,-181.44922,296.0643,-96.86182,63.636364,54.545456,5.348986,3.7680583,1685.0029,6.638932,296.0643,-96.86182,63.636364,5.348986,1399.459,5.535611,54.545456,317.50552,-101.114845,3.7680583,68.36364,5.4864216
1406,l,FALSE,0.05,09:16,15:10,15:15,1,1.5,4,-100,100,50,3,2,1000,20,175,200,0.2,1,TRUE,1000,1000,1000,1.5,1000,10,5,5,5,1279.4512,33.34961,1279.4512,0.0,384.3,NaN,100.0,100.0,NaN,NaN,1921.5,7.295967,384.3,NaN,100.0,NaN,1790.3125,6.7923136,100.0,358.0625,NaN,NaN,97.8,Infinity
1407,l,FALSE,0.05,09:16,15:10,15:20,1,1.5,4,-100,100,170,2,1,1000,20,50,1000,0.25,0.3,TRUE,1000,1000,1000,1.5,1000,10,5,149,199,836.10156,-592.39844,1616.457,-592.39844,186.03845,-135.23213,58.79397,52.261307,1.9628849,1.351543,10677.463,37.48288,265.15677,-158.82698,54.362415,1.9886326,4829.8965,17.564144,45.637585,267.6104,-165.03223,1.3613136,138.799,3.4279187
1410,l,FALSE,0.05,09:16,15:10,15:20,1,1.5,4,-100,100,170,2,1,5,20,50,1000,0.25,0.3,TRUE,1000,1000,1000,1.5,1000,10,5,145,195,836.10156,-592.39844,1616.457,-592.39844,186.2756,-127.47359,58.97436,52.307693,2.1006014,1.4304761,11223.81,38.58249,267.505,-150.13766,54.482758,2.1326785,5499.283,19.06321,45.517242,271.25232,-157.00465,1.4433705,139.12308,3.720485
1411,l,FALSE,0.05,09:16,15:10,15:20,1,1.5,4,-100,100,170,2,1,2,20,50,1000,0.25,0.3,TRUE,1000,1000,1000,1.5,1000,10,5,111,148,823.14844,-329.94922,1616.457,-329.94922,183.5925,-118.794365,63.51351,58.10811,2.6902533,1.7856504,10842.801,35.301575,271.0134,-129.81342,56.75676,2.7401261,6419.0693,20.483927,50.45045,256.35764,-144.30833,1.8087567,138.27702,6.077688
1412,l,FALSE,0.05,09:16,15:10,15:20,1,1.5,4,-100,100,170,2,1,1000,30,100,1000,0.25,0.3,TRUE,1000,1000,1000,1.5,1000,10,5,98,125,823.14844,-541.25,823.14844,-765.9492,177.09793,-132.7931,58.399998,51.2,1.8722223,1.2713449,6022.908,20.565598,228.8732,-161.76169,57.14286,1.8865054,2323.0996,8.055347,50.0,219.36543,-171.95523,1.2757125,144.312,1.1089374
1413,l,FALSE,0.05,09:16,15:10,15:20,1,1.5,4,-100,100,170,2,1,6,30,100,1000,0.25,0.3,TRUE,1000,1000,1000,1.5,1000,10,5,97,124,823.14844,-541.25,823.14844,-765.9492,177.09793,-128.53613,58.870964,51.6129,1.9721541,1.331512,6372.8066,21.5076,228.8732,-157.17299,57.731956,1.9889377,2709.9668,9.096876,50.51546,219.36543,-167.4779,1.3371049,144.57259,1.4619336
1414,l,FALSE,0.05,09:16,15:10,15:20,1,1.5,4,-100,100,170,2,1,1.5,20,50,1000,0.25,0.3,TRUE,1000,1000,1000,1.5,1000,10,5,73,91,823.14844,-329.94922,1220.4023,-329.94922,207.86057,-133.69496,67.03297,63.736267,3.1612995,2.1665277,8668.6455,28.222002,281.7454,-143.21062,61.643833,3.161812,5832.7812,19.107855,57.53425,257.62866,-160.89107,2.1694512,141.13187,6.6460032
1415,l,FALSE,0.05,09:16,15:10,15:20,1,1.5,4,-100,100,170,2,1.5,1000,30,100,1000,0.25,0.3,TRUE,1000,1000,1000,1.5,1000,10,5,69,86,817.5,-541.25,817.5,-765.9492,182.77003,-140.93794,55.813957,47.674416,1.6380788,1.1565856,3417.3203,12.82498,218.44905,-183.4704,57.971012,1.6422759,1024.8984,4.2186007,47.826088,227.57161,-180.13791,1.1580422,144.27907,0.6103533
1416,l,FALSE,0.05,09:16,15:10,15:15,1,1.5,4,-100,100,100,2,1.5,1000,30,175,1000,0.25,0.3,TRUE,1000,1000,1000,1.5,1000,10,5,44,50,1552.5508,-446.5,1552.5508,-582.9004,260.5019,-155.20457,54.000004,54.000004,1.9703454,1.4799839,3463.8457,13.965724,319.70685,-162.25932,50.0,1.970345,2044.7578,8.9587965,50.0,286.58252,-193.63898,1.4799837,105.12,2.487075
1417,l,FALSE,0.05,09:16,15:10,15:15,1,1.5,4,-100,100,100,2,2.5,1000,30,175,1000,0.25,0.3,TRUE,1000,1000,1000,1.5,1000,10,5,14,14,1552.5508,-246.65039,1552.5508,-246.65039,320.99112,-126.25065,78.57143,78.57143,9.322466,6.740136,3152.1504,11.625788,320.99112,-126.25065,78.57143,9.322466,2747.6533,10.220004,78.57143,293.30246,-159.55794,6.740136,121.5,10.6170225
1418,l,FALSE,0.05,09:16,15:10,15:15,1,1.5,4,-100,100,100,2,3,1000,30,175,1000,0.25,0.3,TRUE,1000,1000,1000,1.5,1000,10,5,7,7,485.34766,-103.35156,485.34766,-103.35156,230.91992,-66.05078,71.42857,71.42857,8.740243,4.9690723,1022.49805,3.6867657,230.91992,-66.05078,71.42857,8.740243,807.97754,2.9849362,71.42857,202.30917,-101.78418,4.9690723,108.14286,8.189451
1419,l,FALSE,0.05,09:16,15:10,15:15,1,1.5,4,-100,100,100,2,3,1000,30,200,1000,0.25,0.3,TRUE,1000,1000,1000,1.5,1000,10,5,7,7,485.34766,-103.35156,485.34766,-103.35156,230.91992,-66.05078,71.42857,71.42857,8.740243,4.9690723,1022.49805,3.6867657,230.91992,-66.05078,71.42857,8.740243,807.97754,2.9849362,71.42857,202.30917,-101.78418,4.9690723,108.14286,8.189451
1424,l,FALSE,0.05,09:16,15:10,15:15,1,1.5,4,-100,100,50,3,1.5,1000,20,175,200,0.25,0.3,TRUE,1000,1000,1000,1.5,1000,10,5,1,1,0.0,-181.44922,0.0,-181.44922,NaN,-181.44922,0.0,0.0,NaN,NaN,-181.44922,-0.6317276,NaN,-181.44922,0.0,NaN,-210.08203,-0.7314147,0.0,NaN,-210.08203,NaN,30.0,-Infinity
1420,l,FALSE,0.05,09:16,15:10,15:15,1,1.5,4,-100,100,100,2,3.5,1000,30,175,1000,0.25,0.3,TRUE,1000,1000,1000,1.5,1000,10,5,6,6,485.34766,-103.35156,485.34766,-103.35156,263.7124,-66.05078,66.66667,66.66667,7.985143,4.587061,922.74805,3.2320027,263.7124,-66.05078,66.66667,7.985143,730.2119,2.6304007,66.66667,233.44507,-101.78418,4.587061,102.0,7.2167497
1421,l,FALSE,0.05,09:16,15:10,15:15,1,1.5,4,-100,100,100,2,3.5,1000,30,200,1000,0.25,0.3,TRUE,1000,1000,1000,1.5,1000,10,5,6,6,485.34766,-103.35156,485.34766,-103.35156,263.7124,-66.05078,66.66667,66.66667,7.985143,4.587061,922.74805,3.2320027,263.7124,-66.05078,66.66667,7.985143,730.2119,2.6304007,66.66667,233.44507,-101.78418,4.587061,102.0,7.2167497
1422,l,FALSE,0.05,09:16,15:10,15:15,1,1.5,4,-100,100,50,3,1.5,1000,15,150,175,0.25,0.3,TRUE,1000,1000,1000,1.5,1000,10,5,1,1,0.0,-181.44922,0.0,-181.44922,NaN,-181.44922,0.0,0.0,NaN,NaN,-181.44922,-0.6317276,NaN,-181.44922,0.0,NaN,-210.08203,-0.7314147,0.0,NaN,-210.08203,NaN,30.0,-Infinity
1423,l,FALSE,0.05,09:16,15:10,15:15,1,1.5,4,-100,100,50,3,1.5,3.5,15,150,175,0.25,0.3,TRUE,1000,1000,1000,1.5,1000,10,5,1,1,0.0,-181.44922,0.0,-181.44922,NaN,-181.44922,0.0,0.0,NaN,NaN,-181.44922,-0.6317276,NaN,-181.44922,0.0,NaN,-210.08203,-0.7314147,0.0,NaN,-210.08203,NaN,30.0,-Infinity
1425,l,FALSE,0.05,09:16,15:10,15:15,1,1.5,4,-100,100,50,3,2,1000,20,175,200,0.25,0.3,TRUE,1000,1000,1000,1.5,1000,10,5,0,0,0.0,3.4028235E38,0.0,0.0,NaN,NaN,NaN,NaN,NaN,NaN,0.0,0.0,NaN,NaN,NaN,NaN,0.0,0.0,NaN,NaN,NaN,NaN,NaN,-0.0
1426,l,FALSE,0.05,09:16,15:10,15:20,1,1.5,4,-100,100,170,2,1,1000,20,50,1000,0.25,0.35,TRUE,1000,1000,1000,1.5,1000,10,5,179,289,836.10156,-606.25,1603.207,-1170.8516,181.3511,-154.7568,59.861595,52.941177,1.7476668,1.2279794,13421.951,47.19444,321.10043,-203.36417,53.072624,1.7857094,4965.9316,18.27082,44.692738,320.8217,-209.08894,1.2399023,137.57785,2.5234149
1427,l,FALSE,0.05,09:16,15:10,15:20,1,1.5,4,-100,100,170,2,1,6,20,50,1000,0.25,0.35,TRUE,1000,1000,1000,1.5,1000,10,5,178,288,836.10156,-606.25,1603.207,-1170.8516,181.3511,-153.05992,60.069443,53.125,1.7824073,1.2501833,13771.85,48.13644,321.10043,-201.5987,53.370785,1.8230504,5352.799,19.312347,44.94382,320.8217,-207.27487,1.2635167,137.66667,2.8754961
1428,l,FALSE,0.05,09:16,15:10,15:20,1,1.5,4,-100,100,170,2,1,5.5,20,50,1000,0.25,0.35,TRUE,1000,1000,1000,1.5,1000,10,5,177,287,836.10156,-606.25,1603.207,-1170.8516,181.89006,-153.05992,59.930313,52.96167,1.777371,1.2467382,13683.2,47.54141,323.5733,-201.5987,53.107346,1.8177526,5279.092,18.81761,44.632767,323.9497,-207.27487,1.259888,137.59233,2.8018324
1429,l,FALSE,0.05,09:16,15:10,15:20,1,1.5,4,-100,100,170,2,1,5,20,50,1000,0.25,0.35,TRUE,1000,1000,1000,1.5,1000,10,5,175,285,836.10156,-606.25,1603.207,-1170.8516,181.45578,-149.73808,60.000004,52.982456,1.8177321,1.2701126,13958.798,48.268337,324.29825,-197.57245,53.142857,1.861604,5625.8105,19.744171,44.57143,325.26767,-203.55742,1.2849222,137.77895,2.939792
1430,l,FALSE,0.05,09:16,15:10,15:20,1,1.5,4,-100,100,170,2,1,2,20,50,1000,0.25,0.35,TRUE,1000,1000,1000,1.5,1000,10,5,134,216,818.5469,-417.54688,1603.207,-911.25,174.29013,-134.54178,66.203705,59.72222,2.5376332,1.7055274,15101.9375,50.783283,308.39423,-177.21486,59.701492,2.5781152,8691.127,29.157837,51.492535,297.82953,-182.44785,1.7328649,139.14815,6.528792
1431,l,FALSE,0.05,09:16,15:10,15:20,1,1.5,4,-100,100,170,2,1,1000,30,100,1000,0.25,0.35,TRUE,1000,1000,1000,1.5,1000,10,5,116,173,818.5469,-531.75,1241.3516,-672.4004,185.55457,-141.96283,57.80347,49.13295,1.7904993,1.2422954,8192.171,27.183502,283.9853,-191.97859,55.172413,1.8206214,3092.1553,9.869937,47.41379,277.93896,-199.90964,1.2535698,138.97688,1.9184
1432,l,FALSE,0.05,09:16,15:10,15:20,1,1.5,4,-100,100,170,2,1,6,30,100,1000,0.25,0.35,TRUE,1000,1000,1000,1.5,1000,10,5,115,172,818.5469,-531.75,1241.3516,-672.4004,185.55457,-139.07484,58.139534,49.418606,1.8530647,1.2811316,8542.069,28.125505,283.9853,-188.88213,55.652172,1.8867517,3479.0225,10.911466,47.826088,277.93896,-196.79369,1.2946421,139.13373,2.2311275
1433,l,FALSE,0.05,09:16,15:10,15:20,1,1.5,4,-100,100,170,2,1,1.5,20,50,1000,0.25,0.35,TRUE,1000,1000,1000,1.5,1000,10,5,102,141,818.5469,-417.54688,1603.207,-747.4961,193.56584,-142.11131,68.79433,63.829784,3.0027497,2.0554223,12522.989,41.969532,288.51746,-168.39583,63.72549,3.0099022,8229.379,27.848494,58.823532,264.94458,-182.55466,2.0733094,145.42554,8.270742
1434,l,FALSE,0.05,09:16,15:10,15:20,1,1.5,4,-100,100,170,2,1.5,1000,30,100,1000,0.25,0.35,TRUE,1000,1000,1000,1.5,1000,10,5,83,117,817.5,-531.75,1241.3516,-672.4004,200.92938,-144.31384,57.26496,48.71795,1.8656937,1.337164,6246.576,20.98237,274.27228,-197.67123,57.83132,1.9028808,2962.0723,9.271952,49.39759,276.43756,-199.3302,1.3538126,143.77777,1.8523779
1435,l,FALSE,0.05,09:16,15:10,15:15,1,1.5,4,-100,100,100,2,1.5,1000,30,175,1000,0.25,0.35,TRUE,1000,1000,1000,1.5,1000,10,5,58,71,1552.5508,-446.5,1552.5508,-782.6504,240.27304,-140.07207,52.112675,49.295773,1.8667077,1.3644193,4127.6523,17.07437,327.47797,-152.07268,46.551723,1.8755686,2112.9893,9.965887,44.827587,303.93918,-180.91968,1.3649737,103.169014,2.548139
1436,l,FALSE,0.05,09:16,15:10,15:15,1,1.5,4,-100,100,100,2,2.5,1000,30,175,1000,0.25,0.35,TRUE,1000,1000,1000,1.5,1000,10,5,22,23,1552.5508,-246.65039,1552.5508,-246.65039,287.12717,-103.405075,56.521736,52.173912,3.6097383,2.5042613,2698.6025,10.065062,287.12717,-114.89453,59.090908,3.6097386,2021.3486,7.7600627,54.545456,280.4247,-134.3748,2.5042617,104.478264,4.2039375
1437,l,FALSE,0.05,09:16,15:10,15:15,1,1.5,4,-100,100,100,2,3,1000,30,175,1000,0.25,0.35,TRUE,1000,1000,1000,1.5,1000,10,5,10,10,485.34766,-113.55078,485.34766,-113.55078,193.73576,-80.05078,70.0,60.000004,5.647042,3.346548,1115.998,3.9172533,193.73576,-80.05078,70.0,5.647042,806.4424,2.9153018,60.000004,191.68571,-85.91797,3.346548,102.0,5.663077
1438,l,FALSE,0.05,09:16,15:10,15:15,1,1.5,4,-100,100,100,2,3,1000,30,200,1000,0.25,0.35,TRUE,1000,1000,1000,1.5,1000,10,5,10,10,485.34766,-113.55078,485.34766,-113.55078,193.73576,-80.05078,70.0,60.000004,5.647042,3.346548,1115.998,3.9172533,193.73576,-80.05078,70.0,5.647042,806.4424,2.9153018,60.000004,191.68571,-85.91797,3.346548,102.0,5.663077
1439,l,FALSE,0.05,09:16,15:10,15:15,1,1.5,4,-100,100,100,2,3.5,1000,30,175,1000,0.25,0.35,TRUE,1000,1000,1000,1.5,1000,10,5,6,6,485.34766,-97.85156,485.34766,-97.85156,263.7124,-63.30078,66.66667,66.66667,8.332045,4.714435,928.24805,3.2460496,263.7124,-63.30078,66.66667,8.332045,735.7119,2.6444335,66.66667,233.44507,-99.03418,4.714435,102.166664,7.5457654
1440,l,FALSE,0.05,09:16,15:10,15:15,1,1.5,4,-100,100,100,2,3.5,1000,30,200,1000,0.25,0.35,TRUE,1000,1000,1000,1.5,1000,10,5,6,6,485.34766,-97.85156,485.34766,-97.85156,263.7124,-63.30078,66.66667,66.66667,8.332045,4.714435,928.24805,3.2460496,263.7124,-63.30078,66.66667,8.332045,735.7119,2.6444335,66.66667,233.44507,-99.03418,4.714435,102.166664,7.5457654
1441,l,FALSE,0.05,09:16,15:10,15:15,1,1.5,4,-100,100,50,3,1.5,1000,15,150,175,0.25,0.35,TRUE,1000,1000,1000,1.5,1000,10,5,1,1,0.0,-181.44922,0.0,-181.44922,NaN,-181.44922,0.0,0.0,NaN,NaN,-181.44922,-0.6317276,NaN,-181.44922,0.0,NaN,-210.08203,-0.7314147,0.0,NaN,-210.08203,NaN,30.0,-Infinity
1442,l,FALSE,0.05,09:16,15:10,15:15,1,1.5,4,-100,100,50,3,1.5,3.5,15,150,175,0.25,0.35,TRUE,1000,1000,1000,1.5,1000,10,5,1,1,0.0,-181.44922,0.0,-181.44922,NaN,-181.44922,0.0,0.0,NaN,NaN,-181.44922,-0.6317276,NaN,-181.44922,0.0,NaN,-210.08203,-0.7314147,0.0,NaN,-210.08203,NaN,30.0,-Infinity
1443,l,FALSE,0.05,09:16,15:10,15:15,1,1.5,4,-100,100,50,3,1.5,1000,20,175,200,0.25,0.35,TRUE,1000,1000,1000,1.5,1000,10,5,2,2,0.0,-181.44922,0.0,-181.44922,NaN,-110.42383,0.0,0.0,NaN,NaN,-220.84766,-0.80936444,NaN,-110.42383,0.0,NaN,-271.64062,-1.0089657,0.0,NaN,-135.82031,NaN,35.5,-3.6352437
1444,l,FALSE,0.05,09:16,15:10,15:15,1,1.5,4,-100,100,50,3,2,1000,20,175,200,0.25,0.35,TRUE,1000,1000,1000,1.5,1000,10,5,0,0,0.0,3.4028235E38,0.0,0.0,NaN,NaN,NaN,NaN,NaN,NaN,0.0,0.0,NaN,NaN,NaN,NaN,0.0,0.0,NaN,NaN,NaN,NaN,NaN,-0.0
1445,l,FALSE,0.05,09:16,15:10,15:20,1,1.5,4,-100,100,170,2,1,1000,20,50,1000,0.25,0.4,TRUE,1000,1000,1000,1.5,1000,10,5,186,349,847.9492,-592.39844,2540.6094,-1154.9492,185.91705,-157.81332,59.59885,53.0086,1.7378796,1.2288312,16419.066,57.13843,393.72156,-230.59866,51.075268,1.7824388,6150.158,22.209877,44.08602,384.38348,-243.93544,1.2424253,138.77077,1.8742828
1446,l,FALSE,0.05,09:16,15:10,15:20,1,1.5,4,-100,100,170,2,1,6,20,50,1000,0.25,0.4,TRUE,1000,1000,1000,1.5,1000,10,5,185,348,847.9492,-592.39844,2540.6094,-1154.9492,185.91705,-156.32129,59.770115,53.16092,1.7669995,1.2475693,16785.766,58.125217,393.72156,-229.08644,51.35135,1.8141403,6553.838,23.296177,44.32432,384.38348,-242.38452,1.2625146,138.84483,2.1643682
1447,l,FALSE,0.05,09:16,15:10,15:20,1,1.5,4,-100,100,170,2,1,5.5,20,50,1000,0.25,0.4,TRUE,1000,1000,1000,1.5,1000,10,5,185,348,847.9492,-592.39844,2540.6094,-1154.9492,185.91705,-156.32129,59.770115,53.16092,1.7669995,1.2475693,16785.766,58.125217,393.72156,-229.08644,51.35135,1.8141403,6553.838,23.296177,44.32432,384.38348,-242.38452,1.2625146,138.84483,2.1643682
1448,l,FALSE,0.05,09:16,15:10,15:20,1,1.5,4,-100,100,170,2,1,5,20,50,1000,0.25,0.4,TRUE,1000,1000,1000,1.5,1000,10,5,183,345,847.9492,-592.39844,2540.6094,-1154.9492,186.08202,-153.62036,59.710144,53.04348,1.79518,1.2638038,16979.664,58.304012,394.31592,-225.68573,51.36612,1.845347,6833.8027,23.774883,44.262295,385.57462,-239.19351,1.2800999,138.94493,2.5834386
1449,l,FALSE,0.05,09:16,15:10,15:20,1,1.5,4,-100,100,170,2,1,2,20,50,1000,0.25,0.4,TRUE,1000,1000,1000,1.5,1000,10,5,141,257,847.9492,-417.54688,2540.6094,-911.25,178.68538,-140.43924,65.369644,59.533073,2.4017053,1.6360071,17520.05,58.17257,366.59253,-202.89908,57.446808,2.439143,9851.012,32.443523,48.93617,360.3771,-208.54176,1.6560777,139.6537,4.501532
1450,l,FALSE,0.05,09:16,15:10,15:20,1,1.5,4,-100,100,170,2,1,1000,30,100,1000,0.25,0.4,TRUE,1000,1000,1000,1.5,1000,10,5,120,205,847.9492,-531.75,1671.0977,-686.4004,177.7663,-146.66261,58.04878,49.268295,1.6771754,1.163442,8541.205,27.577871,326.49353,-211.01556,52.499996,1.7101166,2518.5195,7.0641813,45.833336,312.4856,-225.66443,1.1716995,138.37561,0.99511844
1451,l,FALSE,0.05,09:16,15:10,15:20,1,1.5,4,-100,100,170,2,1,6,30,100,1000,0.25,0.4,TRUE,1000,1000,1000,1.5,1000,10,5,119,204,847.9492,-531.75,1671.0977,-686.4004,177.7663,-144.2716,58.333332,49.509804,1.7250298,1.1934037,8891.104,28.519873,326.49353,-208.5355,52.941177,1.7613559,2905.3867,8.10571,46.218487,312.4856,-223.14563,1.2034397,138.5049,1.2524868
1452,l,FALSE,0.05,09:16,15:10,15:20,1,1.5,4,-100,100,170,2,1,1.5,20,50,1000,0.25,0.4,TRUE,1000,1000,1000,1.5,1000,10,5,110,172,847.9492,-417.54688,1874.207,-747.4961,197.12729,-158.00838,69.18604,64.53488,2.8011584,1.9608366,15083.702,50.2384,349.69992,-194.0975,60.909092,2.8072555,9827.871,33.01327,56.363636,321.2648,-210.21974,1.9739679,144.78488,5.9843554
1453,l,FALSE,0.05,09:16,15:10,15:20,1,1.5,4,-100,100,170,2,1.5,1000,30,100,1000,0.25,0.4,TRUE,1000,1000,1000,1.5,1000,10,5,87,138,817.5,-531.75,1218.2031,-672.4004,191.5138,-150.1409,55.7971,47.826088,1.6101336,1.1549877,5587.968,18.60382,303.24496,-216.61365,54.022987,1.6449233,1710.7422,4.794625,47.126434,295.76523,-226.42677,1.1642475,141.09421,0.6334232
1454,l,FALSE,0.05,09:16,15:10,15:15,1,1.5,4,-100,100,100,2,1.5,1000,30,175,1000,0.25,0.4,TRUE,1000,1000,1000,1.5,1000,10,5,60,77,1552.5508,-414.94922,3911.6016,-785.1504,278.29886,-138.63322,53.246754,50.64935,2.2862592,1.6979349,6419.457,25.724598,405.7358,-154.4108,46.666668,2.299184,4250.283,18.011799,45.0,382.66016,-184.28912,1.6988825,105.96104,4.5410137
1456,l,FALSE,0.05,09:16,15:10,15:15,1,1.5,4,-100,100,100,2,3,1000,30,175,1000,0.25,0.4,TRUE,1000,1000,1000,1.5,1000,10,5,12,13,1358.8008,-113.55078,2359.0508,-113.55078,373.8449,-68.967445,76.92308,69.230774,18.068668,11.143104,3531.5469,12.623365,415.38324,-68.967445,75.0,18.068666,3148.462,11.31707,66.66667,432.35828,-77.601074,11.143104,117.38461,21.983793
1457,l,FALSE,0.05,09:16,15:10,15:15,1,1.5,4,-100,100,100,2,3,1000,30,200,1000,0.25,0.4,TRUE,1000,1000,1000,1.5,1000,10,5,12,13,1358.8008,-113.55078,2359.0508,-113.55078,373.8449,-68.967445,76.92308,69.230774,18.068668,11.143104,3531.5469,12.623365,415.38324,-68.967445,75.0,18.068666,3148.462,11.31707,66.66667,432.35828,-77.601074,11.143104,117.38461,21.983793
1458,l,FALSE,0.05,09:16,15:10,15:15,1,1.5,4,-100,100,100,2,3.5,1000,30,175,1000,0.25,0.4,TRUE,1000,1000,1000,1.5,1000,10,5,7,8,1358.8008,-100.19922,2359.0508,-100.19922,569.1667,-64.47461,75.0,75.0,26.483294,16.151798,3286.0508,11.730583,683.0,-64.47461,71.42857,26.483295,3036.663,10.924734,71.42857,647.41583,-100.20801,16.1518,129.0,30.64928
1459,l,FALSE,0.05,09:16,15:10,15:15,1,1.5,4,-100,100,100,2,3.5,1000,30,200,1000,0.25,0.4,TRUE,1000,1000,1000,1.5,1000,10,5,7,8,1358.8008,-100.19922,2359.0508,-100.19922,569.1667,-64.47461,75.0,75.0,26.483294,16.151798,3286.0508,11.730583,683.0,-64.47461,71.42857,26.483295,3036.663,10.924734,71.42857,647.41583,-100.20801,16.1518,129.0,30.64928
1455,l,FALSE,0.05,09:16,15:10,15:15,1,1.5,4,-100,100,100,2,2.5,1000,30,175,1000,0.25,0.4,TRUE,1000,1000,1000,1.5,1000,10,5,24,27,1552.5508,-221.80078,3911.6016,-221.80078,384.06586,-90.89098,59.25926,55.555557,6.1462774,4.236911,5145.253,18.963308,438.9324,-99.98008,58.333332,6.146278,4357.71,16.253853,54.166668,438.7666,-122.386894,4.236911,113.59259,9.3513365
1460,l,FALSE,0.05,09:16,15:10,15:15,1,1.5,4,-100,100,50,3,1.5,1000,15,150,175,0.25,0.4,TRUE,1000,1000,1000,1.5,1000,10,5,3,3,341.8496,-181.44922,341.8496,-181.44922,341.8496,-104.34961,33.333336,33.333336,1.6380017,1.2642545,133.15039,0.62977993,341.8496,-104.34961,33.333336,1.6380017,66.49609,0.32946622,33.333336,318.1328,-125.81836,1.2642545,43.0,0.45045066
1461,l,FALSE,0.05,09:16,15:10,15:15,1,1.5,4,-100,100,50,3,1.5,3.5,15,150,175,0.25,0.4,TRUE,1000,1000,1000,1.5,1000,10,5,3,3,341.8496,-181.44922,341.8496,-181.44922,341.8496,-104.34961,33.333336,33.333336,1.6380017,1.2642545,133.15039,0.62977993,341.8496,-104.34961,33.333336,1.6380017,66.49609,0.32946622,33.333336,318.1328,-125.81836,1.2642545,43.0,0.45045066
1462,l,FALSE,0.05,09:16,15:10,15:15,1,1.5,4,-100,100,50,3,1.5,1000,20,175,200,0.25,0.4,TRUE,1000,1000,1000,1.5,1000,10,5,4,4,292.04883,-181.44922,292.04883,-181.44922,280.69922,-110.42383,50.0,50.0,2.5420167,1.8822404,340.55078,1.4688101,280.69922,-110.42383,50.0,2.5420167,239.65234,1.0680693,50.0,255.64648,-135.82031,1.8822404,80.75,3.8481905
1463,l,FALSE,0.05,09:16,15:10,15:15,1,1.5,4,-100,100,50,3,2,1000,20,175,200,0.25,0.4,TRUE,1000,1000,1000,1.5,1000,10,5,2,2,292.04883,269.3496,292.04883,0.0,280.69922,NaN,100.0,100.0,NaN,NaN,561.39844,2.2781744,280.69922,NaN,100.0,NaN,511.29297,2.077035,100.0,255.64648,NaN,NaN,126.0,Infinity
1464,l,FALSE,0.05,09:16,15:10,15:20,1,1.5,4,-100,100,170,2,1,1000,20,50,1000,0.25,0.45,TRUE,1000,1000,1000,1.5,1000,10,5,190,390,836.10156,-592.39844,2540.6094,-1154.9492,189.31094,-154.11504,58.46154,52.307693,1.7288232,1.22655,18196.258,63.165768,420.30148,-257.2922,52.105267,1.7771666,6832.8457,24.134123,43.157894,428.8198,-262.3183,1.2411845,140.34616,1.7439032
1465,l,FALSE,0.05,09:16,15:10,15:20,1,1.5,4,-100,100,170,2,1,6,20,50,1000,0.25,0.45,TRUE,1000,1000,1000,1.5,1000,10,5,188,388,836.10156,-592.39844,2540.6094,-1154.9492,187.51561,-152.79465,58.505154,52.319588,1.7303313,1.2240926,17966.105,62.04295,418.5,-256.07657,52.12766,1.7795459,6668.2676,23.211866,43.085106,427.09833,-260.99716,1.2387775,140.28609,1.8201329
1466,l,FALSE,0.05,09:16,15:10,15:20,1,1.5,4,-100,100,170,2,1,5.5,20,50,1000,0.25,0.45,TRUE,1000,1000,1000,1.5,1000,10,5,188,388,836.10156,-592.39844,2540.6094,-1154.9492,187.51561,-152.79465,58.505154,52.319588,1.7303313,1.2240926,17966.105,62.04295,418.5,-256.07657,52.12766,1.7795459,6668.2676,23.211866,43.085106,427.09833,-260.99716,1.2387775,140.28609,1.8201329
1467,l,FALSE,0.05,09:16,15:10,15:20,1,1.5,4,-100,100,170,2,1,5,20,50,1000,0.25,0.45,TRUE,1000,1000,1000,1.5,1000,10,5,186,385,836.10156,-592.39844,2540.6094,-1154.9492,187.82532,-150.42618,58.441555,52.20779,1.7558733,1.2391577,18192.506,62.29098,419.66647,-252.97911,52.150536,1.8080119,6980.75,23.759775,43.010754,429.24478,-258.10217,1.2551553,140.38182,2.1228967
1468,l,FALSE,0.05,09:16,15:10,15:20,1,1.5,4,-100,100,170,2,1,2,20,50,1000,0.25,0.45,TRUE,1000,1000,1000,1.5,1000,10,5,143,285,833.39844,-473.75,2540.6094,-1095.1484,181.155,-137.61424,63.15789,57.54386,2.2566805,1.544919,18158.402,59.823914,403.07184,-223.60863,55.944054,2.288987,9739.457,31.29394,47.55245,399.1855,-232.06876,1.559573,141.09123,3.109019
1469,l,FALSE,0.05,09:16,15:10,15:20,1,1.5,4,-100,100,170,2,1,1000,30,100,1000,0.25,0.45,TRUE,1000,1000,1000,1.5,1000,10,5,124,237,833.39844,-531.75,1651.9453,-832.4961,183.8064,-149.5121,58.64979,51.05485,1.7437053,1.2222598,10896.903,36.09671,371.97754,-246.063,54.03226,1.7769303,3954.8213,12.378736,45.967743,367.7347,-253.82178,1.2325536,140.76372,1.4372048
1472,l,FALSE,0.05,09:16,15:10,15:20,1,1.5,4,-100,100,170,2,1.5,1000,30,100,1000,0.25,0.45,TRUE,1000,1000,1000,1.5,1000,10,5,91,159,817.5,-531.75,1301.502,-842.8496,191.07587,-151.4624,57.2327,49.685535,1.688237,1.2139531,7088.461,24.042038,330.4384,-244.09741,56.04396,1.7259872,2648.046,8.130089,46.153847,341.84924,-238.97188,1.2261428,141.61635,0.9980657
1473,l,FALSE,0.05,09:16,15:10,15:15,1,1.5,4,-100,100,100,2,1.5,1000,30,175,1000,0.25,0.45,TRUE,1000,1000,1000,1.5,1000,10,5,61,87,1552.5508,-420.70312,3911.6016,-785.1504,258.7418,-139.30898,55.172413,50.574715,2.285936,1.6878465,6986.5566,28.75054,426.92792,-168.57352,47.540985,2.2951615,4560.3955,20.03625,44.262295,414.45773,-194.9989,1.6878464,107.35632,4.545587
1474,l,FALSE,0.05,09:16,15:10,15:15,1,1.5,4,-100,100,100,2,2.5,1000,30,175,1000,0.25,0.45,TRUE,1000,1000,1000,1.5,1000,10,5,24,27,1552.5508,-221.80078,3911.6016,-221.80078,383.31598,-94.363815,59.25926,55.555557,5.9085197,4.1208544,5095.0537,18.799704,438.0754,-103.80019,58.333332,5.90852,4307.4795,16.090311,54.166668,437.5157,-125.47497,4.120854,113.96296,8.908349
1470,l,FALSE,0.05,09:16,15:10,15:20,1,1.5,4,-100,100,170,2,1,6,30,100,1000,0.25,0.45,TRUE,1000,1000,1000,1.5,1000,10,5,122,235,833.39844,-531.75,1651.9453,-832.4961,180.81334,-147.44627,58.723404,51.06383,1.7446326,1.216779,10649.952,34.929092,368.57037,-244.20879,54.098362,1.7787507,3773.4307,11.411706,45.901638,364.15396,-251.80592,1.2270526,140.67235,1.5071852
1471,l,FALSE,0.05,09:16,15:10,15:20,1,1.5,4,-100,100,170,2,1,1.5,20,50,1000,0.25,0.45,TRUE,1000,1000,1000,1.5,1000,10,5,117,194,833.39844,-446.5,1874.207,-870.6953,198.81845,-155.72342,67.01031,62.886597,2.5933797,1.8262497,15880.098,52.625916,363.4978,-215.83144,60.68376,2.599487,10010.496,33.199528,55.555557,338.27914,-230.33942,1.8357646,144.91237,4.858676
1475,l,FALSE,0.05,09:16,15:10,15:15,1,1.5,4,-100,100,100,2,3,1000,30,175,1000,0.25,0.45,TRUE,1000,1000,1000,1.5,1000,10,5,12,14,1496.75,-105.75,3855.8008,-105.75,474.68643,-66.36719,78.57143,71.42857,26.225561,16.238253,5022.449,18.049238,580.1723,-66.36719,75.0,26.225563,4611.089,16.640219,66.66667,614.21106,-75.6499,16.238255,125.28571,34.21053
1476,l,FALSE,0.05,09:16,15:10,15:15,1,1.5,4,-100,100,100,2,3,1000,30,200,1000,0.25,0.45,TRUE,1000,1000,1000,1.5,1000,10,5,12,14,1496.75,-105.75,3855.8008,-105.75,476.84552,-66.36719,78.57143,71.42857,26.344847,16.316792,5046.199,18.118029,582.8112,-66.36719,75.0,26.344852,4634.8545,16.708982,66.66667,617.18176,-75.6499,16.316793,125.21429,34.351902
1477,l,FALSE,0.05,09:16,15:10,15:15,1,1.5,4,-100,100,100,2,3.5,1000,30,175,1000,0.25,0.45,TRUE,1000,1000,1000,1.5,1000,10,5,7,8,1358.8008,-100.19922,2359.0508,-100.19922,566.8919,-64.47461,75.0,75.0,26.377449,16.08364,3272.4023,11.689294,680.2703,-64.47461,71.42857,26.377455,3023.003,10.8834505,71.42857,644.6838,-100.20801,16.083641,129.5,30.53346
1478,l,FALSE,0.05,09:16,15:10,15:15,1,1.5,4,-100,100,100,2,3.5,1000,30,200,1000,0.25,0.45,TRUE,1000,1000,1000,1.5,1000,10,5,7,8,1358.8008,-100.19922,2359.0508,-100.19922,570.8503,-64.47461,75.0,75.0,26.56163,16.20222,3296.1523,11.758082,685.0203,-64.47461,71.42857,26.561634,3046.7686,10.952216,71.42857,649.4369,-100.20801,16.202223,129.375,30.726381
1479,l,FALSE,0.05,09:16,15:10,15:15,1,1.5,4,-100,100,50,3,1.5,1000,15,150,175,0.25,0.45,TRUE,1000,1000,1000,1.5,1000,10,5,5,5,341.8496,-181.44922,341.8496,-181.44922,286.5747,-95.73307,40.0,40.0,1.9956511,1.4570868,285.9502,1.9258604,286.5747,-95.73307,40.0,1.9956511,167.52051,1.4249048,40.0,267.0083,-122.16537,1.4570868,64.4,1.3947389
1480,l,FALSE,0.05,09:16,15:10,15:15,1,1.5,4,-100,100,50,3,1.5,3.5,15,150,175,0.25,0.45,TRUE,1000,1000,1000,1.5,1000,10,5,5,5,341.8496,-181.44922,341.8496,-181.44922,286.5747,-95.73307,40.0,40.0,1.9956511,1.4570868,285.9502,1.9258604,286.5747,-95.73307,40.0,1.9956511,167.52051,1.4249048,40.0,267.0083,-122.16537,1.4570868,64.4,1.3947389
1481,l,FALSE,0.05,09:16,15:10,15:15,1,1.5,4,-100,100,50,3,1.5,1000,20,175,200,0.25,0.45,TRUE,1000,1000,1000,1.5,1000,10,5,5,5,292.04883,-181.44922,292.04883,-181.44922,202.89973,-110.42383,60.000004,60.000004,2.7561955,1.9222034,387.85156,1.5986786,202.89973,-110.42383,60.000004,2.7561955,250.50781,1.097874,60.000004,174.04948,-135.82031,1.9222034,79.6,3.9555752
1482,l,FALSE,0.05,09:16,15:10,15:15,1,1.5,4,-100,100,50,3,2,1000,20,175,200,0.25,0.45,TRUE,1000,1000,1000,1.5,1000,10,5,3,3,292.04883,47.30078,292.04883,0.0,202.89973,NaN,100.0,100.0,NaN,NaN,608.6992,2.408043,202.89973,NaN,100.0,NaN,522.14844,2.1068397,100.0,174.04948,NaN,NaN,109.0,Infinity
1483,l,FALSE,0.05,09:16,15:10,15:20,1,1.5,4,-100,100,170,2,1,1000,20,50,1000,0.25,0.5,TRUE,1000,1000,1000,1.5,1000,10,5,191,421,830.0469,-592.39844,2540.6094,-1522.2969,193.7907,-155.45018,57.48218,51.781475,1.6854038,1.2018507,19071.766,65.818924,467.2639,-279.28546,50.78534,1.7264649,6777.1426,23.68596,43.979057,458.00247,-296.21558,1.2138231,140.71022,1.4171205
1484,l,FALSE,0.05,09:16,15:10,15:20,1,1.5,4,-100,100,170,2,1,6,20,50,1000,0.25,0.5,TRUE,1000,1000,1000,1.5,1000,10,5,189,419,830.0469,-592.39844,2540.6094,-1522.2969,191.99542,-154.17267,57.5179,51.789974,1.686089,1.1990365,18828.164,64.632164,465.6057,-278.17188,50.793655,1.7277999,6599.1055,22.699797,43.915344,456.3173,-295.04935,1.211001,140.64917,1.4565283
1488,l,FALSE,0.05,09:16,15:10,15:20,1,1.5,4,-100,100,170,2,1,1000,30,100,1000,0.25,0.5,TRUE,1000,1000,1000,1.5,1000,10,5,124,256,830.0469,-531.75,2439.8438,-1246.8984,190.67905,-151.28485,57.03125,51.171875,1.6728911,1.182003,11197.808,36.913944,424.59595,-266.27225,51.6129,1.7008992,3664.456,11.295531,46.774193,396.76205,-293.1476,1.1893997,142.5625,0.954529
1489,l,FALSE,0.05,09:16,15:10,15:20,1,1.5,4,-100,100,170,2,1,6,30,100,1000,0.25,0.5,TRUE,1000,1000,1000,1.5,1000,10,5,122,254,830.0469,-531.75,2439.8438,-1246.8984,187.67374,-149.4627,57.086617,51.181103,1.670368,1.1748834,10921.257,35.639385,421.39194,-264.85483,51.639343,1.6988963,3453.4502,10.221612,46.721313,393.2338,-291.70578,1.1821357,142.48425,0.9471392
1485,l,FALSE,0.05,09:16,15:10,15:20,1,1.5,4,-100,100,170,2,1,5.5,20,50,1000,0.25,0.5,TRUE,1000,1000,1000,1.5,1000,10,5,189,419,830.0469,-592.39844,2540.6094,-1522.2969,191.99542,-154.17267,57.5179,51.789974,1.686089,1.1990365,18828.164,64.632164,465.6057,-278.17188,50.793655,1.7277999,6599.1055,22.699797,43.915344,456.3173,-295.04935,1.211001,140.64917,1.4565283
1486,l,FALSE,0.05,09:16,15:10,15:20,1,1.5,4,-100,100,170,2,1,5,20,50,1000,0.25,0.5,TRUE,1000,1000,1000,1.5,1000,10,5,188,415,830.0469,-592.39844,2540.6094,-1522.2969,190.66469,-152.03946,57.349396,51.56627,1.686233,1.195077,18467.21,63.073368,461.11,-272.45413,50.531918,1.7288281,6357.037,21.541773,43.617023,452.00485,-289.6921,1.20702,140.79277,1.369462
1487,l,FALSE,0.05,09:16,15:10,15:20,1,1.5,4,-100,100,170,2,1,2,20,50,1000,0.25,0.5,TRUE,1000,1000,1000,1.5,1000,10,5,146,307,830.0469,-473.75,2540.6094,-1522.2969,186.13324,-138.96037,62.21498,56.677525,2.205506,1.5211245,19432.047,63.706738,434.37958,-242.3492,55.479454,2.2335696,10365.77,32.97483,47.945206,425.55515,-255.56697,1.533683,141.14006,2.774144
1490,l,FALSE,0.05,09:16,15:10,15:20,1,1.5,4,-100,100,170,2,1,1.5,20,50,1000,0.25,0.5,TRUE,1000,1000,1000,1.5,1000,10,5,124,209,830.0469,-454.5,1874.207,-862.59375,196.24928,-152.85916,66.02871,61.24402,2.495384,1.745688,16229.4,53.887703,360.5913,-220.71321,60.48387,2.5006454,9894.592,32.960693,54.03226,343.6678,-230.37105,1.7535208,143.70813,4.395102
1491,l,FALSE,0.05,09:16,15:10,15:20,1,1.5,4,-100,100,170,2,1.5,1000,30,100,1000,0.25,0.5,TRUE,1000,1000,1000,1.5,1000,10,5,91,169,817.5,-531.75,1292.2461,-979.59766,197.86725,-147.96887,55.029583,50.29586,1.6363374,1.1800387,7156.0205,24.439163,371.41785,-248.18689,52.747257,1.6705396,2430.1895,7.527017,48.35165,345.90106,-272.11612,1.1900151,144.0355,0.8284814
1492,l,FALSE,0.05,09:16,15:10,15:15,1,1.5,4,-100,100,100,2,1.5,1000,30,175,1000,0.25,0.5,TRUE,1000,1000,1000,1.5,1000,10,5,62,91,1552.5508,-420.70312,3911.1016,-785.1504,254.17665,-143.83815,53.846157,48.35165,2.061619,1.5304465,6413.454,26.096296,413.84702,-187.56113,48.387096,2.0685606,3883.3525,16.983343,41.935482,430.34207,-202.9317,1.5315626,105.59341,3.1565375
1493,l,FALSE,0.05,09:16,15:10,15:15,1,1.5,4,-100,100,100,2,2.5,1000,30,175,1000,0.25,0.5,TRUE,1000,1000,1000,1.5,1000,10,5,25,29,1552.5508,-404.3496,3911.1016,-404.3496,382.8222,-115.38852,55.172413,51.724136,4.083298,2.979735,4625.1045,16.99484,437.51108,-136.36826,56.0,4.083298,3773.6572,14.086345,52.0,436.90768,-158.84521,2.9797354,110.48276,4.004939
1494,l,FALSE,0.05,09:16,15:10,15:15,1,1.5,4,-100,100,100,2,3,1000,30,175,1000,0.25,0.5,TRUE,1000,1000,1000,1.5,1000,10,5,13,16,1496.75,-404.3496,3855.3008,-404.3496,474.641,-129.31055,68.75,62.5,8.075213,6.0365095,4574.498,16.329885,580.11676,-161.63818,69.230774,8.075214,4099.2764,14.72172,61.538464,614.14856,-162.78242,6.0365105,117.4375,7.98831
1495,l,FALSE,0.05,09:16,15:10,15:15,1,1.5,4,-100,100,100,2,3,1000,30,200,1000,0.25,0.5,TRUE,1000,1000,1000,1.5,1000,10,5,13,16,1496.75,-404.3496,3855.3008,-404.3496,476.80008,-131.11055,68.75,62.5,8.000578,5.9993415,4589.248,16.370987,582.7556,-163.88818,69.230774,8.00058,4114.038,14.762814,61.538464,617.11926,-164.5832,5.999342,117.25,8.010609
1496,l,FALSE,0.05,09:16,15:10,15:15,1,1.5,4,-100,100,100,2,3.5,1000,30,175,1000,0.25,0.5,TRUE,1000,1000,1000,1.5,1000,10,5,8,9,1358.8008,-404.3496,2358.5508,-404.3496,566.8086,-177.76628,66.66667,66.66667,6.3770103,5.118586,2867.5527,10.075604,680.1703,-177.76628,62.5,6.3770084,2593.2686,9.170566,62.5,644.5838,-209.88347,5.1185846,119.666664,5.35965
1497,l,FALSE,0.05,09:16,15:10,15:15,1,1.5,4,-100,100,100,2,3.5,1000,30,200,1000,0.25,0.5,TRUE,1000,1000,1000,1.5,1000,10,5,8,9,1358.8008,-404.3496,2358.5508,-404.3496,570.7669,-177.76628,66.66667,66.66667,6.4215446,5.15633,2891.3027,10.144393,684.9203,-177.76628,62.5,6.4215426,2617.0342,9.239331,62.5,649.3369,-209.88347,5.156329,119.55556,5.3998394
1498,l,FALSE,0.05,09:16,15:10,15:15,1,1.5,4,-100,100,50,3,1.5,1000,15,150,175,0.25,0.5,TRUE,1000,1000,1000,1.5,1000,10,5,5,5,341.8496,-181.44922,341.8496,-181.44922,286.5747,-95.73307,40.0,40.0,1.9956511,1.4570868,285.9502,1.9258604,286.5747,-95.73307,40.0,1.9956511,167.52051,1.4249048,40.0,267.0083,-122.16537,1.4570868,64.4,1.3947389
1499,l,FALSE,0.05,09:16,15:10,15:15,1,1.5,4,-100,100,50,3,1.5,3.5,15,150,175,0.25,0.5,TRUE,1000,1000,1000,1.5,1000,10,5,5,5,341.8496,-181.44922,341.8496,-181.44922,286.5747,-95.73307,40.0,40.0,1.9956511,1.4570868,285.9502,1.9258604,286.5747,-95.73307,40.0,1.9956511,167.52051,1.4249048,40.0,267.0083,-122.16537,1.4570868,64.4,1.3947389
1504,l,FALSE,0.05,09:16,15:10,15:20,1,1.5,4,-100,100,170,2,1,5.5,20,50,1000,0.25,0.6,TRUE,1000,1000,1000,1.5,1000,10,5,190,472,1474.3984,-592.39844,3004.0547,-1854.5977,201.12518,-156.08708,57.20339,50.847458,1.722312,1.2384329,22774.209,77.493355,543.04065,-321.51328,51.05263,1.7616603,9051.033,30.254599,44.210526,536.6089,-339.85013,1.2512493,142.40042,1.6867422
1500,l,FALSE,0.05,09:16,15:10,15:15,1,1.5,4,-100,100,50,3,1.5,1000,20,175,200,0.25,0.5,TRUE,1000,1000,1000,1.5,1000,10,5,6,6,292.04883,-181.44922,292.04883,-181.44922,202.89973,-100.79883,50.0,50.0,2.0129175,1.383547,306.30273,1.2624066,202.89973,-100.79883,50.0,2.0129175,144.75,0.6617746,50.0,174.04948,-125.79948,1.383547,73.0,1.5174855
1501,l,FALSE,0.05,09:16,15:10,15:15,1,1.5,4,-100,100,50,3,2,1000,20,175,200,0.25,0.5,TRUE,1000,1000,1000,1.5,1000,10,5,3,3,292.04883,47.30078,292.04883,0.0,202.89973,NaN,100.0,100.0,NaN,NaN,608.6992,2.408043,202.89973,NaN,100.0,NaN,522.14844,2.1068397,100.0,174.04948,NaN,NaN,109.0,Infinity
1502,l,FALSE,0.05,09:16,15:10,15:20,1,1.5,4,-100,100,170,2,1,1000,20,50,1000,0.25,0.6,TRUE,1000,1000,1000,1.5,1000,10,5,191,476,1474.3984,-592.39844,3479.5469,-1854.5977,202.27536,-157.90216,57.14286,50.840336,1.708023,1.2315845,22806.86,78.46731,550.41284,-325.35303,50.78534,1.745732,8966.23,30.828047,43.979057,544.6039,-343.74295,1.2437768,142.42857,1.5434526
1503,l,FALSE,0.05,09:16,15:10,15:20,1,1.5,4,-100,100,170,2,1,6,20,50,1000,0.25,0.6,TRUE,1000,1000,1000,1.5,1000,10,5,191,474,1474.3984,-592.39844,3004.0547,-1854.5977,200.71014,-156.87361,57.172997,50.843884,1.7080189,1.2289557,22547.11,77.23754,543.9545,-321.45197,50.78534,1.7461854,8772.037,29.798903,43.979057,537.4864,-339.97025,1.2411436,142.38397,1.5777357
1505,l,FALSE,0.05,09:16,15:10,15:20,1,1.5,4,-100,100,170,2,1,5,20,50,1000,0.25,0.6,TRUE,1000,1000,1000,1.5,1000,10,5,189,468,1474.3984,-592.39844,3004.0547,-1854.5977,200.03294,-153.98578,57.051285,50.641026,1.7255843,1.2370644,22457.656,76.04533,539.3744,-315.2934,50.793655,1.7658907,8853.387,29.2073,43.915344,533.2881,-334.0521,1.2500285,142.5342,1.6266313
1506,l,FALSE,0.05,09:16,15:10,15:20,1,1.5,4,-100,100,170,2,1,2,20,50,1000,0.25,0.6,TRUE,1000,1000,1000,1.5,1000,10,5,153,347,833.39844,-473.75,2540.6094,-1854.5977,183.6399,-144.92584,61.38328,55.04323,2.0141692,1.3999531,19695.232,63.088207,461.52847,-276.4226,54.901962,2.0326152,9499.3955,28.356665,47.712418,449.76385,-291.66708,1.4071163,142.9222,1.768816
1507,l,FALSE,0.05,09:16,15:10,15:20,1,1.5,4,-100,100,170,2,1,1000,30,100,1000,0.25,0.6,TRUE,1000,1000,1000,1.5,1000,10,5,124,292,1474.3984,-578.4492,3479.5469,-1248.0977,206.75589,-149.94823,57.53425,51.0274,1.8681176,1.337707,16141.41,54.3965,523.44055,-303.08862,52.419353,1.9026506,7606.67,25.169416,46.774193,504.35333,-327.96704,1.351415,145.363,2.266601
1508,l,FALSE,0.05,09:16,15:10,15:20,1,1.5,4,-100,100,170,2,1,6,30,100,1000,0.25,0.6,TRUE,1000,1000,1000,1.5,1000,10,5,123,290,1474.3984,-578.4492,2853.0977,-1248.0977,204.24275,-148.32262,57.586205,51.03448,1.8696082,1.3340771,15864.859,53.12195,513.80286,-302.28156,52.845528,1.9048914,7395.664,24.095499,47.154472,494.0452,-327.06088,1.3478847,145.3138,2.3944771
1509,l,FALSE,0.05,09:16,15:10,15:20,1,1.5,4,-100,100,170,2,1,1.5,20,50,1000,0.25,0.6,TRUE,1000,1000,1000,1.5,1000,10,5,129,229,833.39844,-454.5,2482.8438,-953.6992,197.48572,-155.57567,65.938866,60.69869,2.457403,1.7285644,17685.441,57.657246,376.7708,-241.58902,61.24031,2.4640932,10768.156,34.728374,54.26357,363.00275,-248.17009,1.7354279,146.67249,4.18127
1510,l,FALSE,0.05,09:16,15:10,15:20,1,1.5,4,-100,100,170,2,1.5,1000,30,100,1000,0.25,0.6,TRUE,1000,1000,1000,1.5,1000,10,5,91,191,1474.3984,-578.4492,3479.5469,-1026.2969,214.80728,-148.74861,57.59162,51.3089,1.961118,1.431479,11580.164,41.491447,470.36423,-273.0401,53.846157,2.0098088,6260.8906,22.370771,48.35165,455.60635,-293.31467,1.4541554,145.84818,2.341183
1511,l,FALSE,0.05,09:16,15:10,15:15,1,1.5,4,-100,100,100,2,1.5,1000,30,175,1000,0.25,0.6,TRUE,1000,1000,1000,1.5,1000,10,5,62,93,1552.5508,-443.20312,3943.8027,-813.10156,246.87308,-148.64645,55.91398,51.6129,2.1063893,1.5628191,6742.8955,27.39424,440.28113,-182.58354,46.774193,2.119105,4152.296,18.080606,45.16129,411.73804,-216.95203,1.5629187,105.90323,3.343127
1512,l,FALSE,0.05,09:16,15:10,15:15,1,1.5,4,-100,100,100,2,2.5,1000,30,175,1000,0.25,0.6,TRUE,1000,1000,1000,1.5,1000,10,5,25,29,1552.5508,-401.1504,3943.8027,-401.1504,383.40338,-114.71545,55.172413,55.172413,4.113492,2.998909,4643.1533,17.052296,438.1753,-135.5728,56.0,4.113492,3791.7158,14.143772,56.0,406.32916,-172.44478,2.9989088,110.793106,4.058736
1513,l,FALSE,0.05,09:16,15:10,15:15,1,1.5,4,-100,100,100,2,3,1000,30,175,1000,0.25,0.6,TRUE,1000,1000,1000,1.5,1000,10,5,13,16,1496.75,-401.1504,3888.002,-401.1504,476.40927,-128.6707,68.75,62.5,8.145602,6.084353,4597.1484,16.430391,582.278,-160.83838,69.230774,8.145604,4121.9404,14.82218,61.538464,616.5814,-162.14218,6.0843534,117.75,8.09794
1514,l,FALSE,0.05,09:16,15:10,15:15,1,1.5,4,-100,100,100,2,3,1000,30,200,1000,0.25,0.6,TRUE,1000,1000,1000,1.5,1000,10,5,13,16,1496.75,-401.1504,3888.002,-401.1504,478.03214,-130.4707,68.75,62.5,8.060589,6.039313,4606.0,16.454416,584.2615,-163.08838,69.230774,8.06059,4130.8,14.846204,61.538464,618.81433,-163.94296,6.0393143,117.5,8.111065
1515,l,FALSE,0.05,09:16,15:10,15:15,1,1.5,4,-100,100,100,2,3.5,1000,30,175,1000,0.25,0.6,TRUE,1000,1000,1000,1.5,1000,10,5,8,9,1358.8008,-401.1504,2391.252,-401.1504,570.0505,-176.69987,66.66667,66.66667,6.4521904,5.175811,2890.2031,10.17611,684.06055,-176.69987,62.5,6.4521885,2615.9326,9.271027,62.5,648.4764,-208.8164,5.1758094,120.22222,5.4583807
1516,l,FALSE,0.05,09:16,15:10,15:15,1,1.5,4,-100,100,100,2,3.5,1000,30,200,1000,0.25,0.6,TRUE,1000,1000,1000,1.5,1000,10,5,8,9,1358.8008,-401.1504,2391.252,-401.1504,573.0257,-176.69987,66.66667,66.66667,6.4858656,5.204326,2908.0547,10.227823,687.63086,-176.69987,62.5,6.485864,2633.796,9.322722,62.5,652.049,-208.8164,5.2043247,120.0,5.4888167
1517,l,FALSE,0.05,09:16,15:10,15:15,1,1.5,4,-100,100,50,3,1.5,1000,15,150,175,0.25,0.6,TRUE,1000,1000,1000,1.5,1000,10,5,6,6,341.8496,-181.44922,341.8496,-181.44922,236.83301,-95.73307,50.0,50.0,2.473889,1.770107,423.2998,2.5346727,236.83301,-95.73307,50.0,2.473889,282.2412,1.9334128,50.0,216.24577,-122.16537,1.770107,63.833332,1.8924814
1518,l,FALSE,0.05,09:16,15:10,15:15,1,1.5,4,-100,100,50,3,1.5,3.5,15,150,175,0.25,0.6,TRUE,1000,1000,1000,1.5,1000,10,5,6,6,341.8496,-181.44922,341.8496,-181.44922,236.83301,-95.73307,50.0,50.0,2.473889,1.770107,423.2998,2.5346727,236.83301,-95.73307,50.0,2.473889,282.2412,1.9334128,50.0,216.24577,-122.16537,1.770107,63.833332,1.8924814
1519,l,FALSE,0.05,09:16,15:10,15:15,1,1.5,4,-100,100,50,3,1.5,1000,20,175,200,0.25,0.6,TRUE,1000,1000,1000,1.5,1000,10,5,7,7,292.04883,-181.44922,292.04883,-181.44922,186.5122,-100.79883,57.14286,57.14286,2.4671218,1.6875248,443.65234,1.871219,186.5122,-100.79883,57.14286,2.4671218,259.4707,1.1702827,57.14286,159.21729,-125.79948,1.6875248,71.28571,2.6835227
1520,l,FALSE,0.05,09:16,15:10,15:15,1,1.5,4,-100,100,50,3,2,1000,20,175,200,0.25,0.6,TRUE,1000,1000,1000,1.5,1000,10,5,3,3,292.04883,47.30078,292.04883,0.0,202.89973,NaN,100.0,100.0,NaN,NaN,608.6992,2.408043,202.89973,NaN,100.0,NaN,522.14844,2.1068397,100.0,174.04948,NaN,NaN,109.0,Infinity
1521,l,FALSE,0.05,09:16,15:10,15:20,1,1.5,4,-100,100,170,2,1,1000,20,50,1000,0.25,0.7,TRUE,1000,1000,1000,1.5,1000,10,5,191,507,1474.3984,-592.39844,3476.996,-1854.5977,194.34705,-157.32726,56.6075,49.704144,1.6115109,1.156101,21165.6,74.21889,556.8262,-349.4312,50.78534,1.6443785,6503.5986,23.481764,43.979057,549.01245,-370.21915,1.1641765,142.87772,1.0760032
1522,l,FALSE,0.05,09:16,15:10,15:20,1,1.5,4,-100,100,170,2,1,6,20,50,1000,0.25,0.7,TRUE,1000,1000,1000,1.5,1000,10,5,191,505,1474.3984,-592.39844,2992.4043,-1854.5977,192.83618,-156.37123,56.633663,49.70297,1.6104735,1.1529214,20905.85,72.98912,550.3679,-345.53018,50.78534,1.6436563,6309.4053,22.452612,43.979057,541.89496,-366.44644,1.1609141,142.83763,1.0827403
1523,l,FALSE,0.05,09:16,15:10,15:20,1,1.5,4,-100,100,170,2,1,5.5,20,50,1000,0.25,0.7,TRUE,1000,1000,1000,1.5,1000,10,5,190,504,1474.3984,-592.39844,2992.4043,-1854.5977,192.83618,-155.64014,56.74603,49.80159,1.6254604,1.1628623,21221.6,73.839966,550.3679,-345.85037,51.05263,1.6597918,6662.1084,23.40304,44.210526,541.89496,-366.5761,1.1714516,142.8869,1.1827832
1524,l,FALSE,0.05,09:16,15:10,15:20,1,1.5,4,-100,100,170,2,1,5,20,50,1000,0.25,0.7,TRUE,1000,1000,1000,1.5,1000,10,5,189,499,1474.3984,-592.39844,2992.4043,-1854.5977,192.19165,-153.69171,56.513023,49.499,1.6250749,1.1593701,20846.947,71.91,546.1728,-339.6305,50.793655,1.6600139,6421.3193,21.974035,43.915344,538.11804,-360.77808,1.1679108,142.97595,1.1169548
1525,l,FALSE,0.05,09:16,15:10,15:20,1,1.5,4,-100,100,170,2,1,2,20,50,1000,0.25,0.7,TRUE,1000,1000,1000,1.5,1000,10,5,157,365,833.39844,-473.75,2540.6094,-1854.5977,178.85844,-144.4744,61.643833,54.246574,1.9896331,1.3770685,20016.732,65.089005,457.8838,-283.13086,55.414017,2.009969,9350.115,28.556452,46.496815,461.68713,-289.91724,1.3839401,143.49863,1.6596034
1526,l,FALSE,0.05,09:16,15:10,15:20,1,1.5,4,-100,100,170,2,1,1000,30,100,1000,0.25,0.7,TRUE,1000,1000,1000,1.5,1000,10,5,124,310,1474.3984,-578.4492,3476.996,-1245.1973,201.27861,-147.81595,56.774193,50.967743,1.7884804,1.2747315,15617.697,53.863888,532.5828,-322.03708,52.419353,1.8219757,6602.9893,22.837082,46.774193,510.89987,-348.9273,1.2867225,146.09355,2.1089592
1527,l,FALSE,0.05,09:16,15:10,15:20,1,1.5,4,-100,100,170,2,1,6,30,100,1000,0.25,0.7,TRUE,1000,1000,1000,1.5,1000,10,5,123,308,1474.3984,-578.4492,2850.5469,-1245.1973,198.84906,-146.29654,56.81818,50.974022,1.7884461,1.2703028,15341.146,52.58933,522.9451,-321.5567,52.845528,1.8225687,6391.9834,21.76316,47.154472,500.59174,-348.34363,1.2823024,146.05194,2.0938056
1528,l,FALSE,0.05,09:16,15:10,15:20,1,1.5,4,-100,100,170,2,1,1.5,20,50,1000,0.25,0.7,TRUE,1000,1000,1000,1.5,1000,10,5,130,237,833.39844,-454.5,2482.8438,-953.6992,195.5461,-149.41089,64.978905,59.49367,2.4283404,1.6979057,17712.996,57.64664,385.06598,-236.96443,60.000004,2.4374926,10592.508,33.917763,53.076923,371.18277,-246.21481,1.7052689,147.6962,4.0161138
1529,l,FALSE,0.05,09:16,15:10,15:20,1,1.5,4,-100,100,170,2,1.5,1000,30,100,1000,0.25,0.7,TRUE,1000,1000,1000,1.5,1000,10,5,91,208,1474.3984,-578.4492,3476.996,-1110.8984,209.66933,-148.25052,57.211536,51.923077,1.8910178,1.3772044,11756.3545,42.880745,495.4193,-298.07602,53.846157,1.9390668,5989.491,22.059416,49.45055,467.504,-327.13452,1.3980207,147.75,2.028345
1530,l,FALSE,0.05,09:16,15:10,15:15,1,1.5,4,-100,100,100,2,1.5,1000,30,175,1000,0.25,0.7,TRUE,1000,1000,1000,1.5,1000,10,5,62,97,1552.5508,-443.20312,3943.8027,-810.75195,241.62585,-149.4158,57.731956,52.577316,2.2087727,1.6310979,7405.0,29.115566,464.52246,-183.82277,46.774193,2.2207081,4684.8477,19.401108,45.16129,432.2189,-218.15533,1.6316125,105.515465,3.7194746
1531,l,FALSE,0.05,09:16,15:10,15:15,1,1.5,4,-100,100,100,2,2.5,1000,30,175,1000,0.25,0.7,TRUE,1000,1000,1000,1.5,1000,10,5,25,32,1552.5508,-401.1504,3943.8027,-401.1504,332.45807,-118.86899,59.375,56.25,4.0876956,2.9576578,4771.4062,17.378613,451.19308,-140.48154,56.0,4.0876956,3828.5098,14.169951,56.0,412.81586,-177.35565,2.9624202,109.0625,4.0662484
1532,l,FALSE,0.05,09:16,15:10,15:15,1,1.5,4,-100,100,100,2,3,1000,30,175,1000,0.25,0.7,TRUE,1000,1000,1000,1.5,1000,10,5,13,17,1496.75,-401.1504,3888.002,-401.1504,453.4293,-128.6707,70.588234,64.70589,8.457482,6.28466,4797.798,16.906328,604.5724,-160.83838,69.230774,8.457485,4284.33,15.197883,61.538464,636.8801,-162.14218,6.284659,115.76471,8.303202
1533,l,FALSE,0.05,09:16,15:10,15:15,1,1.5,4,-100,100,100,2,3,1000,30,200,1000,0.25,0.7,TRUE,1000,1000,1000,1.5,1000,10,5,13,17,1496.75,-401.1504,3888.002,-401.1504,454.9169,-130.4707,70.588234,64.70589,8.368166,6.2374196,4806.6494,16.930353,606.5559,-163.08838,69.230774,8.368169,4293.1895,15.221907,61.538464,639.11304,-163.94296,6.237419,115.52941,8.316326
1534,l,FALSE,0.05,09:16,15:10,15:15,1,1.5,4,-100,100,100,2,3.5,1000,30,175,1000,0.25,0.7,TRUE,1000,1000,1000,1.5,1000,10,5,8,10,1358.8008,-401.1504,2391.252,-401.1504,516.4647,-176.69987,70.0,70.0,6.81995,5.4259276,3085.1533,10.636737,723.0506,-176.69987,62.5,6.8199496,2772.6191,9.631426,62.5,679.81366,-208.8164,5.425928,116.4,5.670568
1536,l,FALSE,0.05,09:16,15:10,15:15,1,1.5,4,-100,100,50,3,1.5,1000,15,150,175,0.25,0.7,TRUE,1000,1000,1000,1.5,1000,10,5,7,7,341.8496,-181.44922,341.8496,-181.44922,236.83301,-80.3999,42.857143,42.857143,2.2092657,1.5056005,388.8994,2.420013,236.83301,-80.3999,42.857143,2.2092657,217.85449,1.7188056,42.857143,216.24577,-107.7207,1.5056005,62.57143,1.3903542
1537,l,FALSE,0.05,09:16,15:10,15:15,1,1.5,4,-100,100,50,3,1.5,3.5,15,150,175,0.25,0.7,TRUE,1000,1000,1000,1.5,1000,10,5,6,6,341.8496,-181.44922,341.8496,-181.44922,236.83301,-95.73307,50.0,50.0,2.473889,1.770107,423.2998,2.5346727,236.83301,-95.73307,50.0,2.473889,282.2412,1.9334128,50.0,216.24577,-122.16537,1.770107,63.833332,1.8924814
1538,l,FALSE,0.05,09:16,15:10,15:15,1,1.5,4,-100,100,50,3,1.5,1000,20,175,200,0.25,0.7,TRUE,1000,1000,1000,1.5,1000,10,5,7,7,292.04883,-181.44922,292.04883,-181.44922,186.5122,-100.79883,57.14286,57.14286,2.4671218,1.6875248,443.65234,1.871219,186.5122,-100.79883,57.14286,2.4671218,259.4707,1.1702827,57.14286,159.21729,-125.79948,1.6875248,71.28571,2.6835227
1539,l,FALSE,0.05,09:16,15:10,15:15,1,1.5,4,-100,100,50,3,2,1000,20,175,200,0.25,0.7,TRUE,1000,1000,1000,1.5,1000,10,5,3,3,292.04883,47.30078,292.04883,0.0,202.89973,NaN,100.0,100.0,NaN,NaN,608.6992,2.408043,202.89973,NaN,100.0,NaN,522.14844,2.1068397,100.0,174.04948,NaN,NaN,109.0,Infinity
1535,l,FALSE,0.05,09:16,15:10,15:15,1,1.5,4,-100,100,100,2,3.5,1000,30,200,1000,0.25,0.7,TRUE,1000,1000,1000,1.5,1000,10,5,8,10,1358.8008,-401.1504,2391.252,-401.1504,519.01495,-176.69987,70.0,70.0,6.853626,5.4544425,3103.005,10.68845,726.6209,-176.69987,62.5,6.853626,2790.4824,9.683122,62.5,683.38635,-208.8164,5.454443,116.2,5.7010045
1540,l,FALSE,0.05,09:16,15:10,15:20,1,1.5,4,-100,100,170,2,1,1000,20,50,1000,0.25,0.8,TRUE,1000,1000,1000,1.5,1000,10,5,191,524,1474.3984,-592.39844,3476.996,-1854.5977,196.67577,-158.05489,57.06107,50.19084,1.6536043,1.1891713,23243.707,83.08936,575.5722,-366.71677,51.832462,1.6889485,8094.99,30.647806,43.455498,587.53467,-376.57767,1.1990389,144.86641,1.3718755
1541,l,FALSE,0.05,09:16,15:10,15:20,1,1.5,4,-100,100,170,2,1,6,20,50,1000,0.25,0.8,TRUE,1000,1000,1000,1.5,1000,10,5,191,522,1474.3984,-592.39844,2961.254,-1854.5977,195.23358,-157.05135,57.088123,50.19157,1.653793,1.1868438,23000.105,81.902596,569.24445,-362.55536,51.832462,1.6895531,7916.953,29.661638,43.455498,580.3314,-372.69028,1.1966919,144.83333,1.3984218
1542,l,FALSE,0.05,09:16,15:10,15:20,1,1.5,4,-100,100,170,2,1,5.5,20,50,1000,0.25,0.8,TRUE,1000,1000,1000,1.5,1000,10,5,190,521,1474.3984,-592.39844,2961.254,-1854.5977,195.23358,-156.11931,57.197697,50.287907,1.6711264,1.198208,23365.004,82.884575,569.24445,-362.52963,52.105267,1.708241,8318.828,30.743135,43.68421,580.3314,-372.41754,1.2087606,144.88292,1.5272831
1543,l,FALSE,0.05,09:16,15:10,15:20,1,1.5,4,-100,100,170,2,1,5,20,50,1000,0.25,0.8,TRUE,1000,1000,1000,1.5,1000,10,5,190,516,1474.3984,-592.39844,2961.254,-1854.5977,194.70087,-154.24393,56.97674,50.0,1.6716838,1.1955341,22999.902,80.98325,559.77423,-356.23898,52.105267,1.709485,8087.5977,29.34276,43.68421,570.2131,-366.72977,1.2061057,144.98837,1.4647766
1544,l,FALSE,0.05,09:16,15:10,15:20,1,1.5,4,-100,100,170,2,1,2,20,50,1000,0.25,0.8,TRUE,1000,1000,1000,1.5,1000,10,5,159,379,833.39844,-504.10156,2540.6094,-1854.5977,181.41107,-147.2065,60.949867,53.825855,1.9234773,1.3391795,20119.395,66.96261,477.115,-297.0779,54.71698,1.9406153,9027.861,29.029118,45.91195,482.04794,-304.2051,1.34508,144.15039,1.612997
1545,l,FALSE,0.05,09:16,15:10,15:20,1,1.5,4,-100,100,170,2,1,1000,30,100,1000,0.25,0.8,TRUE,1000,1000,1000,1.5,1000,10,5,124,323,1474.3984,-572.4492,3476.996,-1245.1973,199.68205,-148.69626,57.894737,51.702785,1.8464675,1.3161246,17117.852,59.7104,552.7355,-333.8395,53.22581,1.8840638,7760.6416,27.380672,45.967743,549.09863,-351.31314,1.3297071,148.13623,2.3650444
1546,l,FALSE,0.05,09:16,15:10,15:20,1,1.5,4,-100,100,170,2,1,6,30,100,1000,0.25,0.8,TRUE,1000,1000,1000,1.5,1000,10,5,123,321,1474.3984,-572.4492,2850.5469,-1245.1973,197.3876,-147.20587,57.943924,51.713394,1.8474551,1.3124533,16841.3,58.43584,543.24384,-333.55777,53.65854,1.885788,7549.6357,26.306751,46.341465,538.6096,-350.77444,1.3261026,148.10904,2.4618437
1547,l,FALSE,0.05,09:16,15:10,15:20,1,1.5,4,-100,100,170,2,1,1.5,20,50,1000,0.25,0.8,TRUE,1000,1000,1000,1.5,1000,10,5,134,242,833.39844,-454.5,2482.8438,-953.6992,194.75569,-149.72917,65.28926,59.504135,2.4465923,1.7114898,18194.148,60.276375,378.9191,-235.81694,60.447758,2.45573,10953.38,36.046173,53.731346,363.7102,-245.70572,1.7190205,148.0785,4.2004113
1548,l,FALSE,0.05,09:16,15:10,15:20,1,1.5,4,-100,100,170,2,1.5,1000,30,100,1000,0.25,0.8,TRUE,1000,1000,1000,1.5,1000,10,5,91,215,1474.3984,-572.4492,3476.996,-1378.3984,203.78963,-152.64667,58.139534,52.09302,1.8542241,1.349781,11735.504,43.29455,494.98602,-317.4097,54.945057,1.9017743,5772.493,21.773,48.35165,487.2491,-333.32913,1.3684616,148.59535,2.0187366
1549,l,FALSE,0.05,09:16,15:10,15:15,1,1.5,4,-100,100,100,2,1.5,1000,30,175,1000,0.25,0.8,TRUE,1000,1000,1000,1.5,1000,10,5,62,101,1552.5508,-443.20312,3943.8027,-810.75195,236.25677,-146.9179,58.41584,52.47525,2.2589793,1.6582314,7768.5977,30.721502,478.2656,-184.88196,46.774193,2.27331,4946.0137,20.606245,43.548386,461.43744,-214.65134,1.6583452,105.67326,3.747058
1552,l,FALSE,0.05,09:16,15:10,15:15,1,1.5,4,-100,100,100,2,3,1000,30,200,1000,0.25,0.8,TRUE,1000,1000,1000,1.5,1000,10,5,13,18,1496.75,-401.1504,3888.002,-401.1504,428.1733,-130.4707,72.22222,66.66667,8.532571,6.350021,4913.8994,17.794012,618.47253,-163.08838,69.230774,8.532574,4385.49,15.985139,61.538464,650.65063,-163.94296,6.35002,116.833336,8.733311
1553,l,FALSE,0.05,09:16,15:10,15:15,1,1.5,4,-100,100,100,2,3.5,1000,30,175,1000,0.25,0.8,TRUE,1000,1000,1000,1.5,1000,10,5,8,11,1358.8008,-401.1504,2391.252,-401.1504,469.6317,-176.69987,72.72727,72.72727,7.0874476,5.6284456,3226.954,11.590621,751.41077,-176.69987,62.5,7.087448,2899.4863,10.484836,62.5,705.18713,-208.8164,5.6284456,118.27273,6.173019
1554,l,FALSE,0.05,09:16,15:10,15:15,1,1.5,4,-100,100,100,2,3.5,1000,30,200,1000,0.25,0.8,TRUE,1000,1000,1000,1.5,1000,10,5,8,11,1358.8008,-401.1504,2391.252,-401.1504,471.86316,-176.69987,72.72727,72.72727,7.121124,5.6569605,3244.8057,11.642334,754.9811,-176.69987,62.5,7.1211243,2917.3496,10.536531,62.5,708.75977,-208.8164,5.656961,118.09091,6.2034554
1550,l,FALSE,0.05,09:16,15:10,15:15,1,1.5,4,-100,100,100,2,2.5,1000,30,175,1000,0.25,0.8,TRUE,1000,1000,1000,1.5,1000,10,5,25,34,1552.5508,-401.1504,3943.8027,-401.1504,311.57877,-118.86899,61.764706,58.823532,4.2342377,3.049799,4997.8574,18.623697,467.36816,-140.48154,56.0,4.2342377,4008.705,15.214426,56.0,425.68695,-177.35565,3.054785,109.382355,4.365974
1551,l,FALSE,0.05,09:16,15:10,15:15,1,1.5,4,-100,100,100,2,3,1000,30,175,1000,0.25,0.8,TRUE,1000,1000,1000,1.5,1000,10,5,13,18,1496.75,-401.1504,3888.002,-401.1504,426.8001,-128.6707,72.22222,66.66667,8.624187,6.3985114,4905.048,17.769985,616.489,-160.83838,69.230774,8.624189,4376.631,15.961116,61.538464,648.4177,-162.14218,6.3985105,117.05556,8.720185
1555,l,FALSE,0.05,09:16,15:10,15:15,1,1.5,4,-100,100,50,3,1.5,1000,15,150,175,0.25,0.8,TRUE,1000,1000,1000,1.5,1000,10,5,7,7,341.8496,-181.44922,341.8496,-181.44922,236.83301,-80.3999,42.857143,42.857143,2.2092657,1.5056005,388.8994,2.420013,236.83301,-80.3999,42.857143,2.2092657,217.85449,1.7188056,42.857143,216.24577,-107.7207,1.5056005,62.57143,1.3903542
1556,l,FALSE,0.05,09:16,15:10,15:15,1,1.5,4,-100,100,50,3,1.5,3.5,15,150,175,0.25,0.8,TRUE,1000,1000,1000,1.5,1000,10,5,6,6,341.8496,-181.44922,341.8496,-181.44922,236.83301,-95.73307,50.0,50.0,2.473889,1.770107,423.2998,2.5346727,236.83301,-95.73307,50.0,2.473889,282.2412,1.9334128,50.0,216.24577,-122.16537,1.770107,63.833332,1.8924814
1557,l,FALSE,0.05,09:16,15:10,15:15,1,1.5,4,-100,100,50,3,1.5,1000,20,175,200,0.25,0.8,TRUE,1000,1000,1000,1.5,1000,10,5,7,7,292.04883,-181.44922,292.04883,-181.44922,186.5122,-100.79883,57.14286,57.14286,2.4671218,1.6875248,443.65234,1.871219,186.5122,-100.79883,57.14286,2.4671218,259.4707,1.1702827,57.14286,159.21729,-125.79948,1.6875248,71.28571,2.6835227
1558,l,FALSE,0.05,09:16,15:10,15:15,1,1.5,4,-100,100,50,3,2,1000,20,175,200,0.25,0.8,TRUE,1000,1000,1000,1.5,1000,10,5,3,3,292.04883,47.30078,292.04883,0.0,202.89973,NaN,100.0,100.0,NaN,NaN,608.6992,2.408043,202.89973,NaN,100.0,NaN,522.14844,2.1068397,100.0,174.04948,NaN,NaN,109.0,Infinity
1559,l,FALSE,0.05,09:16,15:10,15:20,1,1.5,4,-100,100,170,2,1,1000,20,50,1000,0.25,0.9,TRUE,1000,1000,1000,1.5,1000,10,5,191,539,1474.3984,-592.39844,5480.295,-1854.5977,201.39442,-156.97797,56.586273,49.907234,1.6722174,1.2066827,24692.455,89.42548,606.9356,-374.05634,51.3089,1.7098134,9137.07,35.480732,43.455498,616.05505,-388.8472,1.2175726,145.1039,1.449919
1560,l,FALSE,0.05,09:16,15:10,15:20,1,1.5,4,-100,100,170,2,1,6,20,50,1000,0.25,0.9,TRUE,1000,1000,1000,1.5,1000,10,5,191,537,1474.3984,-592.39844,4924.5957,-1854.5977,200.22894,-155.8487,56.610798,49.90689,1.6762598,1.2072427,24556.854,88.59301,601.2652,-369.53915,51.3089,1.7145444,9067.084,34.848686,43.455498,609.7045,-384.61478,1.2182819,145.06891,1.4993488
1561,l,FALSE,0.05,09:16,15:10,15:20,1,1.5,4,-100,100,170,2,1,5.5,20,50,1000,0.25,0.9,TRUE,1000,1000,1000,1.5,1000,10,5,190,535,1474.3984,-592.39844,4081.246,-1854.5977,198.10643,-154.9668,56.635517,49.906544,1.6696084,1.1995134,24073.953,86.55604,592.6596,-369.63794,51.578945,1.7079179,8649.629,33.012756,43.68421,599.8868,-384.4951,1.2102437,145.0056,1.4888786
1562,l,FALSE,0.05,09:16,15:10,15:20,1,1.5,4,-100,100,170,2,1,5,20,50,1000,0.25,0.9,TRUE,1000,1000,1000,1.5,1000,10,5,190,531,1474.3984,-592.39844,4081.246,-1854.5977,197.25284,-153.28874,56.497173,49.717514,1.6711761,1.1977967,23766.148,85.15893,583.982,-363.74014,51.578945,1.710198,8460.738,32.016342,43.68421,590.6384,-379.08643,1.2085867,145.14313,1.4450071
1563,l,FALSE,0.05,09:16,15:10,15:20,1,1.5,4,-100,100,170,2,1,2,20,50,1000,0.25,0.9,TRUE,1000,1000,1000,1.5,1000,10,5,160,382,833.39844,-526.60156,2540.6094,-1854.5977,181.84676,-146.50502,60.471207,53.664925,1.898839,1.32318,19884.346,66.39297,483.73718,-293.47372,53.750004,1.9156098,8726.08,28.159788,45.625,483.36386,-305.28137,1.3285487,144.58377,1.5062932
1564,l,FALSE,0.05,09:16,15:10,15:20,1,1.5,4,-100,100,170,2,1,1000,30,100,1000,0.25,0.9,TRUE,1000,1000,1000,1.5,1000,10,5,124,336,1474.3984,-542.59766,6031.994,-1245.1973,207.40462,-148.57277,57.738094,51.785713,1.9071839,1.3675724,19139.16,67.85423,595.356,-347.48856,53.22581,1.9496303,9417.198,34.22041,45.967743,595.22424,-365.82965,1.3842093,148.875,2.9278715
1568,l,FALSE,0.05,09:16,15:10,15:15,1,1.5,4,-100,100,100,2,1.5,1000,30,175,1000,0.25,0.9,TRUE,1000,1000,1000,1.5,1000,10,5,62,105,1552.5508,-443.20312,4982.4023,-810.75195,250.08421,-146.5323,60.000004,54.285717,2.5600252,1.8858715,9600.949,36.598553,540.89166,-184.39119,46.774193,2.5778294,6642.174,26.08036,43.548386,523.6582,-214.1885,1.886025,106.10476,4.742476
1569,l,FALSE,0.05,09:16,15:10,15:15,1,1.5,4,-100,100,100,2,2.5,1000,30,175,1000,0.25,0.9,TRUE,1000,1000,1000,1.5,1000,10,5,25,36,1552.5508,-401.1504,4982.4023,-401.1504,347.80026,-117.6232,63.88889,61.11111,5.231442,3.7917607,6470.3047,23.498793,571.38617,-139.00923,56.0,5.231442,5414.506,19.887072,56.0,524.9442,-175.883,3.7986095,111.55556,5.7068477
1565,l,FALSE,0.05,09:16,15:10,15:20,1,1.5,4,-100,100,170,2,1,6,30,100,1000,0.25,0.9,TRUE,1000,1000,1000,1.5,1000,10,5,123,333,1474.3984,-542.59766,4924.5957,-1245.1973,203.79738,-147.14493,57.657658,51.65165,1.8859726,1.3469208,18381.66,64.888,578.5772,-347.44626,53.65854,1.9281588,8753.892,31.555653,46.341465,576.8002,-365.5109,1.362875,148.72974,2.6998775
1566,l,FALSE,0.05,09:16,15:10,15:20,1,1.5,4,-100,100,170,2,1,1.5,20,50,1000,0.25,0.9,TRUE,1000,1000,1000,1.5,1000,10,5,137,249,833.39844,-454.5,2482.8438,-953.6992,192.821,-149.6661,65.06024,59.03614,2.3989801,1.6766751,18216.05,60.978474,375.3982,-239.66663,60.583942,2.4075148,10781.846,36.04792,53.284668,363.75574,-246.44255,1.6835926,148.16867,4.2079043
1567,l,FALSE,0.05,09:16,15:10,15:20,1,1.5,4,-100,100,170,2,1.5,1000,30,100,1000,0.25,0.9,TRUE,1000,1000,1000,1.5,1000,10,5,91,226,1474.3984,-542.59766,6031.994,-1378.3984,216.1359,-151.93991,57.9646,51.769913,1.961565,1.437462,13879.51,51.5951,550.12805,-332.36322,54.945057,2.0185385,7599.343,28.969378,48.35165,546.11566,-349.56906,1.4625357,149.35841,2.6076658
1570,l,FALSE,0.05,09:16,15:10,15:15,1,1.5,4,-100,100,100,2,3,1000,30,175,1000,0.25,0.9,TRUE,1000,1000,1000,1.5,1000,10,5,13,20,1496.75,-401.1504,4926.6016,-401.1504,450.9235,-128.6707,75.0,70.0,10.513431,7.815391,6120.499,21.945072,751.5392,-160.83838,69.230774,10.513433,5525.3125,19.934118,61.538464,792.0029,-162.14218,7.815392,119.55,10.890793
1571,l,FALSE,0.05,09:16,15:10,15:15,1,1.5,4,-100,100,100,2,3,1000,30,200,1000,0.25,0.9,TRUE,1000,1000,1000,1.5,1000,10,5,13,20,1496.75,-401.1504,4926.6016,-401.1504,452.11362,-130.4707,75.0,70.0,10.39575,7.7513375,6129.3506,21.969099,753.5227,-163.08838,69.230774,10.395753,5534.172,19.958141,61.538464,794.23584,-163.94296,7.751339,119.35,10.903918
1572,l,FALSE,0.05,09:16,15:10,15:15,1,1.5,4,-100,100,100,2,3.5,1000,30,175,1000,0.25,0.9,TRUE,1000,1000,1000,1.5,1000,10,5,8,12,1358.8008,-401.1504,3429.8516,-401.1504,532.85034,-176.69987,75.0,75.0,9.046701,7.240873,4265.5537,15.303132,959.1307,-176.69987,62.5,9.046702,3909.5898,14.095495,62.5,907.2078,-208.8164,7.240873,125.666664,8.29882
1573,l,FALSE,0.05,09:16,15:10,15:15,1,1.5,4,-100,100,100,2,3.5,1000,30,200,1000,0.25,0.9,TRUE,1000,1000,1000,1.5,1000,10,5,8,12,1358.8008,-401.1504,3429.8516,-401.1504,534.83386,-176.69987,75.0,75.0,9.080378,7.269388,4283.4053,15.354845,962.701,-176.69987,62.5,9.080378,3927.4531,14.147191,62.5,910.78046,-208.8164,7.2693877,125.5,8.329256
1574,l,FALSE,0.05,09:16,15:10,15:15,1,1.5,4,-100,100,50,3,1.5,1000,15,150,175,0.25,0.9,TRUE,1000,1000,1000,1.5,1000,10,5,7,7,341.8496,-181.44922,341.8496,-181.44922,236.83301,-80.3999,42.857143,42.857143,2.2092657,1.5056005,388.8994,2.420013,236.83301,-80.3999,42.857143,2.2092657,217.85449,1.7188056,42.857143,216.24577,-107.7207,1.5056005,62.57143,1.3903542
1575,l,FALSE,0.05,09:16,15:10,15:15,1,1.5,4,-100,100,50,3,1.5,3.5,15,150,175,0.25,0.9,TRUE,1000,1000,1000,1.5,1000,10,5,6,6,341.8496,-181.44922,341.8496,-181.44922,236.83301,-95.73307,50.0,50.0,2.473889,1.770107,423.2998,2.5346727,236.83301,-95.73307,50.0,2.473889,282.2412,1.9334128,50.0,216.24577,-122.16537,1.770107,63.833332,1.8924814
1576,l,FALSE,0.05,09:16,15:10,15:15,1,1.5,4,-100,100,50,3,1.5,1000,20,175,200,0.25,0.9,TRUE,1000,1000,1000,1.5,1000,10,5,8,8,292.04883,-181.44922,292.04883,-181.44922,155.87968,-100.79883,62.5,62.5,2.5774057,1.7316277,477.00195,2.0710657,155.87968,-100.79883,62.5,2.5774057,276.11523,1.2700247,62.5,130.70273,-125.79948,1.7316277,70.25,1.2587391
1577,l,FALSE,0.05,09:16,15:10,15:15,1,1.5,4,-100,100,50,3,2,1000,20,175,200,0.25,0.9,TRUE,1000,1000,1000,1.5,1000,10,5,4,4,292.04883,33.34961,292.04883,0.0,160.5122,NaN,100.0,100.0,NaN,NaN,642.0488,2.6078897,160.5122,NaN,100.0,NaN,538.79297,2.2065816,100.0,134.69824,NaN,NaN,97.5,Infinity
1578,l,FALSE,0.05,09:16,15:10,15:20,1,1.5,4,-100,100,170,2,1,1000,20,50,1000,0.25,1,TRUE,1000,1000,1000,1.5,1000,10,5,191,550,1474.3984,-592.39844,6339.9434,-1854.5977,203.08058,-157.87799,56.545456,49.636364,1.6738222,1.2096308,25425.217,93.0677,627.9665,-377.5269,50.78534,1.7164551,9527.159,38.02117,43.455498,632.33563,-397.74722,1.2217852,145.52545,1.4093466
1579,l,FALSE,0.05,09:16,15:10,15:20,1,1.5,4,-100,100,170,2,1,6,20,50,1000,0.25,1,TRUE,1000,1000,1000,1.5,1000,10,5,191,548,1474.3984,-592.39844,5784.244,-1854.5977,201.94308,-156.84491,56.569344,49.635036,1.6770394,1.2097652,25273.268,92.1918,622.2376,-373.23166,50.78534,1.7203691,9440.817,37.3457,43.455498,625.9852,-393.66623,1.2220535,145.49088,1.4478998
1584,l,FALSE,0.05,09:16,15:10,15:20,1,1.5,4,-100,100,170,2,1,6,30,100,1000,0.25,1,TRUE,1000,1000,1000,1.5,1000,10,5,123,340,1474.3984,-578.4492,5784.244,-1815.8945,207.36386,-149.71674,57.352943,51.17647,1.8626418,1.3350056,18727.023,66.95099,603.66614,-353.6427,52.845528,1.9130111,8847.116,32.917625,46.341465,595.0906,-379.8947,1.3528535,148.84412,2.5930827
1580,l,FALSE,0.05,09:16,15:10,15:20,1,1.5,4,-100,100,170,2,1,5.5,20,50,1000,0.25,1,TRUE,1000,1000,1000,1.5,1000,10,5,190,546,1474.3984,-592.39844,4979.3945,-1854.5977,199.99193,-155.93857,56.593407,49.6337,1.6721262,1.2034416,24840.066,90.3259,613.9402,-373.2487,51.05263,1.715602,9073.083,35.68073,43.68421,616.6314,-393.5264,1.2154752,145.4304,1.444942
1581,l,FALSE,0.05,09:16,15:10,15:20,1,1.5,4,-100,100,170,2,1,5,20,50,1000,0.25,1,TRUE,1000,1000,1000,1.5,1000,10,5,190,542,1474.3984,-592.39844,4081.246,-1854.5977,197.96883,-154.14827,56.457565,49.446495,1.6652046,1.194324,24199.467,87.44664,601.3727,-367.02887,51.05263,1.7089614,8547.022,33.202915,43.68421,602.8887,-387.78256,1.2059885,145.40775,1.443191
1582,l,FALSE,0.05,09:16,15:10,15:20,1,1.5,4,-100,100,170,2,1,2,20,50,1000,0.25,1,TRUE,1000,1000,1000,1.5,1000,10,5,163,388,833.39844,-526.60156,2540.6094,-1854.5977,181.11247,-146.47556,61.082478,53.865982,1.9406834,1.3507879,20805.848,69.90354,477.6225,-293.27777,54.601227,1.9586818,9478.908,31.068579,46.01227,480.79282,-302.05176,1.3566107,144.99226,1.6594754
1583,l,FALSE,0.05,09:16,15:10,15:20,1,1.5,4,-100,100,170,2,1,1000,30,100,1000,0.25,1,TRUE,1000,1000,1000,1.5,1000,10,5,124,343,1474.3984,-578.4492,6891.6426,-1815.8945,210.87994,-151.08784,57.434402,51.31195,1.8832983,1.354923,19484.523,69.91722,620.70306,-353.57925,52.419353,1.9340087,9510.423,35.582375,45.967743,613.5147,-379.99878,1.3735448,148.98543,2.5904596
1585,l,FALSE,0.05,09:16,15:10,15:20,1,1.5,4,-100,100,170,2,1,1.5,20,50,1000,0.25,1,TRUE,1000,1000,1000,1.5,1000,10,5,138,251,833.39844,-454.5,2482.8438,-953.6992,191.62881,-151.3512,65.73705,59.36255,2.4291842,1.6984003,18602.55,62.684616,375.35416,-239.39258,60.869564,2.439024,11117.663,37.553223,53.623188,363.1781,-246.2112,1.7055466,148.64143,4.3836193
1586,l,FALSE,0.05,09:16,15:10,15:20,1,1.5,4,-100,100,170,2,1.5,1000,30,100,1000,0.25,1,TRUE,1000,1000,1000,1.5,1000,10,5,91,233,1474.3984,-578.4492,6891.6426,-1815.8945,221.52444,-154.30785,57.081543,50.643776,1.9093487,1.4032295,14031.969,52.830124,578.89185,-341.27933,53.846157,1.9789476,7499.5635,29.503794,48.35165,565.4237,-369.7676,1.4315284,149.36052,2.4345558
1587,l,FALSE,0.05,09:16,15:10,15:15,1,1.5,4,-100,100,100,2,1.5,1000,30,175,1000,0.25,1,TRUE,1000,1000,1000,1.5,1000,10,5,62,105,1552.5508,-443.20312,4982.4023,-810.75195,250.37628,-147.4704,60.000004,54.285717,2.546711,1.8798426,9579.949,36.51295,541.5262,-185.58514,46.774193,2.5642495,6621.125,25.99481,43.548386,523.83246,-214.92433,1.8801934,106.13333,4.6001606
1588,l,FALSE,0.05,09:16,15:10,15:15,1,1.5,4,-100,100,100,2,2.5,1000,30,175,1000,0.25,1,TRUE,1000,1000,1000,1.5,1000,10,5,25,36,1552.5508,-440.55078,4982.4023,-440.55078,347.80026,-120.654,63.88889,61.11111,5.1000295,3.7161577,6430.9043,23.347174,571.38617,-142.59108,56.0,5.10003,5375.049,19.735537,56.0,524.9442,-179.46999,3.7226882,111.47222,5.427355
1589,l,FALSE,0.05,09:16,15:10,15:15,1,1.5,4,-100,100,100,2,3,1000,30,175,1000,0.25,1,TRUE,1000,1000,1000,1.5,1000,10,5,13,20,1496.75,-440.55078,4926.6016,-440.55078,450.9235,-136.55078,75.0,70.0,9.906721,7.4526725,6081.0986,21.793455,751.5392,-170.68848,69.230774,9.906723,5485.8555,19.782583,61.538464,792.0029,-170.0336,7.4526734,119.4,9.981629
1590,l,FALSE,0.05,09:16,15:10,15:15,1,1.5,4,-100,100,100,2,3,1000,30,200,1000,0.25,1,TRUE,1000,1000,1000,1.5,1000,10,5,13,20,1496.75,-440.55078,4926.6016,-440.55078,452.11362,-138.35078,75.0,70.0,9.803637,7.3953614,6089.95,21.817482,753.5227,-172.93848,69.230774,9.803639,5494.715,19.806606,61.538464,794.23584,-171.83438,7.395362,119.2,9.993751
1591,l,FALSE,0.05,09:16,15:10,15:15,1,1.5,4,-100,100,100,2,3.5,1000,30,175,1000,0.25,1,TRUE,1000,1000,1000,1.5,1000,10,5,8,12,1358.8008,-440.55078,3429.8516,-440.55078,532.85034,-189.83333,75.0,75.0,8.420813,6.811828,4226.1533,15.151513,959.1307,-189.83333,62.5,8.420814,3870.1328,13.943961,62.5,907.2078,-221.96875,6.8118286,125.416664,7.537162
1592,l,FALSE,0.05,09:16,15:10,15:15,1,1.5,4,-100,100,100,2,3.5,1000,30,200,1000,0.25,1,TRUE,1000,1000,1000,1.5,1000,10,5,8,12,1358.8008,-440.55078,3429.8516,-440.55078,534.83386,-189.83333,75.0,75.0,8.45216,6.8386536,4244.005,15.203226,962.701,-189.83333,62.5,8.452159,3887.996,13.995657,62.5,910.78046,-221.96875,6.8386536,125.25,7.5651054
1593,l,FALSE,0.05,09:16,15:10,15:15,1,1.5,4,-100,100,50,3,1.5,1000,15,150,175,0.25,1,TRUE,1000,1000,1000,1.5,1000,10,5,7,7,341.8496,-181.44922,341.8496,-181.44922,236.83301,-80.3999,42.857143,42.857143,2.2092657,1.5056005,388.8994,2.420013,236.83301,-80.3999,42.857143,2.2092657,217.85449,1.7188056,42.857143,216.24577,-107.7207,1.5056005,62.57143,1.3903542
1594,l,FALSE,0.05,09:16,15:10,15:15,1,1.5,4,-100,100,50,3,1.5,3.5,15,150,175,0.25,1,TRUE,1000,1000,1000,1.5,1000,10,5,6,6,341.8496,-181.44922,341.8496,-181.44922,236.83301,-95.73307,50.0,50.0,2.473889,1.770107,423.2998,2.5346727,236.83301,-95.73307,50.0,2.473889,282.2412,1.9334128,50.0,216.24577,-122.16537,1.770107,63.833332,1.8924814
1595,l,FALSE,0.05,09:16,15:10,15:15,1,1.5,4,-100,100,50,3,1.5,1000,20,175,200,0.25,1,TRUE,1000,1000,1000,1.5,1000,10,5,8,8,292.04883,-181.44922,292.04883,-181.44922,155.87968,-100.79883,62.5,62.5,2.5774057,1.7316277,477.00195,2.0710657,155.87968,-100.79883,62.5,2.5774057,276.11523,1.2700247,62.5,130.70273,-125.79948,1.7316277,70.25,1.2587391
1596,l,FALSE,0.05,09:16,15:10,15:15,1,1.5,4,-100,100,50,3,2,1000,20,175,200,0.25,1,TRUE,1000,1000,1000,1.5,1000,10,5,4,4,292.04883,33.34961,292.04883,0.0,160.5122,NaN,100.0,100.0,NaN,NaN,642.0488,2.6078897,160.5122,NaN,100.0,NaN,538.79297,2.2065816,100.0,134.69824,NaN,NaN,97.5,Infinity
1597,l,FALSE,0.05,09:16,15:10,15:20,1,1.5,4,-100,100,170,2,1,1000,20,50,1000,0.3,0.35,TRUE,1000,1000,1000,1.5,1000,10,5,139,200,818.5469,-606.25,1578.6055,-1170.8516,181.71013,-166.12056,58.999996,51.0,1.5740693,1.1229993,7819.909,29.319155,275.51855,-200.68724,53.956837,1.6088384,2011.8516,9.304525,43.88489,287.60785,-199.1311,1.1295276,136.315,1.102346
1598,l,FALSE,0.05,09:16,15:10,15:20,1,1.5,4,-100,100,170,2,1,6,20,50,1000,0.3,0.35,TRUE,1000,1000,1000,1.5,1000,10,5,139,200,818.5469,-606.25,1578.6055,-1170.8516,181.71013,-166.12056,58.999996,51.0,1.5740693,1.1229993,7819.909,29.319155,275.51855,-200.68724,53.956837,1.6088384,2011.8516,9.304525,43.88489,287.60785,-199.1311,1.1295276,136.315,1.102346
1599,l,FALSE,0.05,09:16,15:10,15:20,1,1.5,4,-100,100,170,2,1,5.5,20,50,1000,0.3,0.35,TRUE,1000,1000,1000,1.5,1000,10,5,139,200,818.5469,-606.25,1578.6055,-1170.8516,181.71013,-166.12056,58.999996,51.0,1.5740693,1.1229993,7819.909,29.319155,275.51855,-200.68724,53.956837,1.6088384,2011.8516,9.304525,43.88489,287.60785,-199.1311,1.1295276,136.315,1.102346
1600,l,FALSE,0.05,09:16,15:10,15:20,1,1.5,4,-100,100,170,2,1,5,20,50,1000,0.3,0.35,TRUE,1000,1000,1000,1.5,1000,10,5,138,199,818.5469,-606.25,1578.6055,-1170.8516,181.71013,-161.60661,59.296482,51.256283,1.6380117,1.16339,8351.659,30.780582,275.51855,-195.43228,54.347824,1.6783217,2579.7188,10.865221,44.2029,287.60785,-194.34232,1.172391,136.64322,1.2872483
1601,l,FALSE,0.05,09:16,15:10,15:20,1,1.5,4,-100,100,170,2,1,2,20,50,1000,0.3,0.35,TRUE,1000,1000,1000,1.5,1000,10,5,102,145,818.5469,-417.54688,1578.6055,-911.25,161.61163,-145.40282,64.82758,57.24138,2.0486012,1.3825679,7775.949,27.526205,250.27658,-172.39632,58.823532,2.0739307,3512.6143,13.012444,49.019608,249.77827,-172.62115,1.3913208,135.95862,2.7780643
1602,l,FALSE,0.05,09:16,15:10,15:20,1,1.5,4,-100,100,170,2,1,1000,30,100,1000,0.3,0.35,TRUE,1000,1000,1000,1.5,1000,10,5,87,115,818.5469,-531.75,955.44727,-697.9004,195.60071,-144.17644,57.391304,47.826088,1.8273594,1.2921332,5845.001,19.204025,278.1532,-169.51332,52.873566,1.841002,2524.502,7.6944494,42.528736,296.55154,-168.9581,1.2988317,137.24348,1.6585132
1603,l,FALSE,0.05,09:16,15:10,15:20,1,1.5,4,-100,100,170,2,1,6,30,100,1000,0.3,0.35,TRUE,1000,1000,1000,1.5,1000,10,5,87,115,818.5469,-531.75,955.44727,-697.9004,195.60071,-144.17644,57.391304,47.826088,1.8273594,1.2921332,5845.001,19.204025,278.1532,-169.51332,52.873566,1.841002,2524.502,7.6944494,42.528736,296.55154,-168.9581,1.2988317,137.24348,1.6585132
1604,l,FALSE,0.05,09:16,15:10,15:20,1,1.5,4,-100,100,170,2,1,1.5,20,50,1000,0.3,0.35,TRUE,1000,1000,1000,1.5,1000,10,5,82,105,818.5469,-417.54688,1578.6055,-772.14453,177.12486,-149.24316,64.76191,58.09524,2.1811843,1.4969294,6522.493,22.501625,240.44476,-171.86703,60.975613,2.1859632,3386.7305,11.990359,52.439022,235.40068,-172.70511,1.5028177,137.87619,3.6147525
1605,l,FALSE,0.05,09:16,15:10,15:20,1,1.5,4,-100,100,170,2,1.5,1000,30,100,1000,0.3,0.35,TRUE,1000,1000,1000,1.5,1000,10,5,60,77,645.85156,-531.75,955.44727,-697.9004,201.7286,-142.9014,57.14286,48.05195,1.8822175,1.3492045,4160.3125,13.852953,257.8944,-177.23453,56.666668,1.9028265,2006.9307,6.1460814,48.333332,261.37067,-179.76834,1.3601284,145.62338,1.1785696
1606,l,FALSE,0.05,09:16,15:10,15:15,1,1.5,4,-100,100,100,2,1.5,1000,30,175,1000,0.3,0.35,TRUE,1000,1000,1000,1.5,1000,10,5,39,44,625.0508,-404.5,1123.8516,-404.5,214.02628,-115.76728,47.727272,43.18182,1.688001,1.1827588,1831.9043,7.36815,261.55026,-118.838646,43.589745,1.7006843,612.7012,2.9644952,41.025642,247.27563,-145.37865,1.18324,100.954544,1.059013
1607,l,FALSE,0.05,09:16,15:10,15:15,1,1.5,4,-100,100,100,2,2.5,1000,30,175,1000,0.3,0.35,TRUE,1000,1000,1000,1.5,1000,10,5,14,15,445.99805,-199.75,445.99805,-199.75,181.19992,-94.8313,46.666668,40.0,1.6719158,1.0643578,509.74902,1.9804065,181.19992,-108.378624,50.0,1.6719157,64.83594,0.47943032,42.857143,178.71094,-125.92871,1.0643578,94.4,0.49667388
1608,l,FALSE,0.05,09:16,15:10,15:15,1,1.5,4,-100,100,100,2,3,1000,30,175,1000,0.3,0.35,TRUE,1000,1000,1000,1.5,1000,10,5,5,5,445.99805,-113.55078,445.99805,-113.55078,215.84961,-105.70117,60.000004,40.0,3.0631115,1.9534433,436.14648,1.3349715,215.84961,-105.70117,60.000004,3.0631115,269.3086,0.83429986,40.0,275.8838,-94.15299,1.9534433,91.6,1.620657
1609,l,FALSE,0.05,09:16,15:10,15:15,1,1.5,4,-100,100,100,2,3,1000,30,200,1000,0.3,0.35,TRUE,1000,1000,1000,1.5,1000,10,5,5,5,445.99805,-113.55078,445.99805,-113.55078,215.84961,-105.70117,60.000004,40.0,3.0631115,1.9534433,436.14648,1.3349715,215.84961,-105.70117,60.000004,3.0631115,269.3086,0.83429986,40.0,275.8838,-94.15299,1.9534433,91.6,1.620657
1610,l,FALSE,0.05,09:16,15:10,15:15,1,1.5,4,-100,100,100,2,3.5,1000,30,175,1000,0.3,0.35,TRUE,1000,1000,1000,1.5,1000,10,5,2,2,445.99805,-97.85156,445.99805,-97.85156,445.99805,-97.85156,50.0,50.0,4.5579042,3.019238,348.14648,1.1185309,445.99805,-97.85156,50.0,4.5579042,276.34375,0.91796714,50.0,413.19922,-136.85547,3.019238,98.0,2.6193752
1611,l,FALSE,0.05,09:16,15:10,15:15,1,1.5,4,-100,100,100,2,3.5,1000,30,200,1000,0.3,0.35,TRUE,1000,1000,1000,1.5,1000,10,5,2,2,445.99805,-97.85156,445.99805,-97.85156,445.99805,-97.85156,50.0,50.0,4.5579042,3.019238,348.14648,1.1185309,445.99805,-97.85156,50.0,4.5579042,276.34375,0.91796714,50.0,413.19922,-136.85547,3.019238,98.0,2.6193752
1612,l,FALSE,0.05,09:16,15:10,15:15,1,1.5,4,-100,100,50,3,1.5,1000,15,150,175,0.3,0.35,TRUE,1000,1000,1000,1.5,1000,10,5,0,0,0.0,3.4028235E38,0.0,0.0,NaN,NaN,NaN,NaN,NaN,NaN,0.0,0.0,NaN,NaN,NaN,NaN,0.0,0.0,NaN,NaN,NaN,NaN,NaN,-0.0
1613,l,FALSE,0.05,09:16,15:10,15:15,1,1.5,4,-100,100,50,3,1.5,3.5,15,150,175,0.3,0.35,TRUE,1000,1000,1000,1.5,1000,10,5,0,0,0.0,3.4028235E38,0.0,0.0,NaN,NaN,NaN,NaN,NaN,NaN,0.0,0.0,NaN,NaN,NaN,NaN,0.0,0.0,NaN,NaN,NaN,NaN,NaN,-0.0
1614,l,FALSE,0.05,09:16,15:10,15:15,1,1.5,4,-100,100,50,3,1.5,1000,20,175,200,0.3,0.35,TRUE,1000,1000,1000,1.5,1000,10,5,1,1,0.0,-39.398438,0.0,-39.398438,NaN,-39.398438,0.0,0.0,NaN,NaN,-39.398438,-0.17763688,NaN,-39.398438,0.0,NaN,-61.558594,-0.27755103,0.0,NaN,-61.558594,NaN,41.0,-Infinity
1616,l,FALSE,0.05,09:16,15:10,15:20,1,1.5,4,-100,100,170,2,1,1000,20,50,1000,0.3,0.4,TRUE,1000,1000,1000,1.5,1000,10,5,166,275,847.9492,-606.25,2092.2031,-1168.8008,178.97836,-171.98569,58.90909,51.63636,1.4919174,1.0662253,9560.111,36.537746,320.9344,-232.42,52.409637,1.5206697,1533.4814,9.01954,43.975906,322.6081,-236.74097,1.0696503,136.20364,0.5702993
1617,l,FALSE,0.05,09:16,15:10,15:20,1,1.5,4,-100,100,170,2,1,6,20,50,1000,0.3,0.4,TRUE,1000,1000,1000,1.5,1000,10,5,165,274,847.9492,-606.25,2092.2031,-1168.8008,178.97836,-170.24718,59.12409,51.82482,1.5206093,1.0851436,9926.811,37.524532,320.9344,-230.69847,52.727272,1.5516586,1937.1611,10.10584,44.242424,322.6081,-234.92642,1.0896285,136.28831,0.6861115
1618,l,FALSE,0.05,09:16,15:10,15:20,1,1.5,4,-100,100,170,2,1,5.5,20,50,1000,0.3,0.4,TRUE,1000,1000,1000,1.5,1000,10,5,165,274,847.9492,-606.25,2092.2031,-1168.8008,178.97836,-170.24718,59.12409,51.82482,1.5206093,1.0851436,9926.811,37.524532,320.9344,-230.69847,52.727272,1.5516586,1937.1611,10.10584,44.242424,322.6081,-234.92642,1.0896285,136.28831,0.6861115
1619,l,FALSE,0.05,09:16,15:10,15:20,1,1.5,4,-100,100,170,2,1,5,20,50,1000,0.3,0.4,TRUE,1000,1000,1000,1.5,1000,10,5,163,272,847.9492,-606.25,2092.2031,-1168.8008,179.58258,-166.99039,59.191177,51.838238,1.5598242,1.1099122,10376.861,38.43784,323.71616,-226.78871,52.76074,1.5942289,2438.2744,11.218675,44.17178,326.16162,-231.26773,1.115858,136.44118,0.8519354
1615,l,FALSE,0.05,09:16,15:10,15:15,1,1.5,4,-100,100,50,3,2,1000,20,175,200,0.3,0.35,TRUE,1000,1000,1000,1.5,1000,10,5,0,0,0.0,3.4028235E38,0.0,0.0,NaN,NaN,NaN,NaN,NaN,NaN,0.0,0.0,NaN,NaN,NaN,NaN,0.0,0.0,NaN,NaN,NaN,NaN,NaN,-0.0
1620,l,FALSE,0.05,09:16,15:10,15:20,1,1.5,4,-100,100,170,2,1,2,20,50,1000,0.3,0.4,TRUE,1000,1000,1000,1.5,1000,10,5,123,197,847.9492,-417.54688,1607.0547,-911.25,161.67923,-154.07959,64.97462,57.868023,1.9465697,1.3288691,10063.449,35.43211,284.15054,-203.8312,58.536583,1.9680681,4264.408,15.714447,47.96748,288.08038,-198.94273,1.3349273,134.98985,1.7686402
1621,l,FALSE,0.05,09:16,15:10,15:20,1,1.5,4,-100,100,170,2,1,1000,30,100,1000,0.3,0.4,TRUE,1000,1000,1000,1.5,1000,10,5,104,162,847.9492,-531.75,1218.2031,-697.9004,177.04459,-153.66095,58.024693,50.0,1.5927153,1.121532,6193.246,21.027428,287.62576,-206.53741,53.846157,1.6247102,1531.8281,4.817005,47.115387,275.57,-217.6564,1.1279607,137.17284,0.6224515
1622,l,FALSE,0.05,09:16,15:10,15:20,1,1.5,4,-100,100,170,2,1,6,30,100,1000,0.3,0.4,TRUE,1000,1000,1000,1.5,1000,10,5,104,162,847.9492,-531.75,1218.2031,-697.9004,177.04459,-153.66095,58.024693,50.0,1.5927153,1.121532,6193.246,21.027428,287.62576,-206.53741,53.846157,1.6247102,1531.8281,4.817005,47.115387,275.57,-217.6564,1.1279607,137.17284,0.6224515
1623,l,FALSE,0.05,09:16,15:10,15:20,1,1.5,4,-100,100,170,2,1,1.5,20,50,1000,0.3,0.4,TRUE,1000,1000,1000,1.5,1000,10,5,97,136,847.9492,-417.54688,1607.0547,-772.14453,174.16212,-165.65529,66.17647,59.558823,2.056994,1.4312922,8054.448,28.087656,265.1922,-199.78662,60.82474,2.0609276,3977.7363,14.473637,53.608246,251.70296,-202.46262,1.4365947,137.11029,2.1074948
1624,l,FALSE,0.05,09:16,15:10,15:20,1,1.5,4,-100,100,170,2,1.5,1000,30,100,1000,0.3,0.4,TRUE,1000,1000,1000,1.5,1000,10,5,74,110,645.85156,-531.75,1218.2031,-697.9004,200.1985,-155.34383,55.454548,50.0,1.6043555,1.166183,4600.2607,16.03989,287.0246,-217.20448,55.405407,1.6418002,1512.2617,5.031965,51.35135,264.4629,-237.14801,1.1771351,143.77272,0.61819255
1625,l,FALSE,0.05,09:16,15:10,15:15,1,1.5,4,-100,100,100,2,1.5,1000,30,175,1000,0.3,0.4,TRUE,1000,1000,1000,1.5,1000,10,5,52,61,1358.8008,-414.94922,2359.0508,-537.3496,252.44687,-123.81011,52.459015,47.540985,2.2499135,1.6244496,4487.8066,18.754343,321.14597,-131.14232,48.076923,2.2674403,2807.9336,12.6449995,44.230766,317.23175,-154.7723,1.6255982,107.39344,2.814296
1626,l,FALSE,0.05,09:16,15:10,15:15,1,1.5,4,-100,100,100,2,2.5,1000,30,175,1000,0.3,0.4,TRUE,1000,1000,1000,1.5,1000,10,5,20,22,1358.8008,-221.80078,2359.0508,-221.80078,345.99548,-90.89098,50.0,45.454548,3.8067086,2.6156569,2806.1494,10.768163,380.59503,-99.98008,50.0,3.8067086,2175.087,8.562794,45.0,391.2603,-122.386894,2.6156564,106.77273,4.926436
1627,l,FALSE,0.05,09:16,15:10,15:15,1,1.5,4,-100,100,100,2,3,1000,30,175,1000,0.3,0.4,TRUE,1000,1000,1000,1.5,1000,10,5,9,10,1358.8008,-113.55078,2359.0508,-113.55078,450.71402,-68.967445,70.0,60.000004,15.248731,9.570512,2948.0957,10.793639,525.833,-68.967445,66.66667,15.248734,2660.3232,9.788247,55.555557,594.1455,-77.601074,9.570511,118.1,19.014004
1628,l,FALSE,0.05,09:16,15:10,15:15,1,1.5,4,-100,100,100,2,3,1000,30,200,1000,0.3,0.4,TRUE,1000,1000,1000,1.5,1000,10,5,9,10,1358.8008,-113.55078,2359.0508,-113.55078,450.71402,-68.967445,70.0,60.000004,15.248731,9.570512,2948.0957,10.793639,525.833,-68.967445,66.66667,15.248734,2660.3232,9.788247,55.555557,594.1455,-77.601074,9.570511,118.1,19.014004
1629,l,FALSE,0.05,09:16,15:10,15:15,1,1.5,4,-100,100,100,2,3.5,1000,30,175,1000,0.3,0.4,TRUE,1000,1000,1000,1.5,1000,10,5,4,5,1358.8008,-100.19922,2359.0508,-100.19922,732.8247,-100.19922,80.0,80.0,29.254707,20.306341,2831.0996,10.444144,977.0996,-100.19922,75.0,29.254707,2687.503,9.938925,75.0,942.23535,-139.20312,20.306341,150.0,27.883598
1632,l,FALSE,0.05,09:16,15:10,15:15,1,1.5,4,-100,100,50,3,1.5,3.5,15,150,175,0.3,0.4,TRUE,1000,1000,1000,1.5,1000,10,5,2,2,341.8496,-27.25,341.8496,-27.25,341.8496,-27.25,50.0,50.0,12.54494,7.655762,314.5996,1.2615075,341.8496,-27.25,50.0,12.54494,276.57812,1.0608809,50.0,318.1328,-41.554688,7.655762,49.5,Infinity
1633,l,FALSE,0.05,09:16,15:10,15:15,1,1.5,4,-100,100,50,3,1.5,1000,20,175,200,0.3,0.4,TRUE,1000,1000,1000,1.5,1000,10,5,3,3,292.04883,-39.398438,292.04883,-39.398438,280.69922,-39.398438,66.66667,66.66667,14.24926,8.305796,522.0,2.1005378,280.69922,-39.398438,66.66667,14.24926,449.73438,1.799484,66.66667,255.64648,-61.558594,8.305796,97.666664,Infinity
1634,l,FALSE,0.05,09:16,15:10,15:15,1,1.5,4,-100,100,50,3,2,1000,20,175,200,0.3,0.4,TRUE,1000,1000,1000,1.5,1000,10,5,2,2,292.04883,269.3496,292.04883,0.0,280.69922,NaN,100.0,100.0,NaN,NaN,561.39844,2.2781744,280.69922,NaN,100.0,NaN,511.29297,2.077035,100.0,255.64648,NaN,NaN,126.0,Infinity
1630,l,FALSE,0.05,09:16,15:10,15:15,1,1.5,4,-100,100,100,2,3.5,1000,30,200,1000,0.3,0.4,TRUE,1000,1000,1000,1.5,1000,10,5,4,5,1358.8008,-100.19922,2359.0508,-100.19922,732.8247,-100.19922,80.0,80.0,29.254707,20.306341,2831.0996,10.444144,977.0996,-100.19922,75.0,29.254707,2687.503,9.938925,75.0,942.23535,-139.20312,20.306341,150.0,27.883598
1631,l,FALSE,0.05,09:16,15:10,15:15,1,1.5,4,-100,100,50,3,1.5,1000,15,150,175,0.3,0.4,TRUE,1000,1000,1000,1.5,1000,10,5,2,2,341.8496,-27.25,341.8496,-27.25,341.8496,-27.25,50.0,50.0,12.54494,7.655762,314.5996,1.2615075,341.8496,-27.25,50.0,12.54494,276.57812,1.0608809,50.0,318.1328,-41.554688,7.655762,49.5,Infinity
1635,l,FALSE,0.05,09:16,15:10,15:20,1,1.5,4,-100,100,170,2,1,1000,20,50,1000,0.3,0.45,TRUE,1000,1000,1000,1.5,1000,10,5,174,324,833.39844,-606.25,2537.8535,-1168.8008,188.21123,-165.22147,57.71605,50.0,1.5548916,1.1186328,12560.158,44.707615,367.92722,-259.62372,52.873566,1.5899796,3207.505,12.285235,43.103447,383.45297,-258.0956,1.1255311,138.37654,0.7368207
1636,l,FALSE,0.05,09:16,15:10,15:20,1,1.5,4,-100,100,170,2,1,6,20,50,1000,0.3,0.45,TRUE,1000,1000,1000,1.5,1000,10,5,172,322,833.39844,-606.25,2537.8535,-1168.8008,186.01424,-163.74,57.763977,50.0,1.5536939,1.1142515,12330.008,43.58478,365.41156,-258.3018,52.90698,1.5893197,3042.9268,11.362979,43.023254,380.9556,-256.61008,1.1210017,138.29193,0.7290034
1637,l,FALSE,0.05,09:16,15:10,15:20,1,1.5,4,-100,100,170,2,1,5.5,20,50,1000,0.3,0.45,TRUE,1000,1000,1000,1.5,1000,10,5,172,322,833.39844,-606.25,2537.8535,-1168.8008,186.01424,-163.74,57.763977,50.0,1.5536939,1.1142515,12330.008,43.58478,365.41156,-258.3018,52.90698,1.5893197,3042.9268,11.362979,43.023254,380.9556,-256.61008,1.1210017,138.29193,0.7290034
1638,l,FALSE,0.05,09:16,15:10,15:20,1,1.5,4,-100,100,170,2,1,5,20,50,1000,0.3,0.45,TRUE,1000,1000,1000,1.5,1000,10,5,170,319,833.39844,-606.25,2537.8535,-1168.8008,186.37662,-161.014,57.68025,49.84326,1.577654,1.1287289,12556.407,43.83282,366.07892,-254.8837,52.941177,1.615791,3355.4092,11.910888,42.941177,382.67572,-253.40123,1.1365103,138.38872,0.8491817
1639,l,FALSE,0.05,09:16,15:10,15:20,1,1.5,4,-100,100,170,2,1,2,20,50,1000,0.3,0.45,TRUE,1000,1000,1000,1.5,1000,10,5,128,230,833.39844,-473.75,2222.207,-1095.1484,174.24547,-148.7597,62.173916,55.217392,1.9252759,1.3345122,11975.007,39.921017,337.43353,-230.13896,57.03125,1.9460691,5272.1953,16.901035,46.875,346.5892,-228.28172,1.3396343,137.43913,1.4515481
1640,l,FALSE,0.05,09:16,15:10,15:20,1,1.5,4,-100,100,170,2,1,1000,30,100,1000,0.3,0.45,TRUE,1000,1000,1000,1.5,1000,10,5,112,196,833.39844,-531.75,1651.9453,-832.4961,189.41553,-156.72899,58.67347,50.510204,1.7158489,1.2268072,9087.736,30.013025,342.03445,-242.36803,55.35714,1.7499119,3456.829,10.398084,47.32143,339.43747,-246.32808,1.2378548,139.2704,1.2779218
1641,l,FALSE,0.05,09:16,15:10,15:20,1,1.5,4,-100,100,170,2,1,6,30,100,1000,0.3,0.45,TRUE,1000,1000,1000,1.5,1000,10,5,111,195,833.39844,-531.75,1651.9453,-832.4961,185.84152,-156.72899,58.46154,50.256413,1.6688347,1.1895231,8490.887,27.903406,337.8572,-242.36803,54.954952,1.7006606,2888.5713,8.389525,46.846848,335.03708,-246.32808,1.1987547,139.00513,1.0310706
1642,l,FALSE,0.05,09:16,15:10,15:20,1,1.5,4,-100,100,170,2,1,1.5,20,50,1000,0.3,0.45,TRUE,1000,1000,1000,1.5,1000,10,5,105,158,833.39844,-446.5,1651.9453,-870.6953,189.39354,-161.61047,63.92405,58.227848,2.0765488,1.4697062,9916.951,33.29613,298.29526,-223.75476,60.952385,2.0809913,5218.324,17.479446,53.333336,289.52576,-224.39017,1.474604,138.62659,2.1357698
1643,l,FALSE,0.05,09:16,15:10,15:20,1,1.5,4,-100,100,170,2,1.5,1000,30,100,1000,0.3,0.45,TRUE,1000,1000,1000,1.5,1000,10,5,81,133,645.85156,-531.75,1301.502,-842.8496,196.07701,-157.57892,57.14286,49.62406,1.65908,1.2081697,5919.8545,20.21683,313.39685,-242.7543,56.790127,1.6967487,2228.796,6.9067817,49.382717,307.67267,-245.80759,1.2211522,142.94737,0.82811904
1644,l,FALSE,0.05,09:16,15:10,15:15,1,1.5,4,-100,100,100,2,1.5,1000,30,175,1000,0.3,0.45,TRUE,1000,1000,1000,1.5,1000,10,5,56,70,1496.75,-420.70312,3855.8008,-537.3496,279.287,-126.94675,54.285717,48.57143,2.612539,1.9115099,6550.6094,26.157907,364.62787,-149.02217,51.785713,2.6280475,4598.3574,19.144892,48.214287,357.15286,-173.95757,1.9115101,107.47143,4.9150696
1648,l,FALSE,0.05,09:16,15:10,15:15,1,1.5,4,-100,100,100,2,3.5,1000,30,175,1000,0.3,0.45,TRUE,1000,1000,1000,1.5,1000,10,5,6,7,1358.8008,-100.19922,2359.0508,-100.19922,560.3337,-100.19922,85.71429,85.71429,33.553177,22.87341,3261.8027,11.655222,672.4004,-100.19922,83.33333,33.55316,3044.8467,10.949394,83.33333,636.80994,-139.20312,22.873398,136.14285,30.718466
1649,l,FALSE,0.05,09:16,15:10,15:15,1,1.5,4,-100,100,100,2,3.5,1000,30,200,1000,0.3,0.45,TRUE,1000,1000,1000,1.5,1000,10,5,5,6,1358.8008,-100.19922,2359.0508,-100.19922,605.81995,-100.19922,83.33333,83.33333,30.23076,20.733683,2928.9004,10.700778,757.2749,-100.19922,80.0,30.23077,2746.9912,10.095431,80.0,721.5486,-139.20312,20.733688,138.0,28.322678
1645,l,FALSE,0.05,09:16,15:10,15:15,1,1.5,4,-100,100,100,2,2.5,1000,30,175,1000,0.3,0.45,TRUE,1000,1000,1000,1.5,1000,10,5,22,25,1496.75,-221.80078,3855.8008,-221.80078,409.6467,-94.363815,56.0,52.0,5.5250893,3.872245,4697.052,17.295694,477.92114,-103.80019,54.545456,5.5250897,3964.3428,14.787052,50.0,485.86975,-125.47497,3.8722444,111.2,8.186804
1646,l,FALSE,0.05,09:16,15:10,15:15,1,1.5,4,-100,100,100,2,3,1000,30,175,1000,0.3,0.45,TRUE,1000,1000,1000,1.5,1000,10,5,11,13,1496.75,-105.75,3855.8008,-105.75,508.24512,-66.36719,76.92308,69.230774,25.526932,15.85116,4883.3496,17.47188,635.3064,-66.36719,72.72727,25.526926,4493.954,16.163149,63.636364,685.222,-75.6499,15.851157,123.69231,33.229725
1647,l,FALSE,0.05,09:16,15:10,15:15,1,1.5,4,-100,100,100,2,3,1000,30,200,1000,0.3,0.45,TRUE,1000,1000,1000,1.5,1000,10,5,10,12,1496.75,-105.75,3855.8008,-105.75,527.72766,-66.36719,75.0,66.66667,23.854906,14.866838,4550.4473,16.517437,678.50696,-66.36719,70.0,23.854904,4196.0986,15.309186,60.000004,749.783,-75.6499,14.866836,123.583336,31.474068
1650,l,FALSE,0.05,09:16,15:10,15:15,1,1.5,4,-100,100,50,3,1.5,1000,15,150,175,0.3,0.45,TRUE,1000,1000,1000,1.5,1000,10,5,4,4,341.8496,-78.5,341.8496,-78.5,286.5747,-52.875,50.0,50.0,5.4198527,3.4141214,467.3994,2.5575879,286.5747,-52.875,50.0,5.4198527,377.60254,2.1563194,50.0,267.0083,-78.20703,3.4141214,73.0,6.833762
1651,l,FALSE,0.05,09:16,15:10,15:15,1,1.5,4,-100,100,50,3,1.5,3.5,15,150,175,0.3,0.45,TRUE,1000,1000,1000,1.5,1000,10,5,4,4,341.8496,-78.5,341.8496,-78.5,286.5747,-52.875,50.0,50.0,5.4198527,3.4141214,467.3994,2.5575879,286.5747,-52.875,50.0,5.4198527,377.60254,2.1563194,50.0,267.0083,-78.20703,3.4141214,73.0,6.833762
1652,l,FALSE,0.05,09:16,15:10,15:15,1,1.5,4,-100,100,50,3,1.5,1000,20,175,200,0.3,0.45,TRUE,1000,1000,1000,1.5,1000,10,5,4,4,292.04883,-39.398438,292.04883,-39.398438,202.89973,-39.398438,75.0,75.0,15.449831,8.482138,569.3008,2.2304063,202.89973,-39.398438,75.0,15.449831,460.58984,1.8292887,75.0,174.04948,-61.558594,8.482138,92.0,Infinity
1653,l,FALSE,0.05,09:16,15:10,15:15,1,1.5,4,-100,100,50,3,2,1000,20,175,200,0.3,0.45,TRUE,1000,1000,1000,1.5,1000,10,5,3,3,292.04883,47.30078,292.04883,0.0,202.89973,NaN,100.0,100.0,NaN,NaN,608.6992,2.408043,202.89973,NaN,100.0,NaN,522.14844,2.1068397,100.0,174.04948,NaN,NaN,109.0,Infinity
1654,l,FALSE,0.05,09:16,15:10,15:20,1,1.5,4,-100,100,170,2,1,1000,20,50,1000,0.3,0.5,TRUE,1000,1000,1000,1.5,1000,10,5,175,353,830.0469,-606.25,2527.5527,-1522.2969,191.45544,-163.21278,57.223797,50.141644,1.569235,1.1286931,14028.867,49.598763,414.14557,-273.46155,51.428574,1.603542,3797.0117,14.273977,43.42857,417.75714,-282.3488,1.1358379,139.47308,0.8685624
1655,l,FALSE,0.05,09:16,15:10,15:20,1,1.5,4,-100,100,170,2,1,6,20,50,1000,0.3,0.5,TRUE,1000,1000,1000,1.5,1000,10,5,173,351,830.0469,-606.25,2527.5527,-1522.2969,189.29128,-161.74855,57.26496,50.14245,1.5681771,1.1244292,13785.266,48.411995,411.76013,-272.15933,51.445084,1.6029935,3618.9746,13.287812,43.3526,415.3556,-280.94586,1.1314428,139.39316,0.86821544
1656,l,FALSE,0.05,09:16,15:10,15:20,1,1.5,4,-100,100,170,2,1,5.5,20,50,1000,0.3,0.5,TRUE,1000,1000,1000,1.5,1000,10,5,173,351,830.0469,-606.25,2527.5527,-1522.2969,189.29128,-161.74855,57.26496,50.14245,1.5681771,1.1244292,13785.266,48.411995,411.76013,-272.15933,51.445084,1.6029935,3618.9746,13.287812,43.3526,415.3556,-280.94586,1.1314428,139.39316,0.86821544
1657,l,FALSE,0.05,09:16,15:10,15:20,1,1.5,4,-100,100,170,2,1,5,20,50,1000,0.3,0.5,TRUE,1000,1000,1000,1.5,1000,10,5,172,347,830.0469,-606.25,2527.5527,-1522.2969,187.65074,-159.26532,57.060516,49.855907,1.5656979,1.1184186,13424.313,46.853203,406.2949,-265.82898,51.162792,1.6011884,3376.9062,12.129791,43.023254,410.02344,-275.1513,1.1252337,139.55043,0.7851009
1658,l,FALSE,0.05,09:16,15:10,15:20,1,1.5,4,-100,100,170,2,1,2,20,50,1000,0.3,0.5,TRUE,1000,1000,1000,1.5,1000,10,5,131,251,830.0469,-473.75,2222.207,-1522.2969,177.34871,-149.70152,61.752987,54.98008,1.9127678,1.3306348,13117.705,43.937073,367.5682,-247.05864,56.48855,1.9315002,5781.7256,18.815098,47.328247,371.46408,-249.98619,1.3351911,138.12749,1.3900685
1659,l,FALSE,0.05,09:16,15:10,15:20,1,1.5,4,-100,100,170,2,1,1000,30,100,1000,0.3,0.5,TRUE,1000,1000,1000,1.5,1000,10,5,112,213,830.0469,-531.75,2069.3516,-1246.8984,191.78352,-156.9565,57.276993,50.704224,1.6381378,1.1714127,9114.548,30.492037,385.29813,-256.94418,52.678574,1.6692997,2937.291,9.176845,46.42857,371.69006,-273.17648,1.1792061,141.53052,0.9649889
1664,l,FALSE,0.05,09:16,15:10,15:15,1,1.5,4,-100,100,100,2,2.5,1000,30,175,1000,0.3,0.5,TRUE,1000,1000,1000,1.5,1000,10,5,23,27,1496.75,-404.3496,3855.3008,-404.3496,409.08237,-115.38852,51.851852,48.148148,3.8179731,2.7997186,4227.1025,15.49083,477.2628,-136.36826,52.173912,3.8179727,3430.5205,12.783084,47.826088,485.15118,-158.84521,2.7997189,107.666664,3.6344042
1660,l,FALSE,0.05,09:16,15:10,15:20,1,1.5,4,-100,100,170,2,1,6,30,100,1000,0.3,0.5,TRUE,1000,1000,1000,1.5,1000,10,5,111,212,830.0469,-531.75,2069.3516,-1246.8984,188.19124,-156.9565,57.07547,50.4717,1.5942779,1.1365225,8488.099,28.27548,381.14035,-256.94418,52.25225,1.6232979,2339.418,7.061397,45.945946,367.25507,-273.17648,1.1427294,141.28773,0.7425394
1661,l,FALSE,0.05,09:16,15:10,15:20,1,1.5,4,-100,100,170,2,1,1.5,20,50,1000,0.3,0.5,TRUE,1000,1000,1000,1.5,1000,10,5,112,173,830.0469,-446.5,1631.7461,-862.59375,186.81444,-158.03305,64.16185,57.80347,2.1163807,1.4851346,10938.353,36.520588,304.39044,-221.82266,60.714287,2.1207104,5769.117,19.202297,51.785713,302.52188,-218.09543,1.4898565,139.2659,2.1696246
1662,l,FALSE,0.05,09:16,15:10,15:20,1,1.5,4,-100,100,170,2,1.5,1000,30,100,1000,0.3,0.5,TRUE,1000,1000,1000,1.5,1000,10,5,81,143,645.85156,-531.75,1292.2461,-979.59766,203.3449,-149.16441,54.545456,49.65035,1.6358719,1.1860212,6165.216,21.266882,355.5187,-240.05498,53.08642,1.6758556,2162.1963,6.9563184,49.382717,326.922,-266.2118,1.1980999,145.55244,0.7771229
1663,l,FALSE,0.05,09:16,15:10,15:15,1,1.5,4,-100,100,100,2,1.5,1000,30,175,1000,0.3,0.5,TRUE,1000,1000,1000,1.5,1000,10,5,59,76,1496.75,-469.94922,3855.3008,-537.3496,272.8476,-147.98778,51.315792,44.736843,1.9433776,1.4545071,5165.508,21.905066,353.39365,-187.45868,50.847458,1.9501877,3015.4912,14.294175,44.0678,370.56766,-200.58386,1.4555628,103.86842,2.5118341
1665,l,FALSE,0.05,09:16,15:10,15:15,1,1.5,4,-100,100,100,2,3,1000,30,175,1000,0.3,0.5,TRUE,1000,1000,1000,1.5,1000,10,5,12,15,1496.75,-404.3496,3855.3008,-404.3496,508.19513,-129.31055,66.66667,60.000004,7.8600745,5.8925943,4435.3984,15.752526,635.2439,-161.63818,66.66667,7.860074,3982.1416,14.24465,58.333332,685.1505,-162.78242,5.892594,115.53333,6.4823723
1666,l,FALSE,0.05,09:16,15:10,15:15,1,1.5,4,-100,100,100,2,3,1000,30,200,1000,0.3,0.5,TRUE,1000,1000,1000,1.5,1000,10,5,11,14,1496.75,-404.3496,3855.3008,-404.3496,527.6721,-131.11055,64.28571,57.14286,7.2443433,5.46617,4093.496,14.770395,678.43555,-163.88818,63.636364,7.244343,3675.2822,13.363015,54.545456,749.6997,-164.5832,5.4661694,114.71429,6.081163
1667,l,FALSE,0.05,09:16,15:10,15:15,1,1.5,4,-100,100,100,2,3.5,1000,30,175,1000,0.3,0.5,TRUE,1000,1000,1000,1.5,1000,10,5,7,8,1358.8008,-404.3496,2358.5508,-404.3496,560.2503,-252.27441,75.0,75.0,6.662391,5.6005273,2856.9531,10.0415325,672.3004,-252.27441,71.42857,6.6623926,2615.1123,9.236509,71.42857,636.70996,-284.21875,5.6005282,124.25,5.3981905
1668,l,FALSE,0.05,09:16,15:10,15:15,1,1.5,4,-100,100,100,2,3.5,1000,30,200,1000,0.3,0.5,TRUE,1000,1000,1000,1.5,1000,10,5,6,7,1358.8008,-404.3496,2358.5508,-404.3496,605.7199,-252.27441,71.42857,71.42857,6.00259,5.076538,2524.0508,9.087089,757.1499,-252.27441,66.66667,6.002591,2317.2568,8.382546,66.66667,721.4236,-284.21875,5.076539,124.14286,4.8991
1669,l,FALSE,0.05,09:16,15:10,15:15,1,1.5,4,-100,100,50,3,1.5,1000,15,150,175,0.3,0.5,TRUE,1000,1000,1000,1.5,1000,10,5,4,4,341.8496,-78.5,341.8496,-78.5,286.5747,-52.875,50.0,50.0,5.4198527,3.4141214,467.3994,2.5575879,286.5747,-52.875,50.0,5.4198527,377.60254,2.1563194,50.0,267.0083,-78.20703,3.4141214,73.0,6.833762
1670,l,FALSE,0.05,09:16,15:10,15:15,1,1.5,4,-100,100,50,3,1.5,3.5,15,150,175,0.3,0.5,TRUE,1000,1000,1000,1.5,1000,10,5,4,4,341.8496,-78.5,341.8496,-78.5,286.5747,-52.875,50.0,50.0,5.4198527,3.4141214,467.3994,2.5575879,286.5747,-52.875,50.0,5.4198527,377.60254,2.1563194,50.0,267.0083,-78.20703,3.4141214,73.0,6.833762
1671,l,FALSE,0.05,09:16,15:10,15:15,1,1.5,4,-100,100,50,3,1.5,1000,20,175,200,0.3,0.5,TRUE,1000,1000,1000,1.5,1000,10,5,5,5,292.04883,-81.54883,292.04883,-81.54883,202.89973,-60.473633,60.000004,60.000004,5.0327663,3.1207254,487.75195,1.8941342,202.89973,-60.473633,60.000004,5.0327663,354.83203,1.3931893,60.000004,174.04948,-83.6582,3.1207254,81.6,3.1946597
1672,l,FALSE,0.05,09:16,15:10,15:15,1,1.5,4,-100,100,50,3,2,1000,20,175,200,0.3,0.5,TRUE,1000,1000,1000,1.5,1000,10,5,3,3,292.04883,47.30078,292.04883,0.0,202.89973,NaN,100.0,100.0,NaN,NaN,608.6992,2.408043,202.89973,NaN,100.0,NaN,522.14844,2.1068397,100.0,174.04948,NaN,NaN,109.0,Infinity
1673,l,FALSE,0.05,09:16,15:10,15:20,1,1.5,4,-100,100,170,2,1,1000,20,50,1000,0.3,0.6,TRUE,1000,1000,1000,1.5,1000,10,5,176,403,1474.3984,-606.25,3479.5469,-1854.5977,204.43973,-163.4617,56.82382,49.627792,1.6460214,1.1985078,18374.365,63.83949,502.5977,-312.31894,51.136364,1.6840936,6750.33,23.507586,43.75,506.24167,-325.5584,1.2094406,143.2655,1.2387497
1674,l,FALSE,0.05,09:16,15:10,15:20,1,1.5,4,-100,100,170,2,1,6,20,50,1000,0.3,0.6,TRUE,1000,1000,1000,1.5,1000,10,5,176,401,1474.3984,-606.25,3004.0547,-1854.5977,202.58882,-162.28691,56.857853,49.625935,1.6452074,1.1951132,18114.615,62.609722,495.63715,-308.055,51.136364,1.683758,6556.1367,22.478437,43.75,498.4771,-321.48083,1.2059954,143.21696,1.2564411
1675,l,FALSE,0.05,09:16,15:10,15:20,1,1.5,4,-100,100,170,2,1,5.5,20,50,1000,0.3,0.6,TRUE,1000,1000,1000,1.5,1000,10,5,175,400,1474.3984,-606.25,3004.0547,-1854.5977,202.58882,-161.39468,57.0,49.75,1.6639209,1.207791,18430.365,63.460567,495.63715,-307.96448,51.428574,1.7040677,6908.84,23.428862,44.0,498.4771,-321.16223,1.2195101,143.28,1.3830384
1676,l,FALSE,0.05,09:16,15:10,15:20,1,1.5,4,-100,100,170,2,1,5,20,50,1000,0.3,0.6,TRUE,1000,1000,1000,1.5,1000,10,5,174,396,1474.3984,-606.25,3004.0547,-1854.5977,201.31223,-158.95578,56.81818,49.49495,1.6664035,1.2056478,18113.812,62.012543,491.14993,-301.15918,51.14943,1.7076117,6711.1934,22.381563,43.67816,494.3487,-314.8909,1.2174772,143.44698,1.3197354
1677,l,FALSE,0.05,09:16,15:10,15:20,1,1.5,4,-100,100,170,2,1,2,20,50,1000,0.3,0.6,TRUE,1000,1000,1000,1.5,1000,10,5,139,290,833.39844,-473.75,2482.8438,-1854.5977,178.42342,-152.86462,61.03448,53.448277,1.8282671,1.2796569,14307.24,45.901165,406.14084,-273.63873,55.39568,1.8433086,5854.0117,16.878252,46.76259,408.17102,-279.42035,1.2831155,141.92758,1.0611011
1678,l,FALSE,0.05,09:16,15:10,15:20,1,1.5,4,-100,100,170,2,1,1000,30,100,1000,0.3,0.6,TRUE,1000,1000,1000,1.5,1000,10,5,112,248,1474.3984,-578.4492,3479.5469,-1248.0977,212.55167,-153.82413,58.46774,51.6129,1.9452293,1.4099026,14976.106,50.0465,502.394,-291.68332,53.571426,1.9873791,7817.175,25.221575,47.32143,492.52557,-309.94373,1.4274793,147.10887,2.7358313
1679,l,FALSE,0.05,09:16,15:10,15:20,1,1.5,4,-100,100,170,2,1,6,30,100,1000,0.3,0.6,TRUE,1000,1000,1000,1.5,1000,10,5,112,247,1474.3984,-578.4492,2853.0977,-1248.0977,209.67738,-153.82413,58.299595,51.417004,1.9056907,1.3785526,14349.657,47.82995,491.9532,-291.68332,53.571426,1.9460771,7219.302,23.10613,47.32143,481.24496,-309.94373,1.3947849,146.92308,2.5063653
1680,l,FALSE,0.05,09:16,15:10,15:20,1,1.5,4,-100,100,170,2,1,1.5,20,50,1000,0.3,0.6,TRUE,1000,1000,1000,1.5,1000,10,5,117,194,833.39844,-446.5,2482.8438,-953.6992,189.9407,-158.37285,63.917522,57.216496,2.1245203,1.4967619,12466.547,40.57322,326.35272,-245.12999,61.538464,2.1301532,6678.877,21.152927,52.136757,328.0174,-238.03899,1.5010345,143.28351,2.1904693
1681,l,FALSE,0.05,09:16,15:10,15:20,1,1.5,4,-100,100,170,2,1.5,1000,30,100,1000,0.3,0.6,TRUE,1000,1000,1000,1.5,1000,10,5,81,163,1474.3984,-578.4492,3479.5469,-1026.2969,221.52718,-150.00343,57.66871,52.14724,2.0118914,1.4774716,10473.318,37.542854,460.85458,-264.98065,54.320984,2.0682385,5936.421,21.224133,50.617283,431.81174,-294.19647,1.5044607,149.15952,2.1141467
1682,l,FALSE,0.05,09:16,15:10,15:15,1,1.5,4,-100,100,100,2,1.5,1000,30,175,1000,0.3,0.6,TRUE,1000,1000,1000,1.5,1000,10,5,59,79,1496.75,-469.94922,3888.002,-565.3008,258.38025,-153.57918,54.430378,49.36709,2.0095227,1.4986964,5581.5,23.415323,380.72766,-181.98676,49.152542,2.022327,3336.9756,15.503661,47.457626,358.10968,-215.80954,1.4987934,104.25317,2.7392893
1683,l,FALSE,0.05,09:16,15:10,15:15,1,1.5,4,-100,100,100,2,2.5,1000,30,175,1000,0.3,0.6,TRUE,1000,1000,1000,1.5,1000,10,5,23,27,1496.75,-401.1504,3888.002,-401.1504,409.74658,-114.71545,51.851852,51.851852,3.84661,2.8180153,4245.1514,15.54829,478.0377,-135.5728,52.173912,3.8466094,3448.579,12.840512,52.173912,445.45596,-172.44478,2.8180149,108.0,3.684749
1684,l,FALSE,0.05,09:16,15:10,15:15,1,1.5,4,-100,100,100,2,3,1000,30,175,1000,0.3,0.6,TRUE,1000,1000,1000,1.5,1000,10,5,12,15,1496.75,-401.1504,3888.002,-401.1504,510.14023,-128.6707,66.66667,60.000004,7.9293942,5.93987,4458.049,15.853032,637.6753,-160.83838,66.66667,7.9293942,4004.8057,14.34511,58.333332,687.93097,-162.14218,5.939869,115.86667,6.5655675
1685,l,FALSE,0.05,09:16,15:10,15:15,1,1.5,4,-100,100,100,2,3,1000,30,200,1000,0.3,0.6,TRUE,1000,1000,1000,1.5,1000,10,5,11,14,1496.75,-401.1504,3888.002,-401.1504,529.178,-130.4707,64.28571,57.14286,7.300646,5.5040593,4110.248,14.853825,680.37164,-163.08838,63.636364,7.3006454,3692.044,13.446405,54.545456,751.9598,-163.94296,5.504059,115.0,6.154242
1686,l,FALSE,0.05,09:16,15:10,15:15,1,1.5,4,-100,100,100,2,3.5,1000,30,175,1000,0.3,0.6,TRUE,1000,1000,1000,1.5,1000,10,5,7,8,1358.8008,-401.1504,2391.252,-401.1504,563.4922,-250.6748,75.0,75.0,6.743704,5.6666784,2879.6035,10.142037,676.1906,-250.6748,71.42857,6.7437043,2637.7764,9.33697,71.42857,640.60254,-282.61816,5.666679,124.875,5.4972057
1687,l,FALSE,0.05,09:16,15:10,15:15,1,1.5,4,-100,100,100,2,3.5,1000,30,200,1000,0.3,0.6,TRUE,1000,1000,1000,1.5,1000,10,5,6,7,1358.8008,-401.1504,2391.252,-401.1504,608.4305,-250.6748,71.42857,71.42857,6.067927,5.1292796,2540.8027,9.170518,760.5381,-250.6748,66.66667,6.0679274,2334.0186,8.465938,66.66667,724.8137,-282.61816,5.1292806,124.71429,4.984379
1688,l,FALSE,0.05,09:16,15:10,15:15,1,1.5,4,-100,100,50,3,1.5,1000,15,150,175,0.3,0.6,TRUE,1000,1000,1000,1.5,1000,10,5,5,5,341.8496,-78.5,341.8496,-78.5,236.83301,-52.875,60.000004,60.000004,6.718668,4.1475644,604.749,3.1664004,236.83301,-52.875,60.000004,6.718668,492.32324,2.6648276,60.000004,216.24577,-78.20703,4.1475644,70.6,8.445316
1689,l,FALSE,0.05,09:16,15:10,15:15,1,1.5,4,-100,100,50,3,1.5,3.5,15,150,175,0.3,0.6,TRUE,1000,1000,1000,1.5,1000,10,5,5,5,341.8496,-78.5,341.8496,-78.5,236.83301,-52.875,60.000004,60.000004,6.718668,4.1475644,604.749,3.1664004,236.83301,-52.875,60.000004,6.718668,492.32324,2.6648276,60.000004,216.24577,-78.20703,4.1475644,70.6,8.445316
1690,l,FALSE,0.05,09:16,15:10,15:15,1,1.5,4,-100,100,50,3,1.5,1000,20,175,200,0.3,0.6,TRUE,1000,1000,1000,1.5,1000,10,5,6,6,292.04883,-81.54883,292.04883,-81.54883,186.5122,-60.473633,66.66667,66.66667,6.1683826,3.806377,625.10156,2.5029466,186.5122,-60.473633,66.66667,6.1683826,469.55273,1.9016974,66.66667,159.21729,-83.6582,3.806377,78.166664,4.360697
1691,l,FALSE,0.05,09:16,15:10,15:15,1,1.5,4,-100,100,50,3,2,1000,20,175,200,0.3,0.6,TRUE,1000,1000,1000,1.5,1000,10,5,3,3,292.04883,47.30078,292.04883,0.0,202.89973,NaN,100.0,100.0,NaN,NaN,608.6992,2.408043,202.89973,NaN,100.0,NaN,522.14844,2.1068397,100.0,174.04948,NaN,NaN,109.0,Infinity
1692,l,FALSE,0.05,09:16,15:10,15:20,1,1.5,4,-100,100,170,2,1,1000,20,50,1000,0.3,0.7,TRUE,1000,1000,1000,1.5,1000,10,5,176,433,1474.3984,-606.25,3476.996,-1854.5977,194.81224,-165.3715,56.581985,48.96074,1.5351958,1.1133661,16639.156,59.539795,511.51428,-341.82712,51.136364,1.5660129,4210.0537,16.21005,43.18182,519.6603,-352.84125,1.1193187,143.71132,0.6553649
1693,l,FALSE,0.05,09:16,15:10,15:20,1,1.5,4,-100,100,170,2,1,6,20,50,1000,0.3,0.7,TRUE,1000,1000,1000,1.5,1000,10,5,176,431,1474.3984,-606.25,2992.4043,-1854.5977,193.04324,-164.29488,56.612526,48.955917,1.5331292,1.1093254,16379.406,58.310028,504.55374,-337.56317,51.136364,1.564215,4015.8604,15.180897,43.18182,511.79355,-348.80444,1.1151323,143.66821,0.6419501
1694,l,FALSE,0.05,09:16,15:10,15:20,1,1.5,4,-100,100,170,2,1,5.5,20,50,1000,0.3,0.7,TRUE,1000,1000,1000,1.5,1000,10,5,175,430,1474.3984,-606.25,2992.4043,-1854.5977,193.04324,-163.4806,56.744186,49.069767,1.5490495,1.12008,16695.156,59.160866,504.55374,-337.8198,51.428574,1.5814154,4368.5635,16.131323,43.42857,511.79355,-348.76508,1.1265233,143.7279,0.7107039
1696,l,FALSE,0.05,09:16,15:10,15:20,1,1.5,4,-100,100,170,2,1,2,20,50,1000,0.3,0.7,TRUE,1000,1000,1000,1.5,1000,10,5,143,309,833.39844,-473.75,2482.8438,-1854.5977,173.43755,-150.89088,61.165047,52.75081,1.8103421,1.2594901,14672.791,48.036224,405.30243,-281.76828,55.944054,1.8265707,5713.509,17.112236,45.454548,422.30948,-278.67447,1.262852,143.0356,0.9948688
1697,l,FALSE,0.05,09:16,15:10,15:20,1,1.5,4,-100,100,170,2,1,1000,30,100,1000,0.3,0.7,TRUE,1000,1000,1000,1.5,1000,10,5,112,265,1474.3984,-578.4492,3476.996,-1245.1973,205.43431,-153.44724,58.113205,52.07547,1.8574264,1.3409312,14604.242,49.92902,514.64307,-312.9681,53.571426,1.8973782,6988.008,23.404184,46.42857,511.72342,-327.02682,1.3561383,148.40378,2.218047
1698,l,FALSE,0.05,09:16,15:10,15:20,1,1.5,4,-100,100,170,2,1,6,30,100,1000,0.3,0.7,TRUE,1000,1000,1000,1.5,1000,10,5,112,264,1474.3984,-578.4492,2850.5469,-1245.1973,202.68259,-153.44724,57.954544,51.893936,1.8206472,1.311762,13977.793,47.712467,504.20224,-312.9681,53.571426,1.858885,6390.135,21.288733,46.42857,500.2258,-327.02682,1.3256681,148.23485,2.0175626
1699,l,FALSE,0.05,09:16,15:10,15:20,1,1.5,4,-100,100,170,2,1,1.5,20,50,1000,0.3,0.7,TRUE,1000,1000,1000,1.5,1000,10,5,118,203,833.39844,-446.5,2482.8438,-953.6992,186.83908,-151.36401,63.054188,56.15764,2.106657,1.4722416,12563.101,40.758476,335.72745,-239.86275,60.169495,2.1143875,6536.967,20.438087,50.847458,337.40366,-236.33192,1.4768984,145.16748,2.0862596
1695,l,FALSE,0.05,09:16,15:10,15:20,1,1.5,4,-100,100,170,2,1,5,20,50,1000,0.3,0.7,TRUE,1000,1000,1000,1.5,1000,10,5,174,425,1474.3984,-606.25,2992.4043,-1854.5977,192.28937,-161.23753,56.470592,48.705883,1.5471368,1.1154112,16320.504,57.23092,499.51392,-331.01453,51.14943,1.5800531,4127.7744,14.702324,43.103447,507.21234,-342.5571,1.1217159,143.84235,0.6509941
1700,l,FALSE,0.05,09:16,15:10,15:20,1,1.5,4,-100,100,170,2,1.5,1000,30,100,1000,0.3,0.7,TRUE,1000,1000,1000,1.5,1000,10,5,81,178,1474.3984,-578.4492,3476.996,-1110.8984,215.63885,-152.94527,57.865166,53.370785,1.9362744,1.4237907,10739.907,39.191826,490.55792,-293.09842,54.320984,1.9903418,5813.3516,21.372318,50.617283,458.4185,-324.54517,1.4478074,151.30899,1.8814743
1701,l,FALSE,0.05,09:16,15:10,15:15,1,1.5,4,-100,100,100,2,1.5,1000,30,175,1000,0.3,0.7,TRUE,1000,1000,1000,1.5,1000,10,5,59,84,1496.75,-469.94922,3888.002,-562.9512,249.24683,-154.45538,57.14286,51.19048,2.151619,1.595601,6403.454,26.093758,410.48108,-183.3499,49.152542,2.1641593,4012.5957,17.68079,47.457626,383.70013,-217.12929,1.5961359,105.45238,3.2337773
1702,l,FALSE,0.05,09:16,15:10,15:15,1,1.5,4,-100,100,100,2,2.5,1000,30,175,1000,0.3,0.7,TRUE,1000,1000,1000,1.5,1000,10,5,23,30,1496.75,-401.1504,3888.002,-401.1504,348.1589,-118.86899,56.666668,53.333336,3.830139,2.7822,4373.4043,15.874603,493.2251,-140.48154,52.173912,3.8301382,3485.373,12.866692,52.173912,453.02377,-177.35565,2.786535,106.433334,3.6922615
1703,l,FALSE,0.05,09:16,15:10,15:15,1,1.5,4,-100,100,100,2,3,1000,30,175,1000,0.3,0.7,TRUE,1000,1000,1000,1.5,1000,10,5,12,16,1496.75,-401.1504,3888.002,-401.1504,482.0047,-128.6707,68.75,62.5,8.241273,6.140174,4658.698,16.328968,662.7565,-160.83838,66.66667,8.241275,4167.1953,14.720813,58.333332,711.12946,-162.14218,6.140174,113.875,6.7375216
1704,l,FALSE,0.05,09:16,15:10,15:15,1,1.5,4,-100,100,100,2,3,1000,30,200,1000,0.3,0.7,TRUE,1000,1000,1000,1.5,1000,10,5,11,15,1496.75,-401.1504,3888.002,-401.1504,496.3251,-130.4707,66.66667,60.000004,7.608225,5.702165,4310.8975,15.32976,709.0358,-163.08838,63.636364,7.6082225,3854.4336,13.822108,54.545456,779.0247,-163.94296,5.702164,112.933334,6.326196
1705,l,FALSE,0.05,09:16,15:10,15:15,1,1.5,4,-100,100,100,2,3.5,1000,30,175,1000,0.3,0.7,TRUE,1000,1000,1000,1.5,1000,10,5,7,9,1358.8008,-401.1504,2391.252,-401.1504,510.84332,-250.6748,77.77778,77.77778,7.1325545,5.9438844,3074.5537,10.602665,715.18066,-250.6748,71.42857,7.1325545,2794.463,9.69737,71.42857,671.9398,-282.61816,5.9438844,120.111115,5.709393
1706,l,FALSE,0.05,09:16,15:10,15:15,1,1.5,4,-100,100,100,2,3.5,1000,30,200,1000,0.3,0.7,TRUE,1000,1000,1000,1.5,1000,10,5,6,8,1358.8008,-401.1504,2391.252,-401.1504,539.5171,-250.6748,75.0,75.0,6.4567766,5.4064846,2735.753,9.6311455,809.27563,-250.6748,66.66667,6.456778,2490.705,8.826337,66.66667,763.98535,-282.61816,5.406486,119.375,5.1965666
1707,l,FALSE,0.05,09:16,15:10,15:15,1,1.5,4,-100,100,50,3,1.5,1000,15,150,175,0.3,0.7,TRUE,1000,1000,1000,1.5,1000,10,5,6,6,341.8496,-78.5,341.8496,-78.5,236.83301,-46.716797,50.0,50.0,5.069547,2.9381115,570.34863,3.0517404,236.83301,-46.716797,50.0,5.069547,427.93652,2.4502203,50.0,216.24577,-73.60026,2.9381115,68.0,4.8536415
1708,l,FALSE,0.05,09:16,15:10,15:15,1,1.5,4,-100,100,50,3,1.5,3.5,15,150,175,0.3,0.7,TRUE,1000,1000,1000,1.5,1000,10,5,5,5,341.8496,-78.5,341.8496,-78.5,236.83301,-52.875,60.000004,60.000004,6.718668,4.1475644,604.749,3.1664004,236.83301,-52.875,60.000004,6.718668,492.32324,2.6648276,60.000004,216.24577,-78.20703,4.1475644,70.6,8.445316
1709,l,FALSE,0.05,09:16,15:10,15:15,1,1.5,4,-100,100,50,3,1.5,1000,20,175,200,0.3,0.7,TRUE,1000,1000,1000,1.5,1000,10,5,6,6,292.04883,-81.54883,292.04883,-81.54883,186.5122,-60.473633,66.66667,66.66667,6.1683826,3.806377,625.10156,2.5029466,186.5122,-60.473633,66.66667,6.1683826,469.55273,1.9016974,66.66667,159.21729,-83.6582,3.806377,78.166664,4.360697
1712,l,FALSE,0.05,09:16,15:10,15:20,1,1.5,4,-100,100,170,2,1,6,20,50,1000,0.3,0.8,TRUE,1000,1000,1000,1.5,1000,10,5,176,449,1474.3984,-606.25,2961.254,-1854.5977,190.61826,-163.42212,56.792873,48.775055,1.5331763,1.106469,16903.762,62.060005,510.4826,-357.86478,52.272724,1.5623218,4042.1895,17.128996,42.613636,536.0632,-358.045,1.1117784,144.48329,0.68172044
1713,l,FALSE,0.05,09:16,15:10,15:20,1,1.5,4,-100,100,170,2,1,5.5,20,50,1000,0.3,0.8,TRUE,1000,1000,1000,1.5,1000,10,5,175,448,1474.3984,-606.25,2961.254,-1854.5977,190.61826,-162.3782,56.91964,48.88393,1.5510278,1.1183066,17268.66,63.042004,510.4826,-357.78003,52.571426,1.5815194,4444.0645,18.210493,42.857143,536.0632,-357.60672,1.1242723,144.54018,0.7573621
1714,l,FALSE,0.05,09:16,15:10,15:20,1,1.5,4,-100,100,170,2,1,5,20,50,1000,0.3,0.8,TRUE,1000,1000,1000,1.5,1000,10,5,175,443,1474.3984,-606.25,2961.254,-1854.5977,189.92073,-160.24242,56.659145,48.53273,1.5494138,1.1139978,16903.559,61.140663,500.29187,-350.88306,52.571426,1.5804135,4212.834,16.810114,42.857143,524.8656,-351.5208,1.1198461,144.65915,0.7019548
1710,l,FALSE,0.05,09:16,15:10,15:15,1,1.5,4,-100,100,50,3,2,1000,20,175,200,0.3,0.7,TRUE,1000,1000,1000,1.5,1000,10,5,3,3,292.04883,47.30078,292.04883,0.0,202.89973,NaN,100.0,100.0,NaN,NaN,608.6992,2.408043,202.89973,NaN,100.0,NaN,522.14844,2.1068397,100.0,174.04948,NaN,NaN,109.0,Infinity
1711,l,FALSE,0.05,09:16,15:10,15:20,1,1.5,4,-100,100,170,2,1,1000,20,50,1000,0.3,0.8,TRUE,1000,1000,1000,1.5,1000,10,5,176,451,1474.3984,-606.25,3476.996,-1854.5977,192.32071,-164.54738,56.76275,48.780487,1.5344064,1.1099428,17147.363,63.246784,517.2919,-362.4225,52.272724,1.5632521,4220.2266,18.11516,42.613636,544.0348,-362.2018,1.1153623,144.52328,0.68995905
1715,l,FALSE,0.05,09:16,15:10,15:20,1,1.5,4,-100,100,170,2,1,2,20,50,1000,0.3,0.8,TRUE,1000,1000,1000,1.5,1000,10,5,145,322,833.39844,-504.10156,2482.8438,-1854.5977,173.8803,-153.6642,60.559006,52.48447,1.737435,1.213761,14391.302,48.960415,419.51816,-294.9254,55.172413,1.7507138,5055.4834,16.735958,44.827587,437.11865,-291.96536,1.216442,143.22981,0.92504025
1716,l,FALSE,0.05,09:16,15:10,15:20,1,1.5,4,-100,100,170,2,1,1000,30,100,1000,0.3,0.8,TRUE,1000,1000,1000,1.5,1000,10,5,112,279,1474.3984,-572.4492,3476.996,-1245.1973,200.69814,-154.91663,59.139782,51.97133,1.8750997,1.3496466,15454.694,54.411903,529.7212,-330.55484,54.464287,1.9167414,7449.8086,26.484806,45.535713,545.87537,-334.2596,1.3653686,148.9319,2.525197
1717,l,FALSE,0.05,09:16,15:10,15:20,1,1.5,4,-100,100,170,2,1,6,30,100,1000,0.3,0.8,TRUE,1000,1000,1000,1.5,1000,10,5,112,278,1474.3984,-572.4492,2850.5469,-1245.1973,198.10208,-154.91663,58.9928,51.798557,1.8396276,1.321586,14828.245,52.195343,519.45154,-330.55484,54.464287,1.8795817,6851.9355,24.369364,45.535713,534.1524,-334.2596,1.3360466,148.77338,2.3235002
1718,l,FALSE,0.05,09:16,15:10,15:20,1,1.5,4,-100,100,170,2,1,1.5,20,50,1000,0.3,0.8,TRUE,1000,1000,1000,1.5,1000,10,5,122,208,833.39844,-446.5,2482.8438,-953.6992,186.15685,-151.69011,63.461536,56.25,2.1314838,1.4906054,13044.254,43.388203,330.99933,-238.53534,60.65574,2.1392665,6897.839,22.566498,51.639343,330.4721,-235.96446,1.4954666,145.67308,2.2719438
1719,l,FALSE,0.05,09:16,15:10,15:20,1,1.5,4,-100,100,170,2,1.5,1000,30,100,1000,0.3,0.8,TRUE,1000,1000,1000,1.5,1000,10,5,81,188,1474.3984,-572.4492,3476.996,-1378.3984,208.01321,-157.10704,58.510635,52.12766,1.8672106,1.3676463,10627.105,39.65982,493.66336,-321.88187,55.555557,1.9170985,5399.494,20.840069,49.382717,482.719,-339.25037,1.3881942,150.79256,1.8492892
1720,l,FALSE,0.05,09:16,15:10,15:15,1,1.5,4,-100,100,100,2,1.5,1000,30,175,1000,0.3,0.8,TRUE,1000,1000,1000,1.5,1000,10,5,59,87,1496.75,-469.94922,3888.002,-562.9512,244.93597,-151.48372,57.471264,50.574715,2.1850173,1.6097925,6641.9014,26.858618,419.90866,-184.515,49.152542,2.1998847,4163.5537,18.145273,45.76271,407.0399,-213.32886,1.6099082,105.29885,3.1552832
1721,l,FALSE,0.05,09:16,15:10,15:15,1,1.5,4,-100,100,100,2,2.5,1000,30,175,1000,0.3,0.8,TRUE,1000,1000,1000,1.5,1000,10,5,23,31,1496.75,-401.1504,3888.002,-401.1504,334.44455,-118.86899,58.064514,54.83871,3.8956926,2.8179867,4474.705,16.278608,501.66684,-140.48154,52.173912,3.8956926,3555.3604,13.170509,52.173912,458.85605,-177.35565,2.8224092,106.03226,3.7794456
1722,l,FALSE,0.05,09:16,15:10,15:15,1,1.5,4,-100,100,100,2,3,1000,30,175,1000,0.3,0.8,TRUE,1000,1000,1000,1.5,1000,10,5,12,16,1496.75,-401.1504,3888.002,-401.1504,480.3774,-128.6707,68.75,62.5,8.21345,6.118086,4640.798,16.351547,660.5189,-160.83838,66.66667,8.213451,4149.288,14.743387,58.333332,708.5713,-162.14218,6.118086,114.125,6.7478538
1723,l,FALSE,0.05,09:16,15:10,15:15,1,1.5,4,-100,100,100,2,3,1000,30,200,1000,0.3,0.8,TRUE,1000,1000,1000,1.5,1000,10,5,11,15,1496.75,-401.1504,3888.002,-401.1504,494.53506,-130.4707,66.66667,60.000004,7.5807853,5.680319,4292.997,15.352339,706.47864,-163.08838,63.636364,7.580783,3836.5264,13.844683,54.545456,776.0402,-163.94296,5.680319,113.2,6.3365283
1724,l,FALSE,0.05,09:16,15:10,15:15,1,1.5,4,-100,100,100,2,3.5,1000,30,175,1000,0.3,0.8,TRUE,1000,1000,1000,1.5,1000,10,5,7,9,1358.8008,-401.1504,2391.252,-401.1504,513.222,-250.6748,77.77778,77.77778,7.1657662,5.973357,3091.204,10.715469,718.51074,-250.6748,71.42857,7.165766,2811.122,9.810122,71.42857,675.27167,-282.61816,5.9733577,120.333336,5.7757764
1728,l,FALSE,0.05,09:16,15:10,15:15,1,1.5,4,-100,100,50,3,1.5,1000,20,175,200,0.3,0.8,TRUE,1000,1000,1000,1.5,1000,10,5,6,6,292.04883,-81.54883,292.04883,-81.54883,186.5122,-60.473633,66.66667,66.66667,6.1683826,3.806377,625.10156,2.5029466,186.5122,-60.473633,66.66667,6.1683826,469.55273,1.9016974,66.66667,159.21729,-83.6582,3.806377,78.166664,4.360697
1729,l,FALSE,0.05,09:16,15:10,15:15,1,1.5,4,-100,100,50,3,2,1000,20,175,200,0.3,0.8,TRUE,1000,1000,1000,1.5,1000,10,5,3,3,292.04883,47.30078,292.04883,0.0,202.89973,NaN,100.0,100.0,NaN,NaN,608.6992,2.408043,202.89973,NaN,100.0,NaN,522.14844,2.1068397,100.0,174.04948,NaN,NaN,109.0,Infinity
1725,l,FALSE,0.05,09:16,15:10,15:15,1,1.5,4,-100,100,100,2,3.5,1000,30,200,1000,0.3,0.8,TRUE,1000,1000,1000,1.5,1000,10,5,6,8,1358.8008,-401.1504,2391.252,-401.1504,542.2922,-250.6748,75.0,75.0,6.4899883,5.4359574,2752.4033,9.74395,813.43823,-250.6748,66.66667,6.4899893,2507.3643,8.939089,66.66667,768.15015,-282.61816,5.435959,119.625,5.26295
1726,l,FALSE,0.05,09:16,15:10,15:15,1,1.5,4,-100,100,50,3,1.5,1000,15,150,175,0.3,0.8,TRUE,1000,1000,1000,1.5,1000,10,5,6,6,341.8496,-78.5,341.8496,-78.5,236.83301,-46.716797,50.0,50.0,5.069547,2.9381115,570.34863,3.0517404,236.83301,-46.716797,50.0,5.069547,427.93652,2.4502203,50.0,216.24577,-73.60026,2.9381115,68.0,4.8536415
1727,l,FALSE,0.05,09:16,15:10,15:15,1,1.5,4,-100,100,50,3,1.5,3.5,15,150,175,0.3,0.8,TRUE,1000,1000,1000,1.5,1000,10,5,5,5,341.8496,-78.5,341.8496,-78.5,236.83301,-52.875,60.000004,60.000004,6.718668,4.1475644,604.749,3.1664004,236.83301,-52.875,60.000004,6.718668,492.32324,2.6648276,60.000004,216.24577,-78.20703,4.1475644,70.6,8.445316
1730,l,FALSE,0.05,09:16,15:10,15:20,1,1.5,4,-100,100,170,2,1,1000,20,50,1000,0.3,0.9,TRUE,1000,1000,1000,1.5,1000,10,5,176,465,1474.3984,-606.25,5480.295,-1854.5977,200.06706,-163.98032,56.129032,48.60215,1.5609688,1.136099,18765.516,69.391045,554.6747,-373.0574,51.704544,1.5917877,5440.741,22.856367,42.613636,580.51044,-377.20337,1.1428108,145.14839,0.831761
1731,l,FALSE,0.05,09:16,15:10,15:20,1,1.5,4,-100,100,170,2,1,6,20,50,1000,0.3,0.9,TRUE,1000,1000,1000,1.5,1000,10,5,176,463,1474.3984,-606.25,4924.5957,-1854.5977,198.69923,-162.71866,56.15551,48.59611,1.5639981,1.1359022,18629.914,68.55858,548.56805,-368.11508,51.704544,1.5953991,5370.755,22.224333,42.613636,573.48254,-372.6776,1.1426857,145.10799,0.84660274
1732,l,FALSE,0.05,09:16,15:10,15:20,1,1.5,4,-100,100,170,2,1,5.5,20,50,1000,0.3,0.9,TRUE,1000,1000,1000,1.5,1000,10,5,175,461,1474.3984,-606.25,4081.246,-1854.5977,196.21025,-161.73979,56.182213,48.590023,1.55544,1.1266123,18147.016,66.52162,539.3005,-368.20633,52.0,1.586725,4953.3,20.388395,42.857143,562.6175,-372.43015,1.1329993,145.03471,0.80965626
1733,l,FALSE,0.05,09:16,15:10,15:20,1,1.5,4,-100,100,170,2,1,5,20,50,1000,0.3,0.9,TRUE,1000,1000,1000,1.5,1000,10,5,175,457,1474.3984,-606.25,4081.246,-1854.5977,195.1877,-159.84497,56.017506,48.358864,1.5552398,1.1236125,17839.21,65.12451,529.95544,-361.74683,52.0,1.5870725,4764.409,19.391977,42.857143,552.3826,-366.64294,1.1299467,145.19475,0.7705877
1734,l,FALSE,0.05,09:16,15:10,15:20,1,1.5,4,-100,100,170,2,1,2,20,50,1000,0.3,0.9,TRUE,1000,1000,1000,1.5,1000,10,5,146,328,833.39844,-526.60156,2482.8438,-1854.5977,176.85155,-152.0602,59.7561,52.134144,1.7269331,1.2098486,14590.955,49.429188,434.2968,-294.3059,54.109592,1.739963,5100.7207,16.60452,44.52055,448.12808,-296.63712,1.2122859,144.2561,0.9166094
1735,l,FALSE,0.05,09:16,15:10,15:20,1,1.5,4,-100,100,170,2,1,1000,30,100,1000,0.3,0.9,TRUE,1000,1000,1000,1.5,1000,10,5,112,291,1474.3984,-542.59766,6031.994,-1245.1973,212.82408,-155.4701,59.10653,52.577316,1.9785881,1.4376963,18104.8,64.076836,585.5794,-345.4028,54.464287,2.0277743,9755.314,34.944878,45.535713,608.7044,-348.9936,1.4582411,150.05154,3.0412686
1736,l,FALSE,0.05,09:16,15:10,15:20,1,1.5,4,-100,100,170,2,1,6,30,100,1000,0.3,0.9,TRUE,1000,1000,1000,1.5,1000,10,5,112,289,1474.3984,-542.59766,4924.5957,-1245.1973,208.81378,-155.4701,58.823532,52.249134,1.9187319,1.3905779,16997.402,60.16859,567.4254,-345.4028,54.464287,1.9649098,8705.141,31.238588,45.535713,588.1128,-348.9936,1.4089108,149.76471,2.7187083
1737,l,FALSE,0.05,09:16,15:10,15:20,1,1.5,4,-100,100,170,2,1,1.5,20,50,1000,0.3,0.9,TRUE,1000,1000,1000,1.5,1000,10,5,125,215,833.39844,-446.5,2482.8438,-953.6992,184.10518,-151.54619,63.255817,55.813957,2.0913796,1.4607558,13066.155,44.090298,328.41513,-242.72238,60.8,2.0986056,6726.3047,22.568245,51.2,331.0434,-237.05692,1.4651513,145.85582,2.2755256
1738,l,FALSE,0.05,09:16,15:10,15:20,1,1.5,4,-100,100,170,2,1.5,1000,30,100,1000,0.3,0.9,TRUE,1000,1000,1000,1.5,1000,10,5,81,198,1474.3984,-542.59766,6031.994,-1378.3984,222.25475,-157.51517,58.585857,52.525253,1.9960563,1.4758971,12865.309,48.22403,556.2611,-337.95673,55.555557,2.0574422,7359.955,28.399967,49.382717,548.9667,-356.06616,1.504151,151.34343,2.4497328
1739,l,FALSE,0.05,09:16,15:10,15:15,1,1.5,4,-100,100,100,2,1.5,1000,30,175,1000,0.3,0.9,TRUE,1000,1000,1000,1.5,1000,10,5,59,90,1496.75,-469.94922,4926.6016,-562.9512,263.68408,-151.046,58.88889,52.22222,2.5006266,1.8530021,8386.554,32.50653,479.51065,-183.97516,49.152542,2.5195084,5810.331,23.490364,45.76271,467.43167,-212.82263,1.853165,106.155556,4.0847416
1744,l,FALSE,0.05,09:16,15:10,15:15,1,1.5,4,-100,100,100,2,3.5,1000,30,200,1000,0.3,0.9,TRUE,1000,1000,1000,1.5,1000,10,5,6,9,1358.8008,-401.1504,3429.8516,-401.1504,613.19324,-250.6748,77.77778,77.77778,8.561596,7.223005,3791.003,13.456461,1073.0881,-250.6748,66.66667,8.561598,3517.4678,12.549748,66.66667,1020.676,-282.61816,7.223006,129.33333,7.3887506
1740,l,FALSE,0.05,09:16,15:10,15:15,1,1.5,4,-100,100,100,2,2.5,1000,30,175,1000,0.3,0.9,TRUE,1000,1000,1000,1.5,1000,10,5,23,33,1496.75,-401.1504,4926.6016,-401.1504,373.81268,-117.6232,60.606064,57.575756,4.8893123,3.5580127,5947.1523,21.153706,623.0212,-139.00923,52.173912,4.8893113,4961.161,17.843153,52.173912,574.6562,-175.883,3.564288,108.606064,5.120319
1741,l,FALSE,0.05,09:16,15:10,15:15,1,1.5,4,-100,100,100,2,3,1000,30,175,1000,0.3,0.9,TRUE,1000,1000,1000,1.5,1000,10,5,12,17,1496.75,-401.1504,4926.6016,-401.1504,534.32526,-128.6707,70.588234,64.70589,9.966375,7.4740567,5768.55,20.297499,801.4879,-160.83838,66.66667,9.966378,5248.587,18.587366,58.333332,865.61395,-162.14218,7.474055,119.70588,8.507192
1742,l,FALSE,0.05,09:16,15:10,15:15,1,1.5,4,-100,100,100,2,3,1000,30,200,1000,0.3,0.9,TRUE,1000,1000,1000,1.5,1000,10,5,11,16,1496.75,-401.1504,4926.6016,-401.1504,552.1002,-130.4707,68.75,62.5,9.309527,7.021393,5420.749,19.298292,867.58606,-163.08838,63.636364,9.309526,4935.825,17.688662,54.545456,959.25665,-163.94296,7.0213933,119.1875,8.095867
1743,l,FALSE,0.05,09:16,15:10,15:15,1,1.5,4,-100,100,100,2,3.5,1000,30,175,1000,0.3,0.9,TRUE,1000,1000,1000,1.5,1000,10,5,7,10,1358.8008,-401.1504,3429.8516,-401.1504,578.89417,-250.6748,80.0,80.0,9.237373,7.760403,4129.8037,14.42798,926.23065,-250.6748,71.42857,9.237373,3821.2256,13.420781,71.42857,877.29236,-282.61816,7.760404,129.0,7.901577
1745,l,FALSE,0.05,09:16,15:10,15:15,1,1.5,4,-100,100,50,3,1.5,1000,15,150,175,0.3,0.9,TRUE,1000,1000,1000,1.5,1000,10,5,6,6,341.8496,-78.5,341.8496,-78.5,236.83301,-46.716797,50.0,50.0,5.069547,2.9381115,570.34863,3.0517404,236.83301,-46.716797,50.0,5.069547,427.93652,2.4502203,50.0,216.24577,-73.60026,2.9381115,68.0,4.8536415
1746,l,FALSE,0.05,09:16,15:10,15:15,1,1.5,4,-100,100,50,3,1.5,3.5,15,150,175,0.3,0.9,TRUE,1000,1000,1000,1.5,1000,10,5,5,5,341.8496,-78.5,341.8496,-78.5,236.83301,-52.875,60.000004,60.000004,6.718668,4.1475644,604.749,3.1664004,236.83301,-52.875,60.000004,6.718668,492.32324,2.6648276,60.000004,216.24577,-78.20703,4.1475644,70.6,8.445316
1747,l,FALSE,0.05,09:16,15:10,15:15,1,1.5,4,-100,100,50,3,1.5,1000,20,175,200,0.3,0.9,TRUE,1000,1000,1000,1.5,1000,10,5,7,7,292.04883,-81.54883,292.04883,-81.54883,155.87968,-60.473633,71.42857,71.42857,6.4441185,3.9058554,658.4512,2.7027931,155.87968,-60.473633,71.42857,6.4441185,486.19727,2.0014393,71.42857,130.70273,-83.6582,3.9058554,76.0,4.589411
1748,l,FALSE,0.05,09:16,15:10,15:15,1,1.5,4,-100,100,50,3,2,1000,20,175,200,0.3,0.9,TRUE,1000,1000,1000,1.5,1000,10,5,4,4,292.04883,33.34961,292.04883,0.0,160.5122,NaN,100.0,100.0,NaN,NaN,642.0488,2.6078897,160.5122,NaN,100.0,NaN,538.79297,2.2065816,100.0,134.69824,NaN,NaN,97.5,Infinity
1749,l,FALSE,0.05,09:16,15:10,15:20,1,1.5,4,-100,100,170,2,1,1000,20,50,1000,0.3,1,TRUE,1000,1000,1000,1.5,1000,10,5,176,475,1474.3984,-606.25,6339.9434,-1854.5977,201.69798,-165.6701,56.210526,48.42105,1.562807,1.1399794,19393.977,72.74933,575.5867,-376.8468,51.136364,1.5984166,5764.8926,25.212996,43.18182,589.40753,-390.30078,1.147704,145.55579,0.83197147
1750,l,FALSE,0.05,09:16,15:10,15:20,1,1.5,4,-100,100,170,2,1,6,20,50,1000,0.3,1,TRUE,1000,1000,1000,1.5,1000,10,5,176,473,1474.3984,-606.25,5784.244,-1854.5977,200.36714,-164.51996,56.236786,48.414375,1.5650175,1.1393741,19242.027,71.87341,569.4122,-372.15204,51.136364,1.6012179,5678.551,24.537527,43.18182,582.47217,-385.8933,1.1471535,145.51585,0.8426274
1751,l,FALSE,0.05,09:16,15:10,15:20,1,1.5,4,-100,100,170,2,1,5.5,20,50,1000,0.3,1,TRUE,1000,1000,1000,1.5,1000,10,5,175,471,1474.3984,-606.25,4979.3945,-1854.5977,198.08607,-163.51448,56.263268,48.407642,1.5583907,1.1316694,18808.824,70.00751,560.4695,-372.15796,51.428574,1.5945872,5310.8164,22.872553,43.42857,572.25684,-385.66367,1.1390967,145.44586,0.8162709
1752,l,FALSE,0.05,09:16,15:10,15:20,1,1.5,4,-100,100,170,2,1,5,20,50,1000,0.3,1,TRUE,1000,1000,1000,1.5,1000,10,5,175,467,1474.3984,-606.25,4081.246,-1854.5977,195.70137,-161.49042,56.102783,48.17987,1.548797,1.1204623,18168.225,67.12826,546.9245,-365.35266,51.428574,1.5850345,4784.756,20.394743,43.42857,557.2483,-379.4557,1.1273688,145.4197,0.7744688
1753,l,FALSE,0.05,09:16,15:10,15:20,1,1.5,4,-100,100,170,2,1,2,20,50,1000,0.3,1,TRUE,1000,1000,1000,1.5,1000,10,5,149,334,833.39844,-526.60156,2482.8438,-1854.5977,176.1384,-152.02652,60.47904,52.395206,1.7730135,1.2406121,15512.457,52.93976,429.46893,-294.0895,55.033558,1.7872746,5853.549,19.513313,44.966446,446.3019,-293.27658,1.2434044,144.73653,1.0755687
1754,l,FALSE,0.05,09:16,15:10,15:20,1,1.5,4,-100,100,170,2,1,1000,30,100,1000,0.3,1,TRUE,1000,1000,1000,1.5,1000,10,5,112,298,1474.3984,-578.4492,6891.6426,-1815.8945,215.93776,-158.12737,59.060402,52.348995,1.9700371,1.4360651,18713.508,67.06618,613.68744,-348.22574,53.571426,2.0334535,10138.291,37.23277,46.42857,617.23145,-365.96237,1.4617182,150.16443,3.2460852
1755,l,FALSE,0.05,09:16,15:10,15:20,1,1.5,4,-100,100,170,2,1,6,30,100,1000,0.3,1,TRUE,1000,1000,1000,1.5,1000,10,5,112,296,1474.3984,-578.4492,5784.244,-1815.8945,212.05545,-158.12737,58.783783,52.027027,1.9126337,1.3908951,17606.11,63.157936,595.2308,-348.22574,53.571426,1.9722973,9088.117,33.526474,46.42857,597.03577,-365.96237,1.4138912,149.88513,2.9229572
1756,l,FALSE,0.05,09:16,15:10,15:20,1,1.5,4,-100,100,170,2,1,1.5,20,50,1000,0.3,1,TRUE,1000,1000,1000,1.5,1000,10,5,126,217,833.39844,-446.5,2482.8438,-953.6992,182.8781,-153.4282,64.0553,56.2212,2.1241086,1.4842504,13452.654,45.796444,328.9773,-242.42036,61.11111,2.1325119,7062.122,24.073536,51.587303,330.88904,-236.81418,1.488875,146.42397,2.4273021
1757,l,FALSE,0.05,09:16,15:10,15:20,1,1.5,4,-100,100,170,2,1.5,1000,30,100,1000,0.3,1,TRUE,1000,1000,1000,1.5,1000,10,5,81,203,1474.3984,-578.4492,6891.6426,-1815.8945,228.37291,-161.25696,58.12808,51.724136,1.9660258,1.4607571,13241.162,50.041203,588.63184,-342.12534,54.320984,2.0460176,7560.836,29.716267,50.617283,556.7971,-381.69614,1.495213,151.04434,2.5677433
1758,l,FALSE,0.05,09:16,15:10,15:15,1,1.5,4,-100,100,100,2,1.5,1000,30,175,1000,0.3,1,TRUE,1000,1000,1000,1.5,1000,10,5,59,90,1496.75,-469.94922,4926.6016,-562.9512,264.03125,-152.11089,58.88889,52.22222,2.4863896,1.8465002,8365.554,32.42093,480.14514,-185.28851,49.152542,2.5049598,5789.282,23.40481,45.76271,467.60593,-213.62744,1.8468717,106.18889,3.965375
1759,l,FALSE,0.05,09:16,15:10,15:15,1,1.5,4,-100,100,100,2,2.5,1000,30,175,1000,0.3,1,TRUE,1000,1000,1000,1.5,1000,10,5,23,33,1496.75,-440.55078,4926.6016,-440.55078,373.81268,-120.654,60.606064,57.575756,4.766494,3.4870703,5907.752,21.002087,623.0212,-142.59108,52.173912,4.766493,4921.704,17.691618,52.173912,574.6562,-179.46999,3.4930499,108.51515,4.8652687
1760,l,FALSE,0.05,09:16,15:10,15:15,1,1.5,4,-100,100,100,2,3,1000,30,175,1000,0.3,1,TRUE,1000,1000,1000,1.5,1000,10,5,12,17,1496.75,-440.55078,4926.6016,-440.55078,534.32526,-136.55078,70.588234,64.70589,9.391235,7.127179,5729.1494,20.145882,801.4879,-170.68848,66.66667,9.391238,5209.13,18.435831,58.333332,865.61395,-170.0336,7.1271772,119.52941,7.8905807
1761,l,FALSE,0.05,09:16,15:10,15:15,1,1.5,4,-100,100,100,2,3,1000,30,200,1000,0.3,1,TRUE,1000,1000,1000,1.5,1000,10,5,11,16,1496.75,-440.55078,4926.6016,-440.55078,552.1002,-138.35078,68.75,62.5,8.779282,6.698939,5381.3486,19.146675,867.58606,-172.93848,63.636364,8.779282,4896.368,17.537127,54.545456,959.25665,-171.83438,6.698939,119.0,7.505933
1762,l,FALSE,0.05,09:16,15:10,15:15,1,1.5,4,-100,100,100,2,3.5,1000,30,175,1000,0.3,1,TRUE,1000,1000,1000,1.5,1000,10,5,7,10,1358.8008,-440.55078,3429.8516,-440.55078,578.89417,-270.375,80.0,80.0,8.564315,7.254027,4090.4033,14.276362,926.23065,-270.375,71.42857,8.564316,3781.7686,13.269247,71.42857,877.29236,-302.34668,7.2540274,128.7,7.172457
1763,l,FALSE,0.05,09:16,15:10,15:15,1,1.5,4,-100,100,100,2,3.5,1000,30,200,1000,0.3,1,TRUE,1000,1000,1000,1.5,1000,10,5,6,9,1358.8008,-440.55078,3429.8516,-440.55078,613.19324,-270.375,77.77778,77.77778,7.9377775,6.751694,3751.6025,13.304843,1073.0881,-270.375,66.66667,7.937778,3478.0107,12.398214,66.66667,1020.676,-302.34668,6.7516947,129.0,6.701636
1764,l,FALSE,0.05,09:16,15:10,15:15,1,1.5,4,-100,100,50,3,1.5,1000,15,150,175,0.3,1,TRUE,1000,1000,1000,1.5,1000,10,5,6,6,341.8496,-78.5,341.8496,-78.5,236.83301,-46.716797,50.0,50.0,5.069547,2.9381115,570.34863,3.0517404,236.83301,-46.716797,50.0,5.069547,427.93652,2.4502203,50.0,216.24577,-73.60026,2.9381115,68.0,4.8536415
1765,l,FALSE,0.05,09:16,15:10,15:15,1,1.5,4,-100,100,50,3,1.5,3.5,15,150,175,0.3,1,TRUE,1000,1000,1000,1.5,1000,10,5,5,5,341.8496,-78.5,341.8496,-78.5,236.83301,-52.875,60.000004,60.000004,6.718668,4.1475644,604.749,3.1664004,236.83301,-52.875,60.000004,6.718668,492.32324,2.6648276,60.000004,216.24577,-78.20703,4.1475644,70.6,8.445316
1766,l,FALSE,0.05,09:16,15:10,15:15,1,1.5,4,-100,100,50,3,1.5,1000,20,175,200,0.3,1,TRUE,1000,1000,1000,1.5,1000,10,5,7,7,292.04883,-81.54883,292.04883,-81.54883,155.87968,-60.473633,71.42857,71.42857,6.4441185,3.9058554,658.4512,2.7027931,155.87968,-60.473633,71.42857,6.4441185,486.19727,2.0014393,71.42857,130.70273,-83.6582,3.9058554,76.0,4.589411
1767,l,FALSE,0.05,09:16,15:10,15:15,1,1.5,4,-100,100,50,3,2,1000,20,175,200,0.3,1,TRUE,1000,1000,1000,1.5,1000,10,5,4,4,292.04883,33.34961,292.04883,0.0,160.5122,NaN,100.0,100.0,NaN,NaN,642.0488,2.6078897,160.5122,NaN,100.0,NaN,538.79297,2.2065816,100.0,134.69824,NaN,NaN,97.5,Infinity
1768,l,FALSE,0.05,09:16,15:10,15:20,1,1.5,4,-100,100,170,2,1,1000,20,50,1000,0.35,0.4,TRUE,1000,1000,1000,1.5,1000,10,5,125,177,847.9492,-562.5508,2066.9531,-810.4492,194.81525,-155.80238,57.06215,50.847458,1.6617156,1.1853648,7835.3584,27.955196,290.25217,-191.88617,52.8,1.6920909,2643.3252,10.241238,43.2,303.83768,-193.85786,1.1920477,136.8305,0.9114591
1769,l,FALSE,0.05,09:16,15:10,15:20,1,1.5,4,-100,100,170,2,1,6,20,50,1000,0.35,0.4,TRUE,1000,1000,1000,1.5,1000,10,5,124,176,847.9492,-562.5508,2066.9531,-810.4492,194.81525,-152.99043,57.386364,51.136364,1.7148211,1.219898,8202.058,28.941978,290.25217,-188.87216,53.22581,1.7487332,3047.005,11.327538,43.548386,303.83768,-190.86041,1.2280653,136.96591,1.1160364
1770,l,FALSE,0.05,09:16,15:10,15:20,1,1.5,4,-100,100,170,2,1,5.5,20,50,1000,0.35,0.4,TRUE,1000,1000,1000,1.5,1000,10,5,124,176,847.9492,-562.5508,2066.9531,-810.4492,194.81525,-152.99043,57.386364,51.136364,1.7148211,1.219898,8202.058,28.941978,290.25217,-188.87216,53.22581,1.7487332,3047.005,11.327538,43.548386,303.83768,-190.86041,1.2280653,136.96591,1.1160364
1771,l,FALSE,0.05,09:16,15:10,15:20,1,1.5,4,-100,100,170,2,1,5,20,50,1000,0.35,0.4,TRUE,1000,1000,1000,1.5,1000,10,5,123,175,847.9492,-562.5508,2066.9531,-810.4492,195.94641,-152.99043,57.14286,50.857143,1.707701,1.2150806,8120.3584,28.393856,293.46066,-188.87216,52.845528,1.7412747,2980.251,10.879681,43.08943,308.31094,-190.86041,1.223069,136.83429,1.0719117
1772,l,FALSE,0.05,09:16,15:10,15:20,1,1.5,4,-100,100,170,2,1,2,20,50,1000,0.35,0.4,TRUE,1000,1000,1000,1.5,1000,10,5,92,124,847.9492,-373.64844,1570.8555,-549.9453,184.97908,-143.66147,62.096775,54.83871,2.109479,1.4583573,7491.3,25.503685,265.65738,-168.93698,57.608692,2.137019,3797.1738,13.090944,46.739132,277.76508,-166.25969,1.4660983,133.78226,1.7739891
1773,l,FALSE,0.05,09:16,15:10,15:20,1,1.5,4,-100,100,170,2,1,1000,30,100,1000,0.35,0.4,TRUE,1000,1000,1000,1.5,1000,10,5,76,107,847.9492,-360.95117,1218.2031,-451.3496,191.29337,-147.2182,57.009346,51.40187,1.7230997,1.2155755,4896.8584,16.17624,275.8219,-183.19542,53.947372,1.7637216,1768.6826,5.468211,47.368423,267.41544,-196.45683,1.2250729,138.41121,0.8711095
1774,l,FALSE,0.05,09:16,15:10,15:20,1,1.5,4,-100,100,170,2,1,6,30,100,1000,0.35,0.4,TRUE,1000,1000,1000,1.5,1000,10,5,76,107,847.9492,-360.95117,1218.2031,-451.3496,191.29337,-147.2182,57.009346,51.40187,1.7230997,1.2155755,4896.8584,16.17624,275.8219,-183.19542,53.947372,1.7637216,1768.6826,5.468211,47.368423,267.41544,-196.45683,1.2250729,138.41121,0.8711095
1776,l,FALSE,0.05,09:16,15:10,15:20,1,1.5,4,-100,100,170,2,1.5,1000,30,100,1000,0.35,0.4,TRUE,1000,1000,1000,1.5,1000,10,5,52,70,631.5508,-369.0996,1218.2031,-451.3496,209.64091,-142.156,54.285717,50.0,1.7512352,1.2594228,3417.3623,11.958425,265.05365,-185.6171,55.76923,1.8004702,1432.125,4.9524956,50.0,255.865,-200.78328,1.2743342,143.11429,0.6118276
1777,l,FALSE,0.05,09:16,15:10,15:15,1,1.5,4,-100,100,100,2,1.5,1000,30,175,1000,0.35,0.4,TRUE,1000,1000,1000,1.5,1000,10,5,33,39,1358.8008,-414.94922,2359.0508,-537.3496,259.62833,-131.39355,58.97436,53.846157,2.840442,2.0471203,3869.1543,16.535046,328.98892,-136.8431,54.545456,2.884959,2777.0312,12.626814,51.515152,318.87292,-165.23804,2.0503905,113.69231,3.2227175
1778,l,FALSE,0.05,09:16,15:10,15:15,1,1.5,4,-100,100,100,2,2.5,1000,30,175,1000,0.35,0.4,TRUE,1000,1000,1000,1.5,1000,10,5,12,13,1358.8008,-221.80078,2359.0508,-221.80078,489.75034,-83.57868,46.153847,46.153847,5.0226445,3.475216,2353.4512,8.961094,587.7004,-83.57868,41.666664,5.0226436,1987.5596,7.656623,41.666664,558.10876,-114.71205,3.4752152,112.84615,4.241484
1779,l,FALSE,0.05,09:16,15:10,15:15,1,1.5,4,-100,100,100,2,3,1000,30,175,1000,0.35,0.4,TRUE,1000,1000,1000,1.5,1000,10,5,6,7,1358.8008,-60.402344,2359.0508,-60.402344,524.2801,-46.67578,71.42857,71.42857,28.080952,15.179545,2528.0488,9.572687,655.3501,-46.67578,66.66667,28.080956,2336.7998,8.867908,66.66667,625.40015,-82.40039,15.179547,127.14286,19.441338
1775,l,FALSE,0.05,09:16,15:10,15:20,1,1.5,4,-100,100,170,2,1,1.5,20,50,1000,0.35,0.4,TRUE,1000,1000,1000,1.5,1000,10,5,69,86,847.9492,-373.64844,1236.3516,-549.9453,193.31737,-174.39618,66.27907,60.465115,2.1787667,1.5564661,5961.6006,20.35452,262.35928,-187.31442,60.869564,2.1787667,3354.7393,11.7443695,55.072464,245.86444,-193.16483,1.5602335,132.31395,1.827118
1780,l,FALSE,0.05,09:16,15:10,15:15,1,1.5,4,-100,100,100,2,3,1000,30,200,1000,0.35,0.4,TRUE,1000,1000,1000,1.5,1000,10,5,6,7,1358.8008,-60.402344,2359.0508,-60.402344,524.2801,-46.67578,71.42857,71.42857,28.080952,15.179545,2528.0488,9.572687,655.3501,-46.67578,66.66667,28.080956,2336.7998,8.867908,66.66667,625.40015,-82.40039,15.179547,127.14286,19.441338
1781,l,FALSE,0.05,09:16,15:10,15:15,1,1.5,4,-100,100,100,2,3.5,1000,30,175,1000,0.35,0.4,TRUE,1000,1000,1000,1.5,1000,10,5,3,4,1358.8008,-100.19922,2359.0508,-100.19922,828.4336,-100.19922,75.0,75.0,24.803596,17.33802,2385.1016,9.07504,1242.6504,-100.19922,66.66667,24.8036,2274.3037,8.670505,66.66667,1206.7534,-139.20312,17.338026,158.25,24.325052
1782,l,FALSE,0.05,09:16,15:10,15:15,1,1.5,4,-100,100,100,2,3.5,1000,30,200,1000,0.35,0.4,TRUE,1000,1000,1000,1.5,1000,10,5,3,4,1358.8008,-100.19922,2359.0508,-100.19922,828.4336,-100.19922,75.0,75.0,24.803596,17.33802,2385.1016,9.07504,1242.6504,-100.19922,66.66667,24.8036,2274.3037,8.670505,66.66667,1206.7534,-139.20312,17.338026,158.25,24.325052
1783,l,FALSE,0.05,09:16,15:10,15:15,1,1.5,4,-100,100,50,3,1.5,1000,15,150,175,0.35,0.4,TRUE,1000,1000,1000,1.5,1000,10,5,2,2,341.8496,-27.25,341.8496,-27.25,341.8496,-27.25,50.0,50.0,12.54494,7.655762,314.5996,1.2615075,341.8496,-27.25,50.0,12.54494,276.57812,1.0608809,50.0,318.1328,-41.554688,7.655762,49.5,Infinity
1784,l,FALSE,0.05,09:16,15:10,15:15,1,1.5,4,-100,100,50,3,1.5,3.5,15,150,175,0.35,0.4,TRUE,1000,1000,1000,1.5,1000,10,5,2,2,341.8496,-27.25,341.8496,-27.25,341.8496,-27.25,50.0,50.0,12.54494,7.655762,314.5996,1.2615075,341.8496,-27.25,50.0,12.54494,276.57812,1.0608809,50.0,318.1328,-41.554688,7.655762,49.5,Infinity
1785,l,FALSE,0.05,09:16,15:10,15:15,1,1.5,4,-100,100,50,3,1.5,1000,20,175,200,0.35,0.4,TRUE,1000,1000,1000,1.5,1000,10,5,2,2,292.04883,269.3496,292.04883,0.0,280.69922,NaN,100.0,100.0,NaN,NaN,561.39844,2.2781744,280.69922,NaN,100.0,NaN,511.29297,2.077035,100.0,255.64648,NaN,NaN,126.0,Infinity
1786,l,FALSE,0.05,09:16,15:10,15:15,1,1.5,4,-100,100,50,3,2,1000,20,175,200,0.35,0.4,TRUE,1000,1000,1000,1.5,1000,10,5,2,2,292.04883,269.3496,292.04883,0.0,280.69922,NaN,100.0,100.0,NaN,NaN,561.39844,2.2781744,280.69922,NaN,100.0,NaN,511.29297,2.077035,100.0,255.64648,NaN,NaN,126.0,Infinity
1787,l,FALSE,0.05,09:16,15:10,15:20,1,1.5,4,-100,100,170,2,1,1000,20,50,1000,0.35,0.45,TRUE,1000,1000,1000,1.5,1000,10,5,149,240,833.39844,-562.5508,2222.207,-1095.1484,193.24304,-159.04314,57.083332,50.0,1.616115,1.1612635,10092.855,34.387096,332.1968,-222.7957,52.348995,1.6380417,3164.9395,10.369829,44.295303,335.7812,-228.87495,1.1666054,138.54167,0.7873507
1788,l,FALSE,0.05,09:16,15:10,15:20,1,1.5,4,-100,100,170,2,1,6,20,50,1000,0.35,0.45,TRUE,1000,1000,1000,1.5,1000,10,5,147,238,833.39844,-562.5508,2222.207,-1095.1484,190.27536,-157.00728,57.14286,50.0,1.6158519,1.1560882,9862.705,33.264267,328.75974,-220.73994,52.380955,1.6382887,3000.3613,9.447572,44.21769,332.20462,-226.7432,1.161371,138.42857,0.7818096
1789,l,FALSE,0.05,09:16,15:10,15:20,1,1.5,4,-100,100,170,2,1,5.5,20,50,1000,0.35,0.45,TRUE,1000,1000,1000,1.5,1000,10,5,147,238,833.39844,-562.5508,2222.207,-1095.1484,190.27536,-157.00728,57.14286,50.0,1.6158519,1.1560882,9862.705,33.264267,328.75974,-220.73994,52.380955,1.6382887,3000.3613,9.447572,44.21769,332.20462,-226.7432,1.161371,138.42857,0.7818096
1792,l,FALSE,0.05,09:16,15:10,15:20,1,1.5,4,-100,100,170,2,1,1000,30,100,1000,0.35,0.45,TRUE,1000,1000,1000,1.5,1000,10,5,92,145,833.39844,-473.75,1253.2988,-819.75,195.2063,-151.29733,59.31035,53.793102,1.8806547,1.343691,7861.2,25.33624,315.2403,-213.28242,56.521736,1.921454,3683.3887,10.823592,51.086956,296.47495,-227.79852,1.3593222,140.12415,1.8577857
1793,l,FALSE,0.05,09:16,15:10,15:20,1,1.5,4,-100,100,170,2,1,6,30,100,1000,0.35,0.45,TRUE,1000,1000,1000,1.5,1000,10,5,91,144,833.39844,-473.75,1253.2988,-819.75,190.4811,-151.29733,59.02778,53.47222,1.8137922,1.2906679,7264.3506,23.226625,309.71857,-213.28242,56.04396,1.8514946,3115.1309,8.815035,50.549454,290.56662,-227.79852,1.3038877,139.77083,1.5130326
1794,l,FALSE,0.05,09:16,15:10,15:20,1,1.5,4,-100,100,170,2,1,1.5,20,50,1000,0.35,0.45,TRUE,1000,1000,1000,1.5,1000,10,5,85,114,833.39844,-373.64844,1598.1055,-870.6953,202.9267,-163.64743,64.03509,59.64912,2.207847,1.5892136,8104.1045,27.126078,279.26886,-209.28577,62.352943,2.210084,4721.6074,15.712488,56.470592,264.41345,-215.41185,1.592405,137.36842,2.170976
1790,l,FALSE,0.05,09:16,15:10,15:20,1,1.5,4,-100,100,170,2,1,5,20,50,1000,0.35,0.45,TRUE,1000,1000,1000,1.5,1000,10,5,146,236,833.39844,-562.5508,2222.207,-1095.1484,190.83655,-157.00728,56.77966,49.57627,1.5967846,1.1428025,9557.3545,32.050873,329.06778,-220.73994,52.054794,1.618527,2744.9766,8.434789,43.835617,333.40497,-226.7432,1.1476355,138.27542,0.69799936
1791,l,FALSE,0.05,09:16,15:10,15:20,1,1.5,4,-100,100,170,2,1,2,20,50,1000,0.35,0.45,TRUE,1000,1000,1000,1.5,1000,10,5,108,167,833.39844,-473.75,2222.207,-1095.1484,189.40495,-149.38452,61.077847,53.892212,1.9896312,1.4007727,9609.31,31.097609,313.7345,-202.73392,56.48148,2.0084813,4717.497,14.382,48.148148,314.2381,-207.55151,1.40588,136.97604,1.4115069
1795,l,FALSE,0.05,09:16,15:10,15:20,1,1.5,4,-100,100,170,2,1.5,1000,30,100,1000,0.35,0.45,TRUE,1000,1000,1000,1.5,1000,10,5,66,99,627.10156,-473.75,1213.7539,-842.8496,196.98244,-146.14987,57.575756,51.515152,1.8291723,1.3171005,5089.704,16.806742,279.8244,-215.68323,59.090908,1.874002,2340.8057,6.898364,53.0303,265.9315,-224.73538,1.3359944,141.36363,0.8436788
1796,l,FALSE,0.05,09:16,15:10,15:15,1,1.5,4,-100,100,100,2,1.5,1000,30,175,1000,0.35,0.45,TRUE,1000,1000,1000,1.5,1000,10,5,44,55,1496.75,-420.70312,3855.8008,-537.3496,281.20953,-140.96535,58.181816,50.90909,2.7754908,2.0511966,5756.502,23.315178,358.4003,-168.60558,56.81818,2.7969377,4184.133,17.803585,52.272724,354.97757,-189.54056,2.0511963,108.854546,4.902692
1797,l,FALSE,0.05,09:16,15:10,15:15,1,1.5,4,-100,100,100,2,2.5,1000,30,175,1000,0.35,0.45,TRUE,1000,1000,1000,1.5,1000,10,5,18,21,1496.75,-251.5,3855.8008,-251.5,489.93048,-102.74556,47.61905,42.857143,4.3348966,3.1333516,3769.1035,13.977501,612.4131,-113.02012,44.444447,4.3348966,3141.2979,11.870507,38.88889,659.1098,-133.86098,3.1333516,108.42857,3.2405074
1798,l,FALSE,0.05,09:16,15:10,15:15,1,1.5,4,-100,100,100,2,3,1000,30,175,1000,0.35,0.45,TRUE,1000,1000,1000,1.5,1000,10,5,9,11,1496.75,-105.75,3855.8008,-105.75,568.6067,-66.36719,72.72727,72.72727,22.846899,14.5287075,4349.752,15.835933,758.1423,-66.36719,66.66667,22.846907,4029.5732,14.728017,66.66667,721.2378,-99.28451,14.528711,126.09091,21.413422
1799,l,FALSE,0.05,09:16,15:10,15:15,1,1.5,4,-100,100,100,2,3,1000,30,200,1000,0.35,0.45,TRUE,1000,1000,1000,1.5,1000,10,5,8,10,1496.75,-105.75,3855.8008,-105.75,602.27875,-66.36719,70.0,70.0,21.174877,13.528701,4016.8496,14.881489,843.19025,-66.36719,62.5,21.174877,3731.7178,13.874054,62.5,805.91425,-99.28451,13.528701,126.2,17.612719
1800,l,FALSE,0.05,09:16,15:10,15:15,1,1.5,4,-100,100,100,2,3.5,1000,30,175,1000,0.35,0.45,TRUE,1000,1000,1000,1.5,1000,10,5,5,6,1358.8008,-100.19922,2359.0508,-100.19922,583.2008,-100.19922,83.33333,83.33333,29.102053,19.90508,2815.8047,10.286118,729.001,-100.19922,80.0,29.102062,2631.6475,9.680974,80.0,692.71265,-139.20312,19.905088,139.33333,27.15992
1801,l,FALSE,0.05,09:16,15:10,15:15,1,1.5,4,-100,100,100,2,3.5,1000,30,200,1000,0.35,0.45,TRUE,1000,1000,1000,1.5,1000,10,5,4,5,1358.8008,-100.19922,2359.0508,-100.19922,645.7754,-100.19922,80.0,80.0,25.779657,17.765371,2482.9023,9.331674,861.0339,-100.19922,75.0,25.77966,2333.792,8.827011,75.0,824.3317,-139.20312,17.765371,142.2,24.764132
1802,l,FALSE,0.05,09:16,15:10,15:15,1,1.5,4,-100,100,50,3,1.5,1000,15,150,175,0.35,0.45,TRUE,1000,1000,1000,1.5,1000,10,5,4,4,341.8496,-78.5,341.8496,-78.5,286.5747,-52.875,50.0,50.0,5.4198527,3.4141214,467.3994,2.5575879,286.5747,-52.875,50.0,5.4198527,377.60254,2.1563194,50.0,267.0083,-78.20703,3.4141214,73.0,6.833762
1803,l,FALSE,0.05,09:16,15:10,15:15,1,1.5,4,-100,100,50,3,1.5,3.5,15,150,175,0.35,0.45,TRUE,1000,1000,1000,1.5,1000,10,5,4,4,341.8496,-78.5,341.8496,-78.5,286.5747,-52.875,50.0,50.0,5.4198527,3.4141214,467.3994,2.5575879,286.5747,-52.875,50.0,5.4198527,377.60254,2.1563194,50.0,267.0083,-78.20703,3.4141214,73.0,6.833762
1804,l,FALSE,0.05,09:16,15:10,15:15,1,1.5,4,-100,100,50,3,1.5,1000,20,175,200,0.35,0.45,TRUE,1000,1000,1000,1.5,1000,10,5,3,3,292.04883,47.30078,292.04883,0.0,202.89973,NaN,100.0,100.0,NaN,NaN,608.6992,2.408043,202.89973,NaN,100.0,NaN,522.14844,2.1068397,100.0,174.04948,NaN,NaN,109.0,Infinity
1808,l,FALSE,0.05,09:16,15:10,15:20,1,1.5,4,-100,100,170,2,1,5.5,20,50,1000,0.35,0.5,TRUE,1000,1000,1000,1.5,1000,10,5,152,272,830.0469,-562.5508,2502.3027,-1522.2969,198.48611,-154.45114,56.985294,49.63235,1.702491,1.223492,12694.564,42.198563,391.54547,-232.72583,50.65789,1.7272971,4858.831,14.977432,43.421055,392.21326,-244.50282,1.2310734,140.55882,1.4102747
1809,l,FALSE,0.05,09:16,15:10,15:20,1,1.5,4,-100,100,170,2,1,5,20,50,1000,0.35,0.5,TRUE,1000,1000,1000,1.5,1000,10,5,151,269,830.0469,-562.5508,2502.3027,-1522.2969,196.53056,-154.45114,56.505577,49.070633,1.6530908,1.1862373,11801.862,39.178333,384.95132,-232.72583,50.331127,1.6761528,4048.8955,12.258717,43.04636,385.78674,-244.50282,1.1925548,140.52045,0.994529
1805,l,FALSE,0.05,09:16,15:10,15:15,1,1.5,4,-100,100,50,3,2,1000,20,175,200,0.35,0.45,TRUE,1000,1000,1000,1.5,1000,10,5,3,3,292.04883,47.30078,292.04883,0.0,202.89973,NaN,100.0,100.0,NaN,NaN,608.6992,2.408043,202.89973,NaN,100.0,NaN,522.14844,2.1068397,100.0,174.04948,NaN,NaN,109.0,Infinity
1806,l,FALSE,0.05,09:16,15:10,15:20,1,1.5,4,-100,100,170,2,1,1000,20,50,1000,0.35,0.5,TRUE,1000,1000,1000,1.5,1000,10,5,154,274,830.0469,-562.5508,2502.3027,-1522.2969,201.22946,-156.3867,56.93431,49.635036,1.7011179,1.227292,12938.166,43.385323,394.55707,-234.70113,50.64935,1.7253437,5036.868,15.963593,43.506493,395.2828,-246.51814,1.234851,140.65329,1.3586606
1807,l,FALSE,0.05,09:16,15:10,15:20,1,1.5,4,-100,100,170,2,1,6,20,50,1000,0.35,0.5,TRUE,1000,1000,1000,1.5,1000,10,5,152,272,830.0469,-562.5508,2502.3027,-1522.2969,198.48611,-154.45114,56.985294,49.63235,1.702491,1.223492,12694.564,42.198563,391.54547,-232.72583,50.65789,1.7272971,4858.831,14.977432,43.421055,392.21326,-244.50282,1.2310734,140.55882,1.4102747
1810,l,FALSE,0.05,09:16,15:10,15:20,1,1.5,4,-100,100,170,2,1,2,20,50,1000,0.35,0.5,TRUE,1000,1000,1000,1.5,1000,10,5,112,189,830.0469,-473.75,2222.207,-1522.2969,195.83365,-151.01912,61.37566,54.497356,2.0605848,1.4628861,11692.307,37.597744,363.6839,-217.12193,55.35714,2.0770264,6165.5117,18.678904,48.214287,358.09473,-227.09662,1.4680911,139.33333,1.6295605
1811,l,FALSE,0.05,09:16,15:10,15:20,1,1.5,4,-100,100,170,2,1,1000,30,100,1000,0.35,0.5,TRUE,1000,1000,1000,1.5,1000,10,5,96,165,830.0469,-473.75,1725.5508,-1246.8984,205.46638,-149.78146,56.969696,52.12121,1.816152,1.3062192,8679.357,28.053501,376.08188,-220.10298,52.083332,1.8572426,3908.9678,11.539508,46.875,358.405,-239.59329,1.3199022,144.21213,1.7527785
1812,l,FALSE,0.05,09:16,15:10,15:20,1,1.5,4,-100,100,170,2,1,6,30,100,1000,0.35,0.5,TRUE,1000,1000,1000,1.5,1000,10,5,95,164,830.0469,-473.75,1725.5508,-1246.8984,200.93968,-149.78146,56.707317,51.829266,1.7572447,1.2593833,8052.908,25.83694,370.97235,-220.10298,51.578945,1.7953694,3311.0947,9.424061,46.31579,352.96255,-239.59329,1.2709733,143.91463,1.4314556
1813,l,FALSE,0.05,09:16,15:10,15:20,1,1.5,4,-100,100,170,2,1,1.5,20,50,1000,0.35,0.5,TRUE,1000,1000,1000,1.5,1000,10,5,92,130,830.0469,-373.64844,1631.7461,-862.59375,204.07501,-159.8119,64.61539,59.23077,2.3318586,1.667107,9790.953,32.09592,300.52457,-209.6842,61.95652,2.3341086,5904.8965,19.079844,54.347824,294.26462,-209.72224,1.6703758,140.42308,2.6189127
1814,l,FALSE,0.05,09:16,15:10,15:20,1,1.5,4,-100,100,170,2,1.5,1000,30,100,1000,0.35,0.5,TRUE,1000,1000,1000,1.5,1000,10,5,70,112,627.10156,-473.75,1265.9512,-857.0996,206.60326,-136.20828,53.571426,49.107143,1.7501751,1.2578927,5313.3643,18.13441,323.69995,-201.92528,52.857143,1.7973793,2212.0186,6.9253817,48.57143,302.3691,-224.12587,1.2741538,144.92857,0.73355955
1815,l,FALSE,0.05,09:16,15:10,15:15,1,1.5,4,-100,100,100,2,1.5,1000,30,175,1000,0.35,0.5,TRUE,1000,1000,1000,1.5,1000,10,5,49,61,1496.75,-469.94922,3855.3008,-537.3496,266.5487,-166.70197,55.737705,47.540985,2.013497,1.5277572,4561.703,19.245876,334.20038,-202.80487,55.10204,2.0224118,2829.456,13.136313,46.938778,355.45078,-205.612,1.529275,104.70492,1.8004476
1816,l,FALSE,0.05,09:16,15:10,15:15,1,1.5,4,-100,100,100,2,2.5,1000,30,175,1000,0.35,0.5,TRUE,1000,1000,1000,1.5,1000,10,5,20,23,1496.75,-404.3496,3855.3008,-404.3496,450.87314,-124.5332,47.826088,43.47826,3.3187966,2.502153,3465.206,12.844459,551.06714,-135.8544,45.0,3.3187964,2796.3076,10.538032,40.0,582.2301,-155.12776,2.5021532,106.565216,1.9565098
1817,l,FALSE,0.05,09:16,15:10,15:15,1,1.5,4,-100,100,100,2,3,1000,30,175,1000,0.35,0.5,TRUE,1000,1000,1000,1.5,1000,10,5,10,12,1496.75,-404.3496,3855.3008,-404.3496,568.5442,-137.1753,66.66667,66.66667,8.28931,6.4359064,3999.6523,14.367154,758.0589,-137.1753,60.000004,8.28931,3654.6162,13.15997,60.000004,721.1545,-168.07764,6.4359064,119.416664,5.5500145
1818,l,FALSE,0.05,09:16,15:10,15:15,1,1.5,4,-100,100,100,2,3,1000,30,200,1000,0.35,0.5,TRUE,1000,1000,1000,1.5,1000,10,5,9,11,1496.75,-404.3496,3855.3008,-404.3496,602.20734,-139.4253,63.636364,63.636364,7.55862,5.9136734,3657.75,13.385022,843.0902,-139.4253,55.555557,7.55862,3347.7568,12.278336,55.555557,805.8143,-170.32861,5.9136744,118.72727,5.1184654
1819,l,FALSE,0.05,09:16,15:10,15:15,1,1.5,4,-100,100,100,2,3.5,1000,30,175,1000,0.35,0.5,TRUE,1000,1000,1000,1.5,1000,10,5,6,7,1358.8008,-404.3496,2358.5508,-404.3496,583.10077,-252.27441,71.42857,71.42857,5.7784376,4.873625,2410.955,8.672428,728.876,-252.27441,66.66667,5.778439,2201.913,7.9680905,66.66667,692.58765,-284.21875,4.873625,125.28571,4.656875
1824,l,FALSE,0.05,09:16,15:10,15:15,1,1.5,4,-100,100,50,3,2,1000,20,175,200,0.35,0.5,TRUE,1000,1000,1000,1.5,1000,10,5,3,3,292.04883,47.30078,292.04883,0.0,202.89973,NaN,100.0,100.0,NaN,NaN,608.6992,2.408043,202.89973,NaN,100.0,NaN,522.14844,2.1068397,100.0,174.04948,NaN,NaN,109.0,Infinity
1820,l,FALSE,0.05,09:16,15:10,15:15,1,1.5,4,-100,100,100,2,3.5,1000,30,200,1000,0.35,0.5,TRUE,1000,1000,1000,1.5,1000,10,5,5,6,1358.8008,-404.3496,2358.5508,-404.3496,645.6504,-252.27441,66.66667,66.66667,5.118637,4.349635,2078.0527,7.7179837,860.8672,-252.27441,60.000004,5.118636,1904.0576,7.114127,60.000004,824.16504,-284.21875,4.3496346,125.333336,3.7194798
1821,l,FALSE,0.05,09:16,15:10,15:15,1,1.5,4,-100,100,50,3,1.5,1000,15,150,175,0.35,0.5,TRUE,1000,1000,1000,1.5,1000,10,5,4,4,341.8496,-78.5,341.8496,-78.5,286.5747,-52.875,50.0,50.0,5.4198527,3.4141214,467.3994,2.5575879,286.5747,-52.875,50.0,5.4198527,377.60254,2.1563194,50.0,267.0083,-78.20703,3.4141214,73.0,6.833762
1822,l,FALSE,0.05,09:16,15:10,15:15,1,1.5,4,-100,100,50,3,1.5,3.5,15,150,175,0.35,0.5,TRUE,1000,1000,1000,1.5,1000,10,5,4,4,341.8496,-78.5,341.8496,-78.5,286.5747,-52.875,50.0,50.0,5.4198527,3.4141214,467.3994,2.5575879,286.5747,-52.875,50.0,5.4198527,377.60254,2.1563194,50.0,267.0083,-78.20703,3.4141214,73.0,6.833762
1823,l,FALSE,0.05,09:16,15:10,15:15,1,1.5,4,-100,100,50,3,1.5,1000,20,175,200,0.35,0.5,TRUE,1000,1000,1000,1.5,1000,10,5,4,4,292.04883,-81.54883,292.04883,-81.54883,202.89973,-81.54883,75.0,75.0,7.46423,4.937209,527.1504,2.0717711,202.89973,-81.54883,75.0,7.46423,416.39062,1.6707404,75.0,174.04948,-105.75781,4.937209,91.75,3.8310997
1825,l,FALSE,0.05,09:16,15:10,15:20,1,1.5,4,-100,100,170,2,1,1000,20,50,1000,0.35,0.6,TRUE,1000,1000,1000,1.5,1000,10,5,156,320,1474.3984,-578.4492,3479.5469,-1854.5977,216.726,-162.49106,55.9375,49.0625,1.6932281,1.245115,15882.717,54.38943,488.32312,-284.69855,50.0,1.7152287,6694.9307,22.362215,43.589745,487.87122,-300.91263,1.2528268,143.825,1.4439673
1826,l,FALSE,0.05,09:16,15:10,15:20,1,1.5,4,-100,100,170,2,1,6,20,50,1000,0.35,0.6,TRUE,1000,1000,1000,1.5,1000,10,5,156,318,1474.3984,-578.4492,2853.0977,-1854.5977,214.4242,-161.03242,55.974842,49.056606,1.6929824,1.2415758,15622.967,53.159657,480.29172,-279.99728,50.0,1.7153442,6500.7373,21.333067,43.589745,479.07895,-296.32535,1.2492937,143.76729,1.4814271
1827,l,FALSE,0.05,09:16,15:10,15:20,1,1.5,4,-100,100,170,2,1,5.5,20,50,1000,0.35,0.6,TRUE,1000,1000,1000,1.5,1000,10,5,155,317,1474.3984,-578.4492,2853.0977,-1854.5977,214.4242,-159.91934,56.15142,49.211357,1.7170305,1.2580651,15938.717,54.0105,480.29172,-279.53296,50.32258,1.7405075,6853.4404,22.283487,43.870968,479.07895,-295.67734,1.2664227,143.84859,1.6567743
1828,l,FALSE,0.05,09:16,15:10,15:20,1,1.5,4,-100,100,170,2,1,5,20,50,1000,0.35,0.6,TRUE,1000,1000,1000,1.5,1000,10,5,154,313,1474.3984,-562.5508,2853.0977,-1854.5977,212.98573,-156.88652,55.910545,48.88179,1.7215667,1.25656,15622.164,52.56249,474.90588,-272.02063,50.0,1.7458451,6655.794,21.236197,43.506493,474.10645,-288.61307,1.2650723,144.0671,1.5766822
1829,l,FALSE,0.05,09:16,15:10,15:20,1,1.5,4,-100,100,170,2,1,2,20,50,1000,0.35,0.6,TRUE,1000,1000,1000,1.5,1000,10,5,120,222,833.39844,-473.75,2222.207,-1854.5977,190.86287,-155.98116,59.45946,51.8018,1.7946541,1.2791649,11155.596,34.80335,384.7608,-251.8883,54.166668,1.8052341,4709.3135,12.5859375,47.5,375.93524,-265.3809,1.2816744,141.88739,0.88633144
1830,l,FALSE,0.05,09:16,15:10,15:20,1,1.5,4,-100,100,170,2,1,1000,30,100,1000,0.35,0.6,TRUE,1000,1000,1000,1.5,1000,10,5,96,197,1474.3984,-578.4492,3479.5469,-1248.0977,224.44606,-156.21123,57.868023,52.791874,1.973452,1.4493471,12621.318,42.505013,491.67548,-276.75848,53.125,2.0134242,6958.285,22.783829,47.916664,475.6495,-298.43182,1.4663233,147.91371,2.9861758
1831,l,FALSE,0.05,09:16,15:10,15:20,1,1.5,4,-100,100,170,2,1,6,30,100,1000,0.35,0.6,TRUE,1000,1000,1000,1.5,1000,10,5,96,196,1474.3984,-578.4492,2853.0977,-1248.0977,220.88852,-156.21123,57.653065,52.551018,1.9251357,1.4107382,11994.869,40.288452,479.39215,-276.75848,53.125,1.9631236,6360.412,20.668377,47.916664,462.65225,-298.43182,1.4262555,147.68367,2.7089128
1832,l,FALSE,0.05,09:16,15:10,15:20,1,1.5,4,-100,100,170,2,1,1.5,20,50,1000,0.35,0.6,TRUE,1000,1000,1000,1.5,1000,10,5,97,150,833.39844,-373.64844,1664.2969,-953.6992,199.61617,-160.46014,64.0,58.0,2.211597,1.5782341,10498.304,34.00371,313.6615,-239.86247,62.886597,2.2157779,6030.9766,18.98672,54.63917,309.76984,-236.06421,1.5806369,143.72667,2.346446
1833,l,FALSE,0.05,09:16,15:10,15:20,1,1.5,4,-100,100,170,2,1.5,1000,30,100,1000,0.35,0.6,TRUE,1000,1000,1000,1.5,1000,10,5,70,131,1474.3984,-578.4492,3479.5469,-1026.2969,230.72803,-147.73363,57.251907,51.908398,2.0916748,1.5468253,9031.518,32.65263,444.82236,-245.99167,54.285717,2.1473353,5424.421,19.536345,48.57143,436.33136,-261.41238,1.576401,147.59541,1.8488344
1834,l,FALSE,0.05,09:16,15:10,15:15,1,1.5,4,-100,100,100,2,1.5,1000,30,175,1000,0.35,0.6,TRUE,1000,1000,1000,1.5,1000,10,5,50,65,1496.75,-469.94922,3888.002,-565.3008,254.0595,-174.41441,56.92308,50.769234,1.9248496,1.4594434,4516.5977,18.982992,358.8828,-200.59814,52.0,1.9381522,2666.8018,12.47355,50.0,338.79675,-232.1247,1.4595463,103.36923,1.8708771
1835,l,FALSE,0.05,09:16,15:10,15:15,1,1.5,4,-100,100,100,2,2.5,1000,30,175,1000,0.35,0.6,TRUE,1000,1000,1000,1.5,1000,10,5,20,23,1496.75,-401.1504,3888.002,-401.1504,451.71848,-123.80404,47.826088,47.826088,3.3446023,2.519404,3483.255,12.901918,552.10034,-135.05894,45.0,3.3446023,2814.3662,10.59546,45.0,518.5166,-168.38939,2.5194037,106.95652,1.9791032
1836,l,FALSE,0.05,09:16,15:10,15:15,1,1.5,4,-100,100,100,2,3,1000,30,175,1000,0.35,0.6,TRUE,1000,1000,1000,1.5,1000,10,5,10,12,1496.75,-401.1504,3888.002,-401.1504,570.9756,-136.37549,66.66667,66.66667,8.373583,6.4957848,4022.3027,14.467659,761.3008,-136.37549,60.000004,8.373582,3677.2803,13.26043,60.000004,724.39825,-167.27734,6.4957843,119.833336,5.6221237
1837,l,FALSE,0.05,09:16,15:10,15:15,1,1.5,4,-100,100,100,2,3,1000,30,200,1000,0.35,0.6,TRUE,1000,1000,1000,1.5,1000,10,5,9,11,1496.75,-401.1504,3888.002,-401.1504,604.14343,-138.62549,63.636364,63.636364,7.626671,5.961588,3674.502,13.4684515,845.8008,-138.62549,55.555557,7.6266713,3364.5186,12.361726,55.555557,808.52637,-169.52832,5.9615884,119.09091,5.1098967
1838,l,FALSE,0.05,09:16,15:10,15:15,1,1.5,4,-100,100,100,2,3.5,1000,30,175,1000,0.35,0.6,TRUE,1000,1000,1000,1.5,1000,10,5,6,7,1358.8008,-401.1504,2391.252,-401.1504,586.991,-250.6748,71.42857,71.42857,5.8541093,4.935659,2433.6055,8.772933,733.7388,-250.6748,66.66667,5.8541102,2224.5771,8.06855,66.66667,697.45337,-282.61816,4.9356594,126.0,4.7504144
1839,l,FALSE,0.05,09:16,15:10,15:15,1,1.5,4,-100,100,100,2,3.5,1000,30,200,1000,0.35,0.6,TRUE,1000,1000,1000,1.5,1000,10,5,5,6,1358.8008,-401.1504,2391.252,-401.1504,649.0386,-250.6748,66.66667,66.66667,5.178333,4.3982596,2094.8047,7.8014135,865.38477,-250.6748,60.000004,5.178332,1920.8193,7.197518,60.000004,828.68524,-282.61816,4.3982596,126.0,3.690583
1840,l,FALSE,0.05,09:16,15:10,15:15,1,1.5,4,-100,100,50,3,1.5,1000,15,150,175,0.35,0.6,TRUE,1000,1000,1000,1.5,1000,10,5,5,5,341.8496,-78.5,341.8496,-78.5,236.83301,-52.875,60.000004,60.000004,6.718668,4.1475644,604.749,3.1664004,236.83301,-52.875,60.000004,6.718668,492.32324,2.6648276,60.000004,216.24577,-78.20703,4.1475644,70.6,8.445316
1841,l,FALSE,0.05,09:16,15:10,15:15,1,1.5,4,-100,100,50,3,1.5,3.5,15,150,175,0.35,0.6,TRUE,1000,1000,1000,1.5,1000,10,5,5,5,341.8496,-78.5,341.8496,-78.5,236.83301,-52.875,60.000004,60.000004,6.718668,4.1475644,604.749,3.1664004,236.83301,-52.875,60.000004,6.718668,492.32324,2.6648276,60.000004,216.24577,-78.20703,4.1475644,70.6,8.445316
1842,l,FALSE,0.05,09:16,15:10,15:15,1,1.5,4,-100,100,50,3,1.5,1000,20,175,200,0.35,0.6,TRUE,1000,1000,1000,1.5,1000,10,5,5,5,292.04883,-81.54883,292.04883,-81.54883,186.5122,-81.54883,80.0,80.0,9.148492,6.0219584,664.5,2.6805835,186.5122,-81.54883,80.0,9.148492,531.1113,2.1792486,80.0,159.21729,-105.75781,6.0219584,85.6,4.997137
1843,l,FALSE,0.05,09:16,15:10,15:15,1,1.5,4,-100,100,50,3,2,1000,20,175,200,0.35,0.6,TRUE,1000,1000,1000,1.5,1000,10,5,3,3,292.04883,47.30078,292.04883,0.0,202.89973,NaN,100.0,100.0,NaN,NaN,608.6992,2.408043,202.89973,NaN,100.0,NaN,522.14844,2.1068397,100.0,174.04948,NaN,NaN,109.0,Infinity
1844,l,FALSE,0.05,09:16,15:10,15:20,1,1.5,4,-100,100,170,2,1,1000,20,50,1000,0.35,0.7,TRUE,1000,1000,1000,1.5,1000,10,5,156,349,1474.3984,-578.4492,3476.996,-1854.5977,205.27644,-163.00545,55.873924,48.42407,1.5945967,1.1643877,14926.064,52.984093,500.3179,-308.9581,50.0,1.6193714,4929.74,18.057592,43.589745,496.66687,-327.76828,1.1709127,144.88539,0.9196877
1845,l,FALSE,0.05,09:16,15:10,15:20,1,1.5,4,-100,100,170,2,1,6,20,50,1000,0.35,0.7,TRUE,1000,1000,1000,1.5,1000,10,5,156,347,1474.3984,-578.4492,2967.1543,-1854.5977,203.10545,-161.67412,55.90778,48.414986,1.5929104,1.1600668,14666.314,51.754326,492.2865,-304.2568,50.0,1.6179967,4735.547,17.028444,43.589745,487.87466,-323.181,1.1665107,144.83862,0.91806525
1846,l,FALSE,0.05,09:16,15:10,15:20,1,1.5,4,-100,100,170,2,1,5.5,20,50,1000,0.35,0.7,TRUE,1000,1000,1000,1.5,1000,10,5,155,346,1474.3984,-578.4492,2967.1543,-1854.5977,203.10545,-160.66045,56.069363,48.554913,1.6135066,1.1740637,14982.064,52.60517,492.2865,-304.10754,50.32258,1.6398139,5088.25,17.978868,43.870968,487.87466,-322.84167,1.1811589,144.91618,1.0216566
1847,l,FALSE,0.05,09:16,15:10,15:20,1,1.5,4,-100,100,170,2,1,5,20,50,1000,0.35,0.7,TRUE,1000,1000,1000,1.5,1000,10,5,154,341,1474.3984,-562.5508,2967.1543,-1854.5977,202.36504,-157.89365,55.718475,48.09384,1.6126773,1.1693878,14607.412,50.67521,486.3019,-296.5952,50.0,1.6396148,4847.461,16.549868,43.506493,482.3895,-315.7774,1.1764468,145.07625,0.9465445
1848,l,FALSE,0.05,09:16,15:10,15:20,1,1.5,4,-100,100,170,2,1,2,20,50,1000,0.35,0.7,TRUE,1000,1000,1000,1.5,1000,10,5,124,240,833.39844,-473.75,2222.207,-1854.5977,182.93994,-155.16827,60.000004,51.25,1.7684668,1.2514952,11447.197,36.793747,383.99268,-261.86258,54.83871,1.7806165,4516.3105,12.775341,45.967743,391.19272,-265.3981,1.253987,143.38333,0.82772654
1849,l,FALSE,0.05,09:16,15:10,15:20,1,1.5,4,-100,100,170,2,1,1000,30,100,1000,0.35,0.7,TRUE,1000,1000,1000,1.5,1000,10,5,96,215,1474.3984,-578.4492,3476.996,-1245.1973,214.45648,-152.23029,57.2093,53.023254,1.8834555,1.3689743,12372.96,42.885387,501.86758,-293.82858,53.125,1.9357655,6203.6865,21.364033,47.916664,481.04297,-318.4858,1.3895736,149.89302,2.5686858
1850,l,FALSE,0.05,09:16,15:10,15:20,1,1.5,4,-100,100,170,2,1,6,30,100,1000,0.35,0.7,TRUE,1000,1000,1000,1.5,1000,10,5,96,214,1474.3984,-578.4492,2850.5469,-1245.1973,211.07948,-152.23029,57.009346,52.803738,1.8387258,1.3334148,11746.511,40.66883,489.58426,-293.82858,53.125,1.8883873,5605.8135,19.248585,47.916664,468.04578,-318.4858,1.3520291,149.69159,2.3143363
1851,l,FALSE,0.05,09:16,15:10,15:20,1,1.5,4,-100,100,170,2,1,1.5,20,50,1000,0.35,0.7,TRUE,1000,1000,1000,1.5,1000,10,5,98,159,833.39844,-373.64844,1664.2969,-953.6992,195.25906,-151.86014,62.89308,56.60377,2.179292,1.5398107,10566.158,34.113697,324.54343,-234.38019,61.22449,2.1863496,5860.3516,18.196644,53.061222,320.24924,-234.62192,1.5429966,146.10063,2.210635
1852,l,FALSE,0.05,09:16,15:10,15:20,1,1.5,4,-100,100,170,2,1.5,1000,30,100,1000,0.35,0.7,TRUE,1000,1000,1000,1.5,1000,10,5,70,147,1474.3984,-578.4492,3476.996,-1026.2969,222.21666,-145.89265,57.14286,53.061222,2.0308692,1.4912088,9474.962,34.952724,473.55258,-266.25113,54.285717,2.11208,5429.297,20.235327,51.428574,435.1739,-301.08716,1.5303621,151.04762,1.8371762
1853,l,FALSE,0.05,09:16,15:10,15:15,1,1.5,4,-100,100,100,2,1.5,1000,30,175,1000,0.35,0.7,TRUE,1000,1000,1000,1.5,1000,10,5,50,70,1496.75,-469.94922,3888.002,-562.9512,250.68048,-173.46027,58.571426,52.857143,2.0431786,1.5415212,5247.552,21.447798,393.00012,-207.10213,52.0,2.0557497,3248.8809,14.437137,50.0,369.885,-239.92976,1.5416387,104.557144,2.675009
1854,l,FALSE,0.05,09:16,15:10,15:15,1,1.5,4,-100,100,100,2,2.5,1000,30,175,1000,0.35,0.7,TRUE,1000,1000,1000,1.5,1000,10,5,20,26,1496.75,-401.1504,3888.002,-401.1504,398.10413,-125.961235,50.0,50.0,3.160529,2.358181,3537.8574,13.0704775,575.0393,-148.86328,45.0,3.160529,2774.9785,10.463953,45.0,535.3485,-185.74165,2.3581808,104.46154,1.9545393
1856,l,FALSE,0.05,09:16,15:10,15:15,1,1.5,4,-100,100,100,2,3,1000,30,200,1000,0.35,0.7,TRUE,1000,1000,1000,1.5,1000,10,5,9,12,1496.75,-401.1504,3888.002,-401.1504,553.70667,-138.62549,66.66667,66.66667,7.988528,6.2010617,3875.1514,13.944387,885.93066,-138.62549,55.555557,7.988527,3526.9082,12.73743,55.555557,841.0043,-169.52832,6.201061,116.166664,5.3377595
1857,l,FALSE,0.05,09:16,15:10,15:15,1,1.5,4,-100,100,100,2,3.5,1000,30,175,1000,0.35,0.7,TRUE,1000,1000,1000,1.5,1000,10,5,6,8,1358.8008,-401.1504,2391.252,-401.1504,521.6509,-250.6748,75.0,75.0,6.2429595,5.212864,2628.5557,9.233561,782.4763,-250.6748,66.66667,6.242961,2381.2637,8.428949,66.66667,736.625,-282.61816,5.2128654,120.5,4.962602
1858,l,FALSE,0.05,09:16,15:10,15:15,1,1.5,4,-100,100,100,2,3.5,1000,30,200,1000,0.35,0.7,TRUE,1000,1000,1000,1.5,1000,10,5,5,7,1358.8008,-401.1504,2391.252,-401.1504,558.2209,-250.6748,71.42857,71.42857,5.567182,4.6754646,2289.755,8.262041,930.36816,-250.6748,60.000004,5.567183,2077.5059,7.557917,60.000004,880.91406,-282.61816,4.6754646,119.71429,4.4497757
1859,l,FALSE,0.05,09:16,15:10,15:15,1,1.5,4,-100,100,50,3,1.5,1000,15,150,175,0.35,0.7,TRUE,1000,1000,1000,1.5,1000,10,5,6,6,341.8496,-78.5,341.8496,-78.5,236.83301,-46.716797,50.0,50.0,5.069547,2.9381115,570.34863,3.0517404,236.83301,-46.716797,50.0,5.069547,427.93652,2.4502203,50.0,216.24577,-73.60026,2.9381115,68.0,4.8536415
1855,l,FALSE,0.05,09:16,15:10,15:15,1,1.5,4,-100,100,100,2,3,1000,30,175,1000,0.35,0.7,TRUE,1000,1000,1000,1.5,1000,10,5,10,13,1496.75,-401.1504,3888.002,-401.1504,529.82825,-136.37549,69.230774,69.230774,8.741408,6.7384796,4222.952,14.943595,794.7424,-136.37549,60.000004,8.741407,3839.67,13.636134,60.000004,751.4632,-167.27734,6.7384796,117.07692,5.7814136
1860,l,FALSE,0.05,09:16,15:10,15:15,1,1.5,4,-100,100,50,3,1.5,3.5,15,150,175,0.35,0.7,TRUE,1000,1000,1000,1.5,1000,10,5,5,5,341.8496,-78.5,341.8496,-78.5,236.83301,-52.875,60.000004,60.000004,6.718668,4.1475644,604.749,3.1664004,236.83301,-52.875,60.000004,6.718668,492.32324,2.6648276,60.000004,216.24577,-78.20703,4.1475644,70.6,8.445316
1861,l,FALSE,0.05,09:16,15:10,15:15,1,1.5,4,-100,100,50,3,1.5,1000,20,175,200,0.35,0.7,TRUE,1000,1000,1000,1.5,1000,10,5,5,5,292.04883,-81.54883,292.04883,-81.54883,186.5122,-81.54883,80.0,80.0,9.148492,6.0219584,664.5,2.6805835,186.5122,-81.54883,80.0,9.148492,531.1113,2.1792486,80.0,159.21729,-105.75781,6.0219584,85.6,4.997137
1862,l,FALSE,0.05,09:16,15:10,15:15,1,1.5,4,-100,100,50,3,2,1000,20,175,200,0.35,0.7,TRUE,1000,1000,1000,1.5,1000,10,5,3,3,292.04883,47.30078,292.04883,0.0,202.89973,NaN,100.0,100.0,NaN,NaN,608.6992,2.408043,202.89973,NaN,100.0,NaN,522.14844,2.1068397,100.0,174.04948,NaN,NaN,109.0,Infinity
1863,l,FALSE,0.05,09:16,15:10,15:20,1,1.5,4,-100,100,170,2,1,1000,20,50,1000,0.35,0.8,TRUE,1000,1000,1000,1.5,1000,10,5,156,371,1474.3984,-572.4492,3476.996,-1854.5977,203.19281,-162.58368,56.06469,48.24798,1.5948032,1.162553,15762.964,57.44596,515.23505,-334.94522,51.282055,1.6192282,5151.8145,20.317205,42.948715,532.1494,-342.72128,1.1688998,146.51752,0.9332461
1864,l,FALSE,0.05,09:16,15:10,15:20,1,1.5,4,-100,100,170,2,1,6,20,50,1000,0.35,0.8,TRUE,1000,1000,1000,1.5,1000,10,5,156,369,1474.3984,-572.4492,2936.004,-1854.5977,201.1481,-161.22403,56.09756,48.238483,1.5941952,1.1590422,15519.362,56.259193,507.40445,-329.90778,51.282055,1.6189677,4973.7773,19.331045,42.948715,523.2259,-338.00403,1.1653385,146.47968,0.936528
1865,l,FALSE,0.05,09:16,15:10,15:20,1,1.5,4,-100,100,170,2,1,5.5,20,50,1000,0.35,0.8,TRUE,1000,1000,1000,1.5,1000,10,5,155,368,1474.3984,-572.4492,2936.004,-1854.5977,201.1481,-159.95897,56.25,48.369564,1.6167833,1.1741302,15884.261,57.24118,507.40445,-329.44122,51.6129,1.6428767,5375.6523,20.412539,43.225807,523.2259,-337.27823,1.1811174,146.55435,1.0436025
1866,l,FALSE,0.05,09:16,15:10,15:20,1,1.5,4,-100,100,170,2,1,5,20,50,1000,0.35,0.8,TRUE,1000,1000,1000,1.5,1000,10,5,155,363,1474.3984,-562.5508,2936.004,-1854.5977,200.49313,-157.38092,55.922867,47.933884,1.6163057,1.1699914,15519.159,55.33986,495.685,-321.8086,51.6129,1.642997,5144.422,19.012163,43.225807,510.69128,-330.36243,1.1769552,146.72728,0.97685474
1867,l,FALSE,0.05,09:16,15:10,15:20,1,1.5,4,-100,100,170,2,1,2,20,50,1000,0.35,0.8,TRUE,1000,1000,1000,1.5,1000,10,5,126,253,833.39844,-504.10156,2222.207,-1854.5977,183.13539,-158.01846,59.288536,50.988144,1.6877903,1.1987113,11194.407,37.793205,400.71707,-276.79922,53.968258,1.6972817,3887.0,12.474297,45.238094,408.08032,-280.7765,1.2006341,143.61661,0.7648321
1868,l,FALSE,0.05,09:16,15:10,15:20,1,1.5,4,-100,100,170,2,1,1000,30,100,1000,0.35,0.8,TRUE,1000,1000,1000,1.5,1000,10,5,96,230,1474.3984,-572.4492,3476.996,-1245.1973,207.57365,-152.93909,57.826088,52.6087,1.8609455,1.3466095,12772.207,45.50108,515.2712,-318.6794,54.166668,1.9108762,6190.9014,22.47842,46.875,513.81104,-331.9724,1.3656638,150.91739,2.4763608
1869,l,FALSE,0.05,09:16,15:10,15:20,1,1.5,4,-100,100,170,2,1,6,30,100,1000,0.35,0.8,TRUE,1000,1000,1000,1.5,1000,10,5,96,229,1474.3984,-572.4492,2850.5469,-1245.1973,204.40036,-152.93909,57.641922,52.401745,1.8187181,1.313136,12145.758,43.284527,503.2241,-318.6794,54.166668,1.8661996,5593.0283,20.362968,46.875,500.5249,-331.9724,1.3303503,150.73363,2.2433095
1872,l,FALSE,0.05,09:16,15:10,15:15,1,1.5,4,-100,100,100,2,1.5,1000,30,175,1000,0.35,0.8,TRUE,1000,1000,1000,1.5,1000,10,5,50,74,1496.75,-469.94922,3888.002,-562.9512,241.44086,-170.51003,59.45946,51.35135,2.0767887,1.5517839,5508.0967,22.210087,405.92117,-210.2439,52.0,2.0916085,3385.4873,14.799062,48.0,396.65482,-235.93187,1.5519011,104.37838,2.6120033
1873,l,FALSE,0.05,09:16,15:10,15:15,1,1.5,4,-100,100,100,2,2.5,1000,30,175,1000,0.35,0.8,TRUE,1000,1000,1000,1.5,1000,10,5,20,27,1496.75,-401.1504,3888.002,-401.1504,376.90387,-125.961235,51.851852,51.851852,3.222392,2.3924356,3639.1582,13.4744835,586.2949,-148.86328,45.0,3.222392,2844.9658,10.76777,45.0,543.1249,-185.74165,2.3924353,104.07407,2.0112886
1874,l,FALSE,0.05,09:16,15:10,15:15,1,1.5,4,-100,100,100,2,3,1000,30,175,1000,0.35,0.8,TRUE,1000,1000,1000,1.5,1000,10,5,10,13,1496.75,-401.1504,3888.002,-401.1504,527.8393,-136.37549,69.230774,69.230774,8.708593,6.711717,4205.052,14.966174,791.759,-136.37549,60.000004,8.708593,3821.7627,13.658709,60.000004,748.4787,-167.27734,6.711717,117.38461,5.7909846
1870,l,FALSE,0.05,09:16,15:10,15:20,1,1.5,4,-100,100,170,2,1,1.5,20,50,1000,0.35,0.8,TRUE,1000,1000,1000,1.5,1000,10,5,102,164,833.39844,-373.64844,1664.2969,-953.6992,194.0693,-151.7866,63.414635,56.707317,2.2161822,1.5658606,11076.011,36.818695,319.5223,-232.15117,61.764706,2.2233417,6249.9385,20.40029,53.92157,313.24518,-233.58606,1.569287,146.71951,2.4380176
1871,l,FALSE,0.05,09:16,15:10,15:20,1,1.5,4,-100,100,170,2,1.5,1000,30,100,1000,0.35,0.8,TRUE,1000,1000,1000,1.5,1000,10,5,70,158,1474.3984,-572.4492,3476.996,-1106.3477,209.90492,-151.49092,57.594936,51.265823,1.8819263,1.3749176,8951.457,33.73214,471.53336,-304.46268,55.714287,1.9484143,4581.375,17.91534,50.0,455.5258,-324.62936,1.403218,151.13924,1.5336251
1875,l,FALSE,0.05,09:16,15:10,15:15,1,1.5,4,-100,100,100,2,3,1000,30,200,1000,0.35,0.8,TRUE,1000,1000,1000,1.5,1000,10,5,9,12,1496.75,-401.1504,3888.002,-401.1504,551.4691,-138.62549,66.66667,66.66667,7.956246,6.1746545,3857.251,13.966967,882.3506,-138.62549,55.555557,7.956245,3509.001,12.760004,55.555557,837.42285,-169.52832,6.1746535,116.5,5.3472195
1876,l,FALSE,0.05,09:16,15:10,15:15,1,1.5,4,-100,100,100,2,3.5,1000,30,175,1000,0.35,0.8,TRUE,1000,1000,1000,1.5,1000,10,5,6,8,1358.8008,-401.1504,2391.252,-401.1504,524.42596,-250.6748,75.0,75.0,6.2761707,5.2423368,2645.206,9.346365,786.6389,-250.6748,66.66667,6.276172,2397.9229,8.541701,66.66667,740.7898,-282.61816,5.242338,120.75,5.0289855
1877,l,FALSE,0.05,09:16,15:10,15:15,1,1.5,4,-100,100,100,2,3.5,1000,30,200,1000,0.35,0.8,TRUE,1000,1000,1000,1.5,1000,10,5,5,7,1358.8008,-401.1504,2391.252,-401.1504,561.55096,-250.6748,71.42857,71.42857,5.6003933,4.704937,2306.4053,8.3748455,935.9183,-250.6748,60.000004,5.600394,2094.165,7.670669,60.000004,886.4671,-282.61816,4.7049375,120.0,4.516159
1878,l,FALSE,0.05,09:16,15:10,15:15,1,1.5,4,-100,100,50,3,1.5,1000,15,150,175,0.35,0.8,TRUE,1000,1000,1000,1.5,1000,10,5,6,6,341.8496,-78.5,341.8496,-78.5,236.83301,-46.716797,50.0,50.0,5.069547,2.9381115,570.34863,3.0517404,236.83301,-46.716797,50.0,5.069547,427.93652,2.4502203,50.0,216.24577,-73.60026,2.9381115,68.0,4.8536415
1879,l,FALSE,0.05,09:16,15:10,15:15,1,1.5,4,-100,100,50,3,1.5,3.5,15,150,175,0.35,0.8,TRUE,1000,1000,1000,1.5,1000,10,5,5,5,341.8496,-78.5,341.8496,-78.5,236.83301,-52.875,60.000004,60.000004,6.718668,4.1475644,604.749,3.1664004,236.83301,-52.875,60.000004,6.718668,492.32324,2.6648276,60.000004,216.24577,-78.20703,4.1475644,70.6,8.445316
1880,l,FALSE,0.05,09:16,15:10,15:15,1,1.5,4,-100,100,50,3,1.5,1000,20,175,200,0.35,0.8,TRUE,1000,1000,1000,1.5,1000,10,5,5,5,292.04883,-81.54883,292.04883,-81.54883,186.5122,-81.54883,80.0,80.0,9.148492,6.0219584,664.5,2.6805835,186.5122,-81.54883,80.0,9.148492,531.1113,2.1792486,80.0,159.21729,-105.75781,6.0219584,85.6,4.997137
1881,l,FALSE,0.05,09:16,15:10,15:15,1,1.5,4,-100,100,50,3,2,1000,20,175,200,0.35,0.8,TRUE,1000,1000,1000,1.5,1000,10,5,3,3,292.04883,47.30078,292.04883,0.0,202.89973,NaN,100.0,100.0,NaN,NaN,608.6992,2.408043,202.89973,NaN,100.0,NaN,522.14844,2.1068397,100.0,174.04948,NaN,NaN,109.0,Infinity
1882,l,FALSE,0.05,09:16,15:10,15:20,1,1.5,4,-100,100,170,2,1,1000,20,50,1000,0.35,0.9,TRUE,1000,1000,1000,1.5,1000,10,5,156,383,1474.3984,-562.5508,5480.295,-1854.5977,212.21793,-163.55913,56.13577,48.825066,1.6604906,1.2196114,18148.918,66.85661,563.07214,-341.99713,50.641026,1.6891879,7201.8457,28.523169,42.948715,578.04565,-354.2383,1.2284328,147.14882,1.2580764
1883,l,FALSE,0.05,09:16,15:10,15:20,1,1.5,4,-100,100,170,2,1,6,20,50,1000,0.35,0.9,TRUE,1000,1000,1000,1.5,1000,10,5,156,381,1474.3984,-562.5508,4924.5957,-1854.5977,210.61285,-162.02296,56.167976,48.818897,1.6657337,1.2205514,18013.316,66.02415,556.03796,-336.54132,50.641026,1.6951277,7131.8594,27.891123,42.948715,570.1786,-349.10233,1.2295407,147.11023,1.3006638
1884,l,FALSE,0.05,09:16,15:10,15:20,1,1.5,4,-100,100,170,2,1,5.5,20,50,1000,0.35,0.9,TRUE,1000,1000,1000,1.5,1000,10,5,155,379,1474.3984,-562.5508,4081.246,-1854.5977,207.64227,-160.82764,56.200527,48.812664,1.6566341,1.2102253,17530.418,63.9872,545.3626,-336.22675,50.967743,1.6860353,6714.4043,26.055197,43.225807,558.0163,-348.5532,1.2189053,147.03166,1.2788389
1888,l,FALSE,0.05,09:16,15:10,15:20,1,1.5,4,-100,100,170,2,1,6,30,100,1000,0.35,0.9,TRUE,1000,1000,1000,1.5,1000,10,5,96,239,1474.3984,-542.59766,4924.5957,-1245.1973,217.64929,-153.99094,57.740585,53.138077,1.9311669,1.4084061,14482.516,51.931816,560.36926,-333.10657,54.166668,1.9881163,7636.2373,28.005905,46.875,562.6839,-346.7556,1.4318031,152.01674,2.9686677
1889,l,FALSE,0.05,09:16,15:10,15:20,1,1.5,4,-100,100,170,2,1,1.5,20,50,1000,0.35,0.9,TRUE,1000,1000,1000,1.5,1000,10,5,105,171,833.39844,-373.64844,1664.2969,-953.6992,191.19267,-151.60153,63.15789,56.14035,2.1619754,1.5247428,11097.912,37.520782,316.85397,-237.4399,61.904762,2.1684968,6078.4043,20.402029,53.333336,314.20566,-235.04312,1.5277717,146.90643,2.442565
1885,l,FALSE,0.05,09:16,15:10,15:20,1,1.5,4,-100,100,170,2,1,5,20,50,1000,0.35,0.9,TRUE,1000,1000,1000,1.5,1000,10,5,155,375,1474.3984,-562.5508,4081.246,-1854.5977,206.55905,-158.51387,56.0,48.533333,1.6584878,1.2080818,17222.613,62.590084,534.598,-329.0873,50.967743,1.6886115,6525.5137,25.058779,43.225807,546.55927,-341.9768,1.216838,147.248,1.2309215
1886,l,FALSE,0.05,09:16,15:10,15:20,1,1.5,4,-100,100,170,2,1,2,20,50,1000,0.35,0.9,TRUE,1000,1000,1000,1.5,1000,10,5,127,258,833.39844,-526.60156,2222.207,-1854.5977,186.93083,-156.86446,58.52713,50.775192,1.6817038,1.1982511,11442.061,38.574093,417.86206,-275.91165,52.755905,1.6911668,3995.5928,12.754822,44.88189,420.635,-285.43716,1.1999737,144.96124,0.75373226
1887,l,FALSE,0.05,09:16,15:10,15:20,1,1.5,4,-100,100,170,2,1,1000,30,100,1000,0.35,0.9,TRUE,1000,1000,1000,1.5,1000,10,5,96,241,1474.3984,-542.59766,6031.994,-1245.1973,222.45,-153.99094,58.09129,53.526974,2.0023685,1.4645724,15589.914,55.840046,581.6654,-333.10657,54.166668,2.0636723,8686.411,31.712181,46.875,586.02106,-346.7556,1.4911869,152.34439,3.3615382
1890,l,FALSE,0.05,09:16,15:10,15:20,1,1.5,4,-100,100,170,2,1.5,1000,30,100,1000,0.35,0.9,TRUE,1000,1000,1000,1.5,1000,10,5,70,167,1474.3984,-542.59766,6031.994,-1065.6953,226.81903,-152.70479,58.08383,52.095806,2.0582614,1.5202157,11312.111,42.842007,543.76154,-319.18024,55.714287,2.1432629,6686.668,26.120619,50.0,531.2374,-340.1898,1.5615914,152.01198,2.4040418
1891,l,FALSE,0.05,09:16,15:10,15:15,1,1.5,4,-100,100,100,2,1.5,1000,30,175,1000,0.35,0.9,TRUE,1000,1000,1000,1.5,1000,10,5,50,77,1496.75,-469.94922,4926.6016,-562.9512,262.80542,-169.97018,61.03896,53.246754,2.422357,1.8223556,7252.749,27.858006,472.40027,-209.56909,52.0,2.4419963,5032.2646,20.144152,48.0,464.59558,-235.30882,1.8225303,105.41558,4.1281524
1892,l,FALSE,0.05,09:16,15:10,15:15,1,1.5,4,-100,100,100,2,2.5,1000,30,175,1000,0.35,0.9,TRUE,1000,1000,1000,1.5,1000,10,5,20,29,1496.75,-401.1504,4926.6016,-401.1504,418.76294,-124.71545,55.172413,55.172413,4.1326118,3.0809753,5078.9062,18.244463,744.46747,-147.39098,45.0,4.132612,4218.052,15.335358,45.0,693.8901,-184.269,3.0809755,107.10345,2.8644586
1893,l,FALSE,0.05,09:16,15:10,15:15,1,1.5,4,-100,100,100,2,3,1000,30,175,1000,0.35,0.9,TRUE,1000,1000,1000,1.5,1000,10,5,10,14,1496.75,-401.1504,4926.6016,-401.1504,587.83057,-136.37549,71.42857,71.42857,10.775958,8.354645,5332.8037,18.912127,979.7176,-136.37549,60.000004,10.775959,4921.0615,17.502691,60.000004,931.6951,-167.27734,8.354646,123.92857,7.420747
1894,l,FALSE,0.05,09:16,15:10,15:15,1,1.5,4,-100,100,100,2,3,1000,30,200,1000,0.35,0.9,TRUE,1000,1000,1000,1.5,1000,10,5,9,13,1496.75,-401.1504,4926.6016,-401.1504,615.50055,-138.62549,69.230774,69.230774,9.990057,7.7957683,4985.003,17.91292,1107.901,-138.62549,55.555557,9.990056,4608.3,16.603987,55.555557,1057.2826,-169.52832,7.7957673,123.61539,6.9580827
1895,l,FALSE,0.05,09:16,15:10,15:15,1,1.5,4,-100,100,100,2,3.5,1000,30,175,1000,0.35,0.9,TRUE,1000,1000,1000,1.5,1000,10,5,6,9,1358.8008,-401.1504,3429.8516,-401.1504,597.87933,-250.6748,77.77778,77.77778,8.347778,7.0293837,3683.8057,13.058876,1046.2888,-250.6748,66.66667,8.34778,3408.0264,12.152361,66.66667,993.3157,-282.61816,7.029385,130.33333,7.154786
1896,l,FALSE,0.05,09:16,15:10,15:15,1,1.5,4,-100,100,100,2,3.5,1000,30,200,1000,0.35,0.9,TRUE,1000,1000,1000,1.5,1000,10,5,5,8,1358.8008,-401.1504,3429.8516,-401.1504,641.0591,-250.6748,75.0,75.0,7.6720004,6.4919834,3345.005,12.087357,1282.1182,-250.6748,60.000004,7.672002,3104.2686,11.281328,60.000004,1223.1683,-282.61816,6.491985,130.875,6.6419597
1897,l,FALSE,0.05,09:16,15:10,15:15,1,1.5,4,-100,100,50,3,1.5,1000,15,150,175,0.35,0.9,TRUE,1000,1000,1000,1.5,1000,10,5,6,6,341.8496,-78.5,341.8496,-78.5,236.83301,-46.716797,50.0,50.0,5.069547,2.9381115,570.34863,3.0517404,236.83301,-46.716797,50.0,5.069547,427.93652,2.4502203,50.0,216.24577,-73.60026,2.9381115,68.0,4.8536415
1898,l,FALSE,0.05,09:16,15:10,15:15,1,1.5,4,-100,100,50,3,1.5,3.5,15,150,175,0.35,0.9,TRUE,1000,1000,1000,1.5,1000,10,5,5,5,341.8496,-78.5,341.8496,-78.5,236.83301,-52.875,60.000004,60.000004,6.718668,4.1475644,604.749,3.1664004,236.83301,-52.875,60.000004,6.718668,492.32324,2.6648276,60.000004,216.24577,-78.20703,4.1475644,70.6,8.445316
1899,l,FALSE,0.05,09:16,15:10,15:15,1,1.5,4,-100,100,50,3,1.5,1000,20,175,200,0.35,0.9,TRUE,1000,1000,1000,1.5,1000,10,5,6,6,292.04883,-81.54883,292.04883,-81.54883,155.87968,-81.54883,83.33333,83.33333,9.557442,6.1793394,697.8496,2.8804302,155.87968,-81.54883,83.33333,9.557442,547.75586,2.2789905,83.33333,130.70273,-105.75781,6.1793394,81.833336,5.225851
1904,l,FALSE,0.05,09:16,15:10,15:20,1,1.5,4,-100,100,170,2,1,5,20,50,1000,0.35,1,TRUE,1000,1000,1000,1.5,1000,10,5,155,385,1474.3984,-562.5508,4081.246,-1854.5977,205.56773,-161.00992,55.84416,48.05195,1.6147002,1.1775738,16825.375,62.23707,548.0058,-336.6114,50.32258,1.64915,5825.2373,23.705961,43.870968,545.4183,-359.3472,1.1863288,147.413,1.0322032
1900,l,FALSE,0.05,09:16,15:10,15:15,1,1.5,4,-100,100,50,3,2,1000,20,175,200,0.35,0.9,TRUE,1000,1000,1000,1.5,1000,10,5,4,4,292.04883,33.34961,292.04883,0.0,160.5122,NaN,100.0,100.0,NaN,NaN,642.0488,2.6078897,160.5122,NaN,100.0,NaN,538.79297,2.2065816,100.0,134.69824,NaN,NaN,97.5,Infinity
1901,l,FALSE,0.05,09:16,15:10,15:20,1,1.5,4,-100,100,170,2,1,1000,20,50,1000,0.35,1,TRUE,1000,1000,1000,1.5,1000,10,5,156,394,1474.3984,-578.4492,6339.9434,-1854.5977,214.12538,-166.04355,56.09137,48.477158,1.6473744,1.2135367,18596.176,69.53263,588.0654,-349.6529,50.0,1.6818548,7317.6025,30.097906,43.589745,588.89374,-371.89966,1.2235942,147.46701,1.1866409
1902,l,FALSE,0.05,09:16,15:10,15:20,1,1.5,4,-100,100,170,2,1,6,20,50,1000,0.35,1,TRUE,1000,1000,1000,1.5,1000,10,5,156,392,1474.3984,-578.4492,5784.244,-1854.5977,212.57278,-164.66153,56.122444,48.469387,1.651238,1.2137665,18444.227,68.65673,580.9411,-344.47662,50.0,1.6864456,7231.2607,29.422441,43.589745,581.1424,-366.89117,1.2239722,147.42857,1.2168548
1903,l,FALSE,0.05,09:16,15:10,15:20,1,1.5,4,-100,100,170,2,1,5.5,20,50,1000,0.35,1,TRUE,1000,1000,1000,1.5,1000,10,5,155,390,1474.3984,-578.4492,4979.3945,-1854.5977,209.86832,-163.45108,56.153847,48.46154,1.6443985,1.2053769,18011.027,66.79083,570.62244,-344.12372,50.32258,1.6797246,6863.5264,27.75746,43.870968,569.7253,-366.41144,1.2153074,147.35385,1.2026826
1905,l,FALSE,0.05,09:16,15:10,15:20,1,1.5,4,-100,100,170,2,1,2,20,50,1000,0.35,1,TRUE,1000,1000,1000,1.5,1000,10,5,130,264,833.39844,-526.60156,2222.207,-1854.5977,185.62808,-156.82286,59.4697,51.136364,1.7368016,1.2353585,12363.5625,42.084663,412.9109,-275.66998,53.846157,1.747486,4748.421,15.663614,45.384617,419.49313,-281.7137,1.2374012,145.55302,0.92414045
1906,l,FALSE,0.05,09:16,15:10,15:20,1,1.5,4,-100,100,170,2,1,1000,30,100,1000,0.35,1,TRUE,1000,1000,1000,1.5,1000,10,5,96,248,1474.3984,-578.4492,6891.6426,-1815.8945,227.57747,-157.37195,58.064514,53.22581,2.0023088,1.4721857,16404.47,59.803314,619.1442,-337.15298,53.125,2.0812414,9285.442,34.973495,47.916664,601.3505,-367.53363,1.5052838,151.9758,3.707023
1907,l,FALSE,0.05,09:16,15:10,15:20,1,1.5,4,-100,100,170,2,1,6,30,100,1000,0.35,1,TRUE,1000,1000,1000,1.5,1000,10,5,96,246,1474.3984,-578.4492,5784.244,-1815.8945,222.98418,-157.37195,57.723576,52.845528,1.934647,1.4187819,15297.072,55.89508,597.4305,-337.15298,53.125,2.0082512,8235.269,31.267212,47.916664,578.5207,-367.53363,1.4481368,151.65446,3.3141744
1908,l,FALSE,0.05,09:16,15:10,15:20,1,1.5,4,-100,100,170,2,1,1.5,20,50,1000,0.35,1,TRUE,1000,1000,1000,1.5,1000,10,5,106,173,833.39844,-373.64844,1664.2969,-953.6992,189.4645,-153.97014,64.16185,56.647396,2.203041,1.554442,11484.411,39.226925,317.68497,-237.06992,62.26415,2.2110784,6414.2217,21.907328,53.773582,314.32504,-234.74095,1.5576464,147.60693,2.6227813
1909,l,FALSE,0.05,09:16,15:10,15:20,1,1.5,4,-100,100,170,2,1.5,1000,30,100,1000,0.35,1,TRUE,1000,1000,1000,1.5,1000,10,5,70,173,1474.3984,-578.4492,6891.6426,-1815.8945,234.48097,-157.57442,57.80347,51.445084,2.0384455,1.515234,11945.166,45.78438,588.28815,-325.3057,54.285717,2.1474946,7120.951,28.461546,51.428574,547.7705,-370.55255,1.5652094,150.94798,2.5681949
1910,l,FALSE,0.05,09:16,15:10,15:15,1,1.5,4,-100,100,100,2,1.5,1000,30,175,1000,0.35,1,TRUE,1000,1000,1000,1.5,1000,10,5,50,77,1496.75,-469.94922,4926.6016,-562.9512,263.1969,-171.28352,61.03896,53.246754,2.407364,1.8152581,7231.749,27.772404,473.10797,-211.21077,52.0,2.4266453,5011.216,20.058598,48.0,464.79163,-236.29935,1.8156564,105.454544,4.0168343
1911,l,FALSE,0.05,09:16,15:10,15:15,1,1.5,4,-100,100,100,2,2.5,1000,30,175,1000,0.35,1,TRUE,1000,1000,1000,1.5,1000,10,5,20,29,1496.75,-440.55078,4926.6016,-440.55078,418.76294,-127.74625,55.172413,55.172413,4.0345645,3.0221455,5039.506,18.092844,744.46747,-150.97284,45.0,4.034565,4178.5947,15.183824,45.0,693.8901,-187.856,3.022146,107.0,2.758087
1912,l,FALSE,0.05,09:16,15:10,15:15,1,1.5,4,-100,100,100,2,3,1000,30,175,1000,0.35,1,TRUE,1000,1000,1000,1.5,1000,10,5,10,14,1496.75,-440.55078,4926.6016,-440.55078,587.83057,-146.22559,71.42857,71.42857,10.050064,7.889411,5293.4033,18.76051,979.7176,-146.22559,60.000004,10.050065,4881.6045,17.351156,60.000004,931.6951,-177.1416,7.889411,123.71429,6.9123955
1913,l,FALSE,0.05,09:16,15:10,15:15,1,1.5,4,-100,100,100,2,3,1000,30,200,1000,0.35,1,TRUE,1000,1000,1000,1.5,1000,10,5,9,13,1496.75,-440.55078,4926.6016,-440.55078,615.50055,-148.47559,69.230774,69.230774,9.327301,7.367102,4945.6025,17.761303,1107.901,-148.47559,55.555557,9.3273,4568.843,16.452452,55.555557,1057.2826,-179.39258,7.367101,123.38461,6.4829
1914,l,FALSE,0.05,09:16,15:10,15:15,1,1.5,4,-100,100,100,2,3.5,1000,30,175,1000,0.35,1,TRUE,1000,1000,1000,1.5,1000,10,5,6,9,1358.8008,-440.55078,3429.8516,-440.55078,597.87933,-270.375,77.77778,77.77778,7.7395387,6.570707,3644.4053,12.907258,1046.2888,-270.375,66.66667,7.73954,3368.5693,12.000827,66.66667,993.3157,-302.34668,6.5707083,130.0,6.486835
1915,l,FALSE,0.05,09:16,15:10,15:15,1,1.5,4,-100,100,100,2,3.5,1000,30,200,1000,0.35,1,TRUE,1000,1000,1000,1.5,1000,10,5,5,8,1358.8008,-440.55078,3429.8516,-440.55078,641.0591,-270.375,75.0,75.0,7.1129994,6.0683737,3305.6045,11.935739,1282.1182,-270.375,60.000004,7.1130004,3064.8115,11.129794,60.000004,1223.1683,-302.34668,6.0683746,130.5,6.0160136
1916,l,FALSE,0.05,09:16,15:10,15:15,1,1.5,4,-100,100,50,3,1.5,1000,15,150,175,0.35,1,TRUE,1000,1000,1000,1.5,1000,10,5,6,6,341.8496,-78.5,341.8496,-78.5,236.83301,-46.716797,50.0,50.0,5.069547,2.9381115,570.34863,3.0517404,236.83301,-46.716797,50.0,5.069547,427.93652,2.4502203,50.0,216.24577,-73.60026,2.9381115,68.0,4.8536415
1917,l,FALSE,0.05,09:16,15:10,15:15,1,1.5,4,-100,100,50,3,1.5,3.5,15,150,175,0.35,1,TRUE,1000,1000,1000,1.5,1000,10,5,5,5,341.8496,-78.5,341.8496,-78.5,236.83301,-52.875,60.000004,60.000004,6.718668,4.1475644,604.749,3.1664004,236.83301,-52.875,60.000004,6.718668,492.32324,2.6648276,60.000004,216.24577,-78.20703,4.1475644,70.6,8.445316
1918,l,FALSE,0.05,09:16,15:10,15:15,1,1.5,4,-100,100,50,3,1.5,1000,20,175,200,0.35,1,TRUE,1000,1000,1000,1.5,1000,10,5,6,6,292.04883,-81.54883,292.04883,-81.54883,155.87968,-81.54883,83.33333,83.33333,9.557442,6.1793394,697.8496,2.8804302,155.87968,-81.54883,83.33333,9.557442,547.75586,2.2789905,83.33333,130.70273,-105.75781,6.1793394,81.833336,5.225851
1919,l,FALSE,0.05,09:16,15:10,15:15,1,1.5,4,-100,100,50,3,2,1000,20,175,200,0.35,1,TRUE,1000,1000,1000,1.5,1000,10,5,4,4,292.04883,33.34961,292.04883,0.0,160.5122,NaN,100.0,100.0,NaN,NaN,642.0488,2.6078897,160.5122,NaN,100.0,NaN,538.79297,2.2065816,100.0,134.69824,NaN,NaN,97.5,Infinity
1920,l,FALSE,0.05,09:16,15:10,15:20,1,1.5,4,-100,100,170,2,1,1000,20,50,1000,0.4,0.45,TRUE,1000,1000,1000,1.5,1000,10,5,113,155,833.39844,-599.75,1328.6523,-1095.1484,208.12442,-157.80212,54.19355,49.032257,1.5603827,1.1384935,6278.5,19.994236,265.0344,-218.03471,56.63717,1.587671,1843.9111,4.48421,49.55752,258.9852,-222.0923,1.1456571,141.3613,0.5290308
1921,l,FALSE,0.05,09:16,15:10,15:20,1,1.5,4,-100,100,170,2,1,6,20,50,1000,0.4,0.45,TRUE,1000,1000,1000,1.5,1000,10,5,112,154,833.39844,-599.75,1328.6523,-1095.1484,203.44098,-157.80212,53.896107,48.701298,1.5071114,1.0958124,5681.6504,17.88462,259.7675,-218.03471,56.25,1.5318054,1275.6533,2.4756527,49.107143,253.36208,-222.0923,1.1007683,141.03896,0.29206848
1922,l,FALSE,0.05,09:16,15:10,15:20,1,1.5,4,-100,100,170,2,1,5.5,20,50,1000,0.4,0.45,TRUE,1000,1000,1000,1.5,1000,10,5,112,154,833.39844,-599.75,1328.6523,-1095.1484,203.44098,-157.80212,53.896107,48.701298,1.5071114,1.0958124,5681.6504,17.88462,259.7675,-218.03471,56.25,1.5318054,1275.6533,2.4756527,49.107143,253.36208,-222.0923,1.1007683,141.03896,0.29206848
1923,l,FALSE,0.05,09:16,15:10,15:20,1,1.5,4,-100,100,170,2,1,5,20,50,1000,0.4,0.45,TRUE,1000,1000,1000,1.5,1000,10,5,111,152,833.39844,-599.75,1328.6523,-1095.1484,204.69444,-157.80212,53.289474,48.026314,1.4798574,1.076631,5376.3,16.671227,259.0323,-218.03471,55.855858,1.5032246,1020.26855,1.4628699,48.64865,253.32462,-222.0923,1.0805947,140.83553,0.17258406
1924,l,FALSE,0.05,09:16,15:10,15:20,1,1.5,4,-100,100,170,2,1,2,20,50,1000,0.4,0.45,TRUE,1000,1000,1000,1.5,1000,10,5,81,107,833.39844,-473.75,1328.6523,-1095.1484,206.7401,-149.72655,56.074768,50.46729,1.7627038,1.2628208,5367.259,15.513862,262.26715,-204.68523,58.024693,1.7712358,2224.1465,4.8060737,50.617283,257.9559,-208.80112,1.2662997,140.97197,0.51749563
1925,l,FALSE,0.05,09:16,15:10,15:20,1,1.5,4,-100,100,170,2,1,1000,30,100,1000,0.4,0.45,TRUE,1000,1000,1000,1.5,1000,10,5,67,90,833.39844,-473.75,1253.2988,-819.75,207.9729,-147.0,57.77778,55.555557,1.936017,1.404986,5228.591,16.661917,264.16605,-197.70558,59.701492,1.9794943,2686.3213,7.6535764,56.71642,237.33221,-218.35527,1.4242251,145.07777,1.3694996
1926,l,FALSE,0.05,09:16,15:10,15:20,1,1.5,4,-100,100,170,2,1,6,30,100,1000,0.4,0.45,TRUE,1000,1000,1000,1.5,1000,10,5,66,89,833.39844,-473.75,1253.2988,-819.75,200.34787,-147.0,57.303368,55.05618,1.8291692,1.319316,4631.741,14.552299,255.6357,-197.70558,59.090908,1.867684,2118.0635,5.6450195,56.060608,228.38828,-218.35527,1.3344855,144.5618,1.0100965
1927,l,FALSE,0.05,09:16,15:10,15:20,1,1.5,4,-100,100,170,2,1,1.5,20,50,1000,0.4,0.45,TRUE,1000,1000,1000,1.5,1000,10,5,60,71,833.39844,-414.94922,1328.6523,-621.39844,217.2168,-158.5397,59.154926,56.33803,1.9842967,1.4384669,4525.454,14.099994,246.57042,-199.89789,61.666668,1.984297,2403.705,6.9929194,58.333332,225.30792,-219.2829,1.4384664,143.01408,1.2759151
1928,l,FALSE,0.05,09:16,15:10,15:20,1,1.5,4,-100,100,170,2,1.5,1000,30,100,1000,0.4,0.45,TRUE,1000,1000,1000,1.5,1000,10,5,48,62,627.10156,-473.75,733.39844,-473.75,197.02687,-147.65797,59.67742,58.064514,1.9748327,1.4437857,3598.545,12.0478115,234.73483,-191.30556,62.5,2.0450253,1930.2773,5.8418016,60.416668,206.17336,-213.0921,1.476759,142.98387,1.0912575
1929,l,FALSE,0.05,09:16,15:10,15:15,1,1.5,4,-100,100,100,2,1.5,1000,30,175,1000,0.4,0.45,TRUE,1000,1000,1000,1.5,1000,10,5,29,33,1496.75,-420.70312,1496.75,-428.44922,232.88356,-159.69206,63.636364,54.545456,2.5520756,1.8857893,2974.25,12.431061,255.50822,-188.04062,65.51724,2.5817065,2032.4414,9.124871,58.62069,254.52585,-191.20818,1.8857889,109.36364,3.3418524
1930,l,FALSE,0.05,09:16,15:10,15:15,1,1.5,4,-100,100,100,2,2.5,1000,30,175,1000,0.4,0.45,TRUE,1000,1000,1000,1.5,1000,10,5,12,13,1496.75,-265.3496,1496.75,-265.3496,355.2754,-155.84291,46.153847,38.46154,1.9540303,1.5068771,1040.752,4.2217793,355.2754,-181.81673,50.0,1.9540303,660.1201,2.9196606,41.666664,392.48965,-186.04688,1.5068767,94.92308,0.674988
1931,l,FALSE,0.05,09:16,15:10,15:15,1,1.5,4,-100,100,100,2,3,1000,30,175,1000,0.4,0.45,TRUE,1000,1000,1000,1.5,1000,10,5,5,5,1496.75,-105.75,1496.75,-105.75,513.4258,-105.75,80.0,80.0,19.42036,14.559143,1947.9531,7.111777,513.4258,-105.75,80.0,19.42036,1804.081,6.6082115,80.0,484.28345,-133.05273,14.559143,126.6,13.585785
1932,l,FALSE,0.05,09:16,15:10,15:15,1,1.5,4,-100,100,100,2,3,1000,30,200,1000,0.4,0.45,TRUE,1000,1000,1000,1.5,1000,10,5,4,4,1496.75,-105.75,1496.75,-105.75,573.6003,-105.75,75.0,75.0,16.272348,12.320515,1615.0508,6.157333,573.6003,-105.75,75.0,16.272348,1506.2256,5.7542486,75.0,546.4261,-133.05273,12.320515,127.0,11.830127
1933,l,FALSE,0.05,09:16,15:10,15:15,1,1.5,4,-100,100,100,2,3.5,1000,30,175,1000,0.4,0.45,TRUE,1000,1000,1000,1.5,1000,10,5,3,3,332.90234,97.55078,332.90234,0.0,185.65105,NaN,100.0,100.0,NaN,NaN,556.9531,2.0596094,185.65105,NaN,100.0,NaN,468.65137,1.7585725,100.0,156.21712,NaN,NaN,113.0,Infinity
1934,l,FALSE,0.05,09:16,15:10,15:15,1,1.5,4,-100,100,100,2,3.5,1000,30,200,1000,0.4,0.45,TRUE,1000,1000,1000,1.5,1000,10,5,2,2,126.5,97.55078,126.5,0.0,112.02539,NaN,100.0,100.0,NaN,NaN,224.05078,1.1051656,112.02539,NaN,100.0,NaN,170.7959,0.90460944,100.0,85.39795,NaN,NaN,107.0,Infinity
1936,l,FALSE,0.05,09:16,15:10,15:15,1,1.5,4,-100,100,50,3,1.5,3.5,15,150,175,0.4,0.45,TRUE,1000,1000,1000,1.5,1000,10,5,2,2,231.2998,-78.5,231.2998,-78.5,231.2998,-78.5,50.0,50.0,2.9464943,1.8795487,152.7998,1.2960804,231.2998,-78.5,50.0,2.9464943,101.024414,1.0954385,50.0,215.88379,-114.859375,1.8795487,96.5,3.4716408
1937,l,FALSE,0.05,09:16,15:10,15:15,1,1.5,4,-100,100,50,3,1.5,1000,20,175,200,0.4,0.45,TRUE,1000,1000,1000,1.5,1000,10,5,1,1,47.30078,47.30078,47.30078,0.0,47.30078,NaN,100.0,100.0,NaN,NaN,47.30078,0.12986854,47.30078,NaN,100.0,NaN,10.855469,0.029804662,100.0,10.855469,NaN,NaN,75.0,Infinity
1938,l,FALSE,0.05,09:16,15:10,15:15,1,1.5,4,-100,100,50,3,2,1000,20,175,200,0.4,0.45,TRUE,1000,1000,1000,1.5,1000,10,5,1,1,47.30078,47.30078,47.30078,0.0,47.30078,NaN,100.0,100.0,NaN,NaN,47.30078,0.12986854,47.30078,NaN,100.0,NaN,10.855469,0.029804662,100.0,10.855469,NaN,NaN,75.0,Infinity
1939,l,FALSE,0.05,09:16,15:10,15:20,1,1.5,4,-100,100,170,2,1,1000,20,50,1000,0.4,0.5,TRUE,1000,1000,1000,1.5,1000,10,5,131,206,830.0469,-599.75,1725.5508,-1522.2969,210.69057,-160.85986,53.88349,48.54369,1.530371,1.1191037,8104.965,27.321918,345.08038,-225.69756,50.38168,1.5524728,2168.5254,6.7082453,45.801525,328.39935,-246.978,1.1236651,141.13593,0.67311096
1935,l,FALSE,0.05,09:16,15:10,15:15,1,1.5,4,-100,100,50,3,1.5,1000,15,150,175,0.4,0.45,TRUE,1000,1000,1000,1.5,1000,10,5,2,2,231.2998,-78.5,231.2998,-78.5,231.2998,-78.5,50.0,50.0,2.9464943,1.8795487,152.7998,1.2960804,231.2998,-78.5,50.0,2.9464943,101.024414,1.0954385,50.0,215.88379,-114.859375,1.8795487,96.5,3.4716408
1940,l,FALSE,0.05,09:16,15:10,15:20,1,1.5,4,-100,100,170,2,1,6,20,50,1000,0.4,0.5,TRUE,1000,1000,1000,1.5,1000,10,5,129,204,830.0469,-599.75,1725.5508,-1522.2969,206.91093,-158.49829,53.92157,48.52941,1.5276494,1.1119056,7861.3633,26.135143,340.75162,-223.24208,50.387596,1.5502268,1990.4883,5.722084,45.736435,323.83203,-244.50859,1.1162968,141.01471,0.64753294
1941,l,FALSE,0.05,09:16,15:10,15:20,1,1.5,4,-100,100,170,2,1,5.5,20,50,1000,0.4,0.5,TRUE,1000,1000,1000,1.5,1000,10,5,129,204,830.0469,-599.75,1725.5508,-1522.2969,206.91093,-158.49829,53.92157,48.52941,1.5276494,1.1119056,7861.3633,26.135143,340.75162,-223.24208,50.387596,1.5502268,1990.4883,5.722084,45.736435,323.83203,-244.50859,1.1162968,141.01471,0.64753294
1942,l,FALSE,0.05,09:16,15:10,15:20,1,1.5,4,-100,100,170,2,1,5,20,50,1000,0.4,0.5,TRUE,1000,1000,1000,1.5,1000,10,5,128,201,830.0469,-599.75,1725.5508,-1522.2969,204.36916,-158.49829,53.233833,47.761192,1.467732,1.0663707,6968.661,23.114916,332.1274,-223.24208,50.0,1.4877455,1180.5527,3.0033712,45.3125,315.4509,-244.50859,1.0689752,140.97015,0.2848775
1943,l,FALSE,0.05,09:16,15:10,15:20,1,1.5,4,-100,100,170,2,1,2,20,50,1000,0.4,0.5,TRUE,1000,1000,1000,1.5,1000,10,5,91,138,830.0469,-473.75,1725.5508,-1522.2969,206.95703,-149.54572,57.246376,52.898552,1.8530251,1.3289099,7526.408,23.744194,331.31955,-207.33928,53.846157,1.8642851,3497.163,9.932293,50.549454,304.76538,-233.82323,1.3323654,140.49275,1.038809
1944,l,FALSE,0.05,09:16,15:10,15:20,1,1.5,4,-100,100,170,2,1,1000,30,100,1000,0.4,0.5,TRUE,1000,1000,1000,1.5,1000,10,5,85,124,830.0469,-473.75,1725.5508,-1246.8984,210.32883,-151.46796,55.64516,53.22581,1.7420652,1.2622582,6181.952,20.889734,314.99088,-199.81595,52.941177,1.7734556,2608.4102,8.479297,50.588238,283.9386,-228.59402,1.2716827,145.58871,1.2437863
1945,l,FALSE,0.05,09:16,15:10,15:20,1,1.5,4,-100,100,170,2,1,6,30,100,1000,0.4,0.5,TRUE,1000,1000,1000,1.5,1000,10,5,84,123,830.0469,-473.75,1725.5508,-1246.8984,204.20941,-151.46796,55.284554,52.845528,1.6668681,1.2021459,5555.503,18.673176,307.9123,-199.81595,52.380955,1.6950777,2010.5371,6.363851,50.0,276.46396,-228.59402,1.2094103,145.20325,0.93348205
1946,l,FALSE,0.05,09:16,15:10,15:20,1,1.5,4,-100,100,170,2,1,1.5,20,50,1000,0.4,0.5,TRUE,1000,1000,1000,1.5,1000,10,5,71,89,830.0469,-414.94922,1328.8516,-621.39844,211.12924,-156.58054,59.55056,56.179775,1.9851071,1.4228173,5552.95,17.650894,266.425,-194.37584,59.154926,1.985107,2867.2773,8.74205,54.929577,247.40105,-211.9176,1.4228172,143.7528,1.4028387
1947,l,FALSE,0.05,09:16,15:10,15:20,1,1.5,4,-100,100,170,2,1.5,1000,30,100,1000,0.4,0.5,TRUE,1000,1000,1000,1.5,1000,10,5,60,83,627.10156,-473.75,892.5508,-857.0996,204.07013,-145.1718,56.626503,54.21687,1.8352382,1.3328556,4365.1113,15.374979,280.70447,-181.41243,55.0,1.8911783,2076.7373,7.06734,51.666664,257.12497,-203.2461,1.3523394,145.55421,1.1638823
1948,l,FALSE,0.05,09:16,15:10,15:15,1,1.5,4,-100,100,100,2,1.5,1000,30,175,1000,0.4,0.5,TRUE,1000,1000,1000,1.5,1000,10,5,37,44,1496.75,-469.94922,2496.5,-687.3008,240.62222,-196.29512,56.81818,47.727272,1.6129191,1.2359756,2285.9482,10.581029,284.74557,-230.85681,56.75676,1.6188762,1025.1592,6.1757593,48.64865,298.30573,-228.64967,1.2359757,103.90909,0.9637663
1949,l,FALSE,0.05,09:16,15:10,15:15,1,1.5,4,-100,100,100,2,2.5,1000,30,175,1000,0.4,0.5,TRUE,1000,1000,1000,1.5,1000,10,5,17,19,1496.75,-404.3496,2496.5,-404.3496,399.02527,-143.12714,42.105263,36.842106,2.0275693,1.5520431,1617.8037,6.3321643,456.02887,-157.43985,41.17647,2.0275693,1059.3291,4.428987,35.294117,496.37582,-174.4478,1.5520427,101.31579,0.68983537
1952,l,FALSE,0.05,09:16,15:10,15:15,1,1.5,4,-100,100,100,2,3.5,1000,30,175,1000,0.4,0.5,TRUE,1000,1000,1000,1.5,1000,10,5,5,5,999.75,-404.3496,999.75,-404.3496,389.17578,-404.3496,80.0,80.0,3.849894,3.3545444,1152.3535,4.016131,389.17578,-404.3496,80.0,3.849894,1010.65137,3.5141172,80.0,359.97144,-429.23438,3.3545444,116.6,2.0537925
1953,l,FALSE,0.05,09:16,15:10,15:15,1,1.5,4,-100,100,100,2,3.5,1000,30,200,1000,0.4,0.5,TRUE,1000,1000,1000,1.5,1000,10,5,4,4,999.75,-404.3496,999.75,-404.3496,407.9336,-404.3496,75.0,75.0,3.0265908,2.6606216,819.4512,3.0616875,407.9336,-404.3496,75.0,3.0265908,712.7959,2.6601543,75.0,380.67676,-429.23438,2.6606216,114.5,1.5547019
1954,l,FALSE,0.05,09:16,15:10,15:15,1,1.5,4,-100,100,50,3,1.5,1000,15,150,175,0.4,0.5,TRUE,1000,1000,1000,1.5,1000,10,5,2,2,231.2998,-78.5,231.2998,-78.5,231.2998,-78.5,50.0,50.0,2.9464943,1.8795487,152.7998,1.2960804,231.2998,-78.5,50.0,2.9464943,101.024414,1.0954385,50.0,215.88379,-114.859375,1.8795487,96.5,3.4716408
1950,l,FALSE,0.05,09:16,15:10,15:15,1,1.5,4,-100,100,100,2,3,1000,30,175,1000,0.4,0.5,TRUE,1000,1000,1000,1.5,1000,10,5,8,9,1496.75,-404.3496,2496.5,-404.3496,610.6906,-137.1753,55.555557,55.555557,5.564875,4.32593,2504.752,8.956944,763.3633,-137.1753,50.0,5.5648746,2236.0576,8.052458,50.0,727.09204,-168.07764,4.3259296,116.22222,3.396
1951,l,FALSE,0.05,09:16,15:10,15:15,1,1.5,4,-100,100,100,2,3,1000,30,200,1000,0.4,0.5,TRUE,1000,1000,1000,1.5,1000,10,5,6,7,1496.75,-404.3496,2496.5,-404.3496,680.1377,-174.91731,57.14286,57.14286,5.1844516,4.238531,2195.7988,8.076252,906.8503,-174.91731,50.0,5.184451,1994.6123,7.372211,50.0,870.1709,-205.30013,4.2385306,119.42857,3.3549027
1955,l,FALSE,0.05,09:16,15:10,15:15,1,1.5,4,-100,100,50,3,1.5,3.5,15,150,175,0.4,0.5,TRUE,1000,1000,1000,1.5,1000,10,5,2,2,231.2998,-78.5,231.2998,-78.5,231.2998,-78.5,50.0,50.0,2.9464943,1.8795487,152.7998,1.2960804,231.2998,-78.5,50.0,2.9464943,101.024414,1.0954385,50.0,215.88379,-114.859375,1.8795487,96.5,3.4716408
1956,l,FALSE,0.05,09:16,15:10,15:15,1,1.5,4,-100,100,50,3,1.5,1000,20,175,200,0.4,0.5,TRUE,1000,1000,1000,1.5,1000,10,5,2,2,47.30078,-81.54883,47.30078,-81.54883,47.30078,-81.54883,50.0,50.0,0.5800302,0.1026446,-34.248047,-0.2064035,47.30078,-81.54883,50.0,0.5800302,-94.90234,-0.40629476,50.0,10.855469,-105.75781,0.1026446,57.5,-Infinity
1957,l,FALSE,0.05,09:16,15:10,15:15,1,1.5,4,-100,100,50,3,2,1000,20,175,200,0.4,0.5,TRUE,1000,1000,1000,1.5,1000,10,5,1,1,47.30078,47.30078,47.30078,0.0,47.30078,NaN,100.0,100.0,NaN,NaN,47.30078,0.12986854,47.30078,NaN,100.0,NaN,10.855469,0.029804662,100.0,10.855469,NaN,NaN,75.0,Infinity
1958,l,FALSE,0.05,09:16,15:10,15:20,1,1.5,4,-100,100,170,2,1,1000,20,50,1000,0.4,0.6,TRUE,1000,1000,1000,1.5,1000,10,5,138,258,1474.3984,-599.75,3479.5469,-1497.7988,232.26575,-163.20918,54.26357,48.062016,1.688444,1.2551923,13258.52,45.533657,474.86047,-261.36807,48.550724,1.71447,5851.461,19.710913,43.47826,465.3775,-282.96396,1.2651176,147.14342,1.6298139
1959,l,FALSE,0.05,09:16,15:10,15:20,1,1.5,4,-100,100,170,2,1,6,20,50,1000,0.4,0.6,TRUE,1000,1000,1000,1.5,1000,10,5,138,257,1474.3984,-599.75,2853.0977,-1497.7988,229.4299,-163.20918,54.0856,47.85992,1.6559155,1.2291178,12632.07,43.317104,465.5105,-261.36807,48.550724,1.6807123,5253.588,17.59546,43.47826,455.41296,-282.96396,1.2380292,146.96498,1.4548957
1960,l,FALSE,0.05,09:16,15:10,15:20,1,1.5,4,-100,100,170,2,1,5.5,20,50,1000,0.4,0.6,TRUE,1000,1000,1000,1.5,1000,10,5,137,256,1474.3984,-599.75,2853.0977,-1497.7988,229.4299,-161.90541,54.296875,48.046875,1.6835173,1.2483195,12947.82,44.167946,465.5105,-260.5912,48.90511,1.7098047,5606.291,18.545887,43.79562,455.41296,-282.05826,1.2581345,147.07812,1.6642723
1961,l,FALSE,0.05,09:16,15:10,15:20,1,1.5,4,-100,100,170,2,1,5,20,50,1000,0.4,0.6,TRUE,1000,1000,1000,1.5,1000,10,5,136,252,1474.3984,-599.75,2853.0977,-1497.7988,227.90994,-158.31451,53.968258,47.61905,1.68781,1.2462692,12631.268,42.71994,459.00308,-252.32762,48.52941,1.7151287,5408.6445,17.498587,43.38235,449.3651,-274.07657,1.2562865,147.40079,1.5676179
1962,l,FALSE,0.05,09:16,15:10,15:20,1,1.5,4,-100,100,170,2,1,2,20,50,1000,0.4,0.6,TRUE,1000,1000,1000,1.5,1000,10,5,103,174,833.39844,-506.19922,1717.3984,-1497.7988,207.74347,-153.54198,56.89655,51.14943,1.7859699,1.2888238,9050.955,27.821205,378.37976,-232.27658,52.427185,1.7952303,3994.3926,10.407307,49.51456,347.28485,-263.79108,1.2911971,146.51724,0.8815134
1963,l,FALSE,0.05,09:16,15:10,15:20,1,1.5,4,-100,100,170,2,1,1000,30,100,1000,0.4,0.6,TRUE,1000,1000,1000,1.5,1000,10,5,87,157,1474.3984,-578.4492,3479.5469,-1248.0977,243.45103,-153.07965,57.324837,53.503185,2.136298,1.5827676,11654.258,39.187508,469.3248,-242.30939,52.873566,2.1730878,7147.245,23.467953,49.425285,441.42743,-268.95755,1.6039517,152.10191,3.5952613
1964,l,FALSE,0.05,09:16,15:10,15:20,1,1.5,4,-100,100,170,2,1,6,30,100,1000,0.4,0.6,TRUE,1000,1000,1000,1.5,1000,10,5,87,156,1474.3984,-578.4492,2853.0977,-1248.0977,239.14769,-153.07965,57.051285,53.205128,2.0752192,1.5340185,11027.809,36.97095,455.70636,-242.30939,52.873566,2.1100311,6549.372,21.352505,49.425285,427.52335,-268.95755,1.5534304,151.83974,3.2711773
1968,l,FALSE,0.05,09:16,15:10,15:15,1,1.5,4,-100,100,100,2,2.5,1000,30,175,1000,0.4,0.6,TRUE,1000,1000,1000,1.5,1000,10,5,17,19,1496.75,-401.1504,2529.2012,-401.1504,400.18762,-142.33168,42.105263,42.105263,2.04484,1.564173,1635.8525,6.3896217,457.35727,-156.56485,41.17647,2.0448403,1077.3877,4.486415,41.17647,426.72336,-190.96758,1.5641732,101.789474,0.702332
1969,l,FALSE,0.05,09:16,15:10,15:15,1,1.5,4,-100,100,100,2,3,1000,30,175,1000,0.4,0.6,TRUE,1000,1000,1000,1.5,1000,10,5,8,9,1496.75,-401.1504,2529.2012,-401.1504,614.5809,-136.37549,55.555557,55.555557,5.6331687,4.3757143,2527.4023,9.057449,768.2261,-136.37549,50.0,5.633168,2258.7217,8.152918,50.0,731.95776,-167.27734,4.375714,116.77778,3.4566536
1965,l,FALSE,0.05,09:16,15:10,15:20,1,1.5,4,-100,100,170,2,1,1.5,20,50,1000,0.4,0.6,TRUE,1000,1000,1000,1.5,1000,10,5,80,111,833.39844,-414.94922,1664.2969,-608.25,215.15941,-152.05592,62.162163,57.657658,2.324646,1.663972,8459.65,26.900503,302.6245,-205.45001,61.25,2.3282647,5136.505,15.787056,56.25,286.0562,-221.02927,1.6639723,152.65765,3.098568
1966,l,FALSE,0.05,09:16,15:10,15:20,1,1.5,4,-100,100,170,2,1.5,1000,30,100,1000,0.4,0.6,TRUE,1000,1000,1000,1.5,1000,10,5,61,104,1474.3984,-578.4492,3479.5469,-1026.2969,237.7621,-157.91757,59.615387,53.846157,2.2225657,1.6624042,8108.712,29.571661,424.4235,-234.13654,55.737705,2.2826817,5233.21,19.156904,49.18033,423.85895,-241.37286,1.6993878,147.66347,2.4924657
1967,l,FALSE,0.05,09:16,15:10,15:15,1,1.5,4,-100,100,100,2,1.5,1000,30,175,1000,0.4,0.6,TRUE,1000,1000,1000,1.5,1000,10,5,38,49,1496.75,-469.94922,2529.2012,-666.00195,233.59639,-192.45934,55.10204,48.97959,1.4895949,1.1381114,2072.997,9.638752,298.4383,-246.71806,55.263157,1.4942523,684.417,4.73396,50.0,295.59555,-259.5736,1.1387736,100.5102,0.7218537
1970,l,FALSE,0.05,09:16,15:10,15:15,1,1.5,4,-100,100,100,2,3,1000,30,200,1000,0.4,0.6,TRUE,1000,1000,1000,1.5,1000,10,5,6,7,1496.75,-401.1504,2529.2012,-401.1504,683.5259,-173.8509,57.14286,57.14286,5.2422385,4.2828083,2212.5508,8.159681,911.36786,-173.8509,50.0,5.242238,2011.374,7.455601,50.0,874.6911,-204.23308,4.2828083,120.0,3.3617325
1971,l,FALSE,0.05,09:16,15:10,15:15,1,1.5,4,-100,100,100,2,3.5,1000,30,175,1000,0.4,0.6,TRUE,1000,1000,1000,1.5,1000,10,5,5,5,1032.4512,-401.1504,1032.4512,-401.1504,394.03857,-401.1504,80.0,80.0,3.9290857,3.425434,1175.0039,4.1166353,394.03857,-401.1504,80.0,3.9290857,1033.3154,3.6145778,80.0,364.83716,-426.0332,3.425434,117.6,2.1281078
1972,l,FALSE,0.05,09:16,15:10,15:15,1,1.5,4,-100,100,100,2,3.5,1000,30,200,1000,0.4,0.6,TRUE,1000,1000,1000,1.5,1000,10,5,4,4,1032.4512,-401.1504,1032.4512,-401.1504,412.45117,-401.1504,75.0,75.0,3.0845127,2.712443,836.2031,3.1451166,412.45117,-401.1504,75.0,3.0845127,729.5576,2.7435453,75.0,385.19693,-426.0332,2.712443,115.5,1.6152813
1973,l,FALSE,0.05,09:16,15:10,15:15,1,1.5,4,-100,100,50,3,1.5,1000,15,150,175,0.4,0.6,TRUE,1000,1000,1000,1.5,1000,10,5,3,3,231.2998,-78.5,231.2998,-78.5,184.3247,-78.5,66.66667,66.66667,4.6961718,2.8783422,290.1494,1.9048929,184.3247,-78.5,66.66667,4.6961718,215.74512,1.6039467,66.66667,165.30225,-114.859375,2.8783422,84.666664,5.0831943
1974,l,FALSE,0.05,09:16,15:10,15:15,1,1.5,4,-100,100,50,3,1.5,3.5,15,150,175,0.4,0.6,TRUE,1000,1000,1000,1.5,1000,10,5,3,3,231.2998,-78.5,231.2998,-78.5,184.3247,-78.5,66.66667,66.66667,4.6961718,2.8783422,290.1494,1.9048929,184.3247,-78.5,66.66667,4.6961718,215.74512,1.6039467,66.66667,165.30225,-114.859375,2.8783422,84.666664,5.0831943
1975,l,FALSE,0.05,09:16,15:10,15:15,1,1.5,4,-100,100,50,3,1.5,1000,20,175,200,0.4,0.6,TRUE,1000,1000,1000,1.5,1000,10,5,3,3,137.34961,-81.54883,137.34961,-81.54883,92.325195,-81.54883,66.66667,66.66667,2.264293,1.187394,103.10156,0.40240896,92.325195,-81.54883,66.66667,2.264293,19.81836,0.10221337,66.66667,62.788086,-105.75781,1.187394,58.666668,0.23438087
1976,l,FALSE,0.05,09:16,15:10,15:15,1,1.5,4,-100,100,50,3,2,1000,20,175,200,0.4,0.6,TRUE,1000,1000,1000,1.5,1000,10,5,1,1,47.30078,47.30078,47.30078,0.0,47.30078,NaN,100.0,100.0,NaN,NaN,47.30078,0.12986854,47.30078,NaN,100.0,NaN,10.855469,0.029804662,100.0,10.855469,NaN,NaN,75.0,Infinity
1977,l,FALSE,0.05,09:16,15:10,15:20,1,1.5,4,-100,100,170,2,1,1000,20,50,1000,0.4,0.7,TRUE,1000,1000,1000,1.5,1000,10,5,138,281,1474.3984,-599.75,3476.996,-1494.8984,218.38411,-159.86877,53.736656,46.97509,1.586686,1.1679511,12193.062,42.222954,484.72266,-274.98105,47.826088,1.6158535,4173.667,14.10187,43.47826,464.88345,-304.09412,1.1759604,147.69751,0.9436672
1978,l,FALSE,0.05,09:16,15:10,15:20,1,1.5,4,-100,100,170,2,1,6,20,50,1000,0.4,0.7,TRUE,1000,1000,1000,1.5,1000,10,5,138,280,1474.3984,-599.75,2850.5469,-1494.8984,215.66368,-159.86877,53.571426,46.785717,1.5565434,1.1438923,11566.612,40.006397,475.231,-274.98105,47.826088,1.5842125,3575.794,11.986425,43.47826,454.91895,-304.09412,1.1507543,147.53572,0.80210614
1979,l,FALSE,0.05,09:16,15:10,15:20,1,1.5,4,-100,100,170,2,1,5.5,20,50,1000,0.4,0.7,TRUE,1000,1000,1000,1.5,1000,10,5,137,279,1474.3984,-599.75,2850.5469,-1494.8984,215.66368,-158.6604,53.763443,46.953403,1.5805565,1.160361,11882.362,40.857243,475.231,-274.40683,48.175182,1.6098871,3928.497,12.936853,43.79562,454.91895,-303.46283,1.1681242,147.64157,0.9245058
1984,l,FALSE,0.05,09:16,15:10,15:20,1,1.5,4,-100,100,170,2,1,1.5,20,50,1000,0.4,0.7,TRUE,1000,1000,1000,1.5,1000,10,5,81,120,833.39844,-414.94922,1664.2969,-608.25,210.35075,-143.30003,60.000004,55.0,2.201857,1.5616515,8266.853,26.186817,321.4043,-201.15146,58.024693,2.2087545,4711.4385,14.173735,54.320984,297.72693,-226.71745,1.5616511,153.8,2.397027
1980,l,FALSE,0.05,09:16,15:10,15:20,1,1.5,4,-100,100,170,2,1,5,20,50,1000,0.4,0.7,TRUE,1000,1000,1000,1.5,1000,10,5,136,275,1474.3984,-599.75,2850.5469,-1494.8984,214.13708,-155.3808,53.454548,46.545456,1.5827122,1.1572009,11589.409,39.475414,469.13605,-266.25964,47.794117,1.6130524,3754.462,11.955708,43.38235,449.2629,-295.48114,1.1650164,147.93454,0.8613614
1981,l,FALSE,0.05,09:16,15:10,15:20,1,1.5,4,-100,100,170,2,1,2,20,50,1000,0.4,0.7,TRUE,1000,1000,1000,1.5,1000,10,5,107,192,833.39844,-503.29883,1717.3984,-1494.8984,196.05145,-150.50941,55.729168,48.958336,1.639726,1.1718367,8184.206,25.323225,371.64032,-247.60101,52.33645,1.6481179,2651.2568,6.110582,47.66355,352.1983,-273.40814,1.173162,146.92188,0.4437922
1982,l,FALSE,0.05,09:16,15:10,15:20,1,1.5,4,-100,100,170,2,1,1000,30,100,1000,0.4,0.7,TRUE,1000,1000,1000,1.5,1000,10,5,87,172,1474.3984,-578.4492,3476.996,-1245.1973,228.81607,-151.6253,57.558136,54.651165,2.0465724,1.5030974,11584.144,39.924114,490.2675,-249.47366,51.724136,2.1055791,6675.666,22.704212,49.425285,447.14313,-285.2611,1.5318623,153.18024,3.0949178
1983,l,FALSE,0.05,09:16,15:10,15:20,1,1.5,4,-100,100,170,2,1,6,30,100,1000,0.4,0.7,TRUE,1000,1000,1000,1.5,1000,10,5,87,171,1474.3984,-578.4492,2850.5469,-1245.1973,224.75859,-151.6253,57.309944,54.385967,1.9899762,1.45804,10957.694,37.707558,476.3464,-249.47366,51.724136,2.0457916,6077.793,20.588764,49.425285,433.2391,-285.2611,1.4842287,152.94737,2.8065512
1985,l,FALSE,0.05,09:16,15:10,15:20,1,1.5,4,-100,100,170,2,1.5,1000,30,100,1000,0.4,0.7,TRUE,1000,1000,1000,1.5,1000,10,5,61,118,1474.3984,-578.4492,3476.996,-1026.2969,226.52534,-152.1818,60.169495,55.932205,2.2486126,1.6659046,8930.756,32.731453,455.95874,-243.4015,55.737705,2.358943,5692.955,20.91515,52.459015,422.4195,-269.80927,1.7275834,151.75424,2.7714837
1986,l,FALSE,0.05,09:16,15:10,15:15,1,1.5,4,-100,100,100,2,1.5,1000,30,175,1000,0.4,0.7,TRUE,1000,1000,1000,1.5,1000,10,5,39,53,1496.75,-469.94922,2529.2012,-663.65234,238.41179,-188.68257,56.60377,52.83019,1.6481218,1.2516403,2812.6543,11.567016,338.51926,-238.68056,53.846157,1.6546768,1279.584,6.261268,51.282055,318.16278,-267.56168,1.2517049,101.15094,1.13803
1987,l,FALSE,0.05,09:16,15:10,15:15,1,1.5,4,-100,100,100,2,2.5,1000,30,175,1000,0.4,0.7,TRUE,1000,1000,1000,1.5,1000,10,5,18,21,1496.75,-401.1504,2529.2012,-401.1504,349.9754,-147.027,47.61905,47.61905,2.1639528,1.6395555,1882.457,7.0465975,437.46924,-161.72969,44.444447,2.1639528,1254.3906,4.9430795,44.444447,401.9673,-196.13477,1.6395557,100.61905,0.77382123
1988,l,FALSE,0.05,09:16,15:10,15:15,1,1.5,4,-100,100,100,2,3,1000,30,175,1000,0.4,0.7,TRUE,1000,1000,1000,1.5,1000,10,5,8,10,1496.75,-401.1504,2529.2012,-401.1504,545.5923,-136.37549,60.000004,60.000004,6.0009947,4.61841,2728.0518,9.533385,818.3884,-136.37549,50.0,6.0009937,2421.1113,8.528621,50.0,772.5552,-167.27734,4.6184087,113.5,3.615943
1989,l,FALSE,0.05,09:16,15:10,15:15,1,1.5,4,-100,100,100,2,3,1000,30,200,1000,0.4,0.7,TRUE,1000,1000,1000,1.5,1000,10,5,6,8,1496.75,-401.1504,2529.2012,-401.1504,586.95056,-173.8509,62.5,62.5,5.626953,4.5478477,2413.2002,8.635618,978.251,-173.8509,50.0,5.6269536,2173.7637,7.831304,50.0,928.821,-204.23308,4.5478477,115.5,3.5842845
1990,l,FALSE,0.05,09:16,15:10,15:15,1,1.5,4,-100,100,100,2,3.5,1000,30,175,1000,0.4,0.7,TRUE,1000,1000,1000,1.5,1000,10,5,5,6,1032.4512,-401.1504,1032.4512,-401.1504,354.2209,-401.1504,83.33333,83.33333,4.415062,3.7932124,1369.9541,4.577263,442.77612,-401.1504,80.0,4.4150634,1190.002,3.9749775,80.0,404.0088,-426.0332,3.793214,111.666664,2.3402956
1991,l,FALSE,0.05,09:16,15:10,15:15,1,1.5,4,-100,100,100,2,3.5,1000,30,200,1000,0.4,0.7,TRUE,1000,1000,1000,1.5,1000,10,5,4,5,1032.4512,-401.1504,1032.4512,-401.1504,358.07593,-401.1504,80.0,80.0,3.5704906,3.080223,1031.1533,3.6057441,477.43457,-401.1504,75.0,3.5704904,886.24414,3.103945,75.0,437.42578,-426.0332,3.080223,108.8,1.8274692
1992,l,FALSE,0.05,09:16,15:10,15:15,1,1.5,4,-100,100,50,3,1.5,1000,15,150,175,0.4,0.7,TRUE,1000,1000,1000,1.5,1000,10,5,4,4,231.2998,-78.5,231.2998,-78.5,184.3247,-56.450195,50.0,50.0,3.2652626,1.8444167,255.74902,1.7902329,184.3247,-56.450195,50.0,3.2652626,151.3584,1.3893392,50.0,165.30225,-89.62305,1.8444167,77.25,4.4030647
1993,l,FALSE,0.05,09:16,15:10,15:15,1,1.5,4,-100,100,50,3,1.5,3.5,15,150,175,0.4,0.7,TRUE,1000,1000,1000,1.5,1000,10,5,3,3,231.2998,-78.5,231.2998,-78.5,184.3247,-78.5,66.66667,66.66667,4.6961718,2.8783422,290.1494,1.9048929,184.3247,-78.5,66.66667,4.6961718,215.74512,1.6039467,66.66667,165.30225,-114.859375,2.8783422,84.666664,5.0831943
1994,l,FALSE,0.05,09:16,15:10,15:15,1,1.5,4,-100,100,50,3,1.5,1000,20,175,200,0.4,0.7,TRUE,1000,1000,1000,1.5,1000,10,5,3,3,137.34961,-81.54883,137.34961,-81.54883,92.325195,-81.54883,66.66667,66.66667,2.264293,1.187394,103.10156,0.40240896,92.325195,-81.54883,66.66667,2.264293,19.81836,0.10221337,66.66667,62.788086,-105.75781,1.187394,58.666668,0.23438087
1995,l,FALSE,0.05,09:16,15:10,15:15,1,1.5,4,-100,100,50,3,2,1000,20,175,200,0.4,0.7,TRUE,1000,1000,1000,1.5,1000,10,5,1,1,47.30078,47.30078,47.30078,0.0,47.30078,NaN,100.0,100.0,NaN,NaN,47.30078,0.12986854,47.30078,NaN,100.0,NaN,10.855469,0.029804662,100.0,10.855469,NaN,NaN,75.0,Infinity
1996,l,FALSE,0.05,09:16,15:10,15:20,1,1.5,4,-100,100,170,2,1,1000,20,50,1000,0.4,0.8,TRUE,1000,1000,1000,1.5,1000,10,5,138,303,1474.3984,-599.75,3476.996,-1494.8984,217.87213,-161.36029,53.79538,47.194717,1.5720435,1.1583451,12922.715,47.028343,506.9515,-307.85696,49.275364,1.5996624,4269.0557,16.704851,43.47826,500.85657,-330.54282,1.1655805,148.85149,0.88445216
1997,l,FALSE,0.05,09:16,15:10,15:20,1,1.5,4,-100,100,170,2,1,6,20,50,1000,0.4,0.8,TRUE,1000,1000,1000,1.5,1000,10,5,138,301,1474.3984,-599.75,2850.5469,-1494.8984,215.35004,-159.76686,53.8206,47.176083,1.570936,1.1541419,12679.113,45.841583,497.739,-302.38773,49.275364,1.5989999,4091.0186,15.718687,43.47826,490.89206,-325.1603,1.1613019,148.8206,0.8851636
1998,l,FALSE,0.05,09:16,15:10,15:20,1,1.5,4,-100,100,170,2,1,5.5,20,50,1000,0.4,0.8,TRUE,1000,1000,1000,1.5,1000,10,5,137,300,1474.3984,-599.75,2850.5469,-1494.8984,215.35004,-158.2804,54.000004,47.333332,1.5971799,1.1718863,13044.012,46.82357,497.739,-301.48178,49.635036,1.6270483,4492.8936,16.800184,43.79562,490.89206,-324.164,1.1799992,148.92,1.0074198
1999,l,FALSE,0.05,09:16,15:10,15:20,1,1.5,4,-100,100,170,2,1,5,20,50,1000,0.4,0.8,TRUE,1000,1000,1000,1.5,1000,10,5,137,296,1474.3984,-599.75,2850.5469,-1494.8984,214.03053,-155.25726,53.716217,46.95946,1.5999278,1.1695415,12760.609,45.47037,485.15298,-293.1854,49.635036,1.6307832,4328.417,15.847664,43.79562,478.00763,-316.26025,1.1777436,149.20946,0.9558652
2000,l,FALSE,0.05,09:16,15:10,15:20,1,1.5,4,-100,100,170,2,1,2,20,50,1000,0.4,0.8,TRUE,1000,1000,1000,1.5,1000,10,5,109,204,833.39844,-504.10156,1717.3984,-1494.8984,195.77313,-155.87086,55.39216,48.52941,1.559643,1.120101,7938.115,26.326872,392.0146,-264.42834,51.376144,1.5664133,2045.2158,5.9137206,46.78899,371.47015,-291.3752,1.1210203,146.87254,0.40618363
2001,l,FALSE,0.05,09:16,15:10,15:20,1,1.5,4,-100,100,170,2,1,1000,30,100,1000,0.4,0.8,TRUE,1000,1000,1000,1.5,1000,10,5,87,188,1474.3984,-572.4492,3476.996,-1245.1973,225.59386,-150.56418,56.914894,54.255318,1.979267,1.4500211,11942.844,42.85306,511.23352,-282.2902,52.873566,2.0318778,6588.047,24.031704,49.425285,475.98212,-315.436,1.4746709,153.38298,3.2398996
2002,l,FALSE,0.05,09:16,15:10,15:20,1,1.5,4,-100,100,170,2,1,6,30,100,1000,0.4,0.8,TRUE,1000,1000,1000,1.5,1000,10,5,87,187,1474.3984,-572.4492,2850.5469,-1245.1973,221.81221,-150.56418,56.684494,54.010696,1.9279006,1.4091814,11316.395,40.6365,497.61505,-282.2902,52.873566,1.9777516,5990.174,21.916256,49.425285,462.0781,-315.436,1.431594,153.17113,2.9546983
2003,l,FALSE,0.05,09:16,15:10,15:20,1,1.5,4,-100,100,170,2,1,1.5,20,50,1000,0.4,0.8,TRUE,1000,1000,1000,1.5,1000,10,5,85,125,833.39844,-414.94922,1664.2969,-608.25,207.92834,-143.86427,60.8,55.199997,2.241704,1.5903554,8753.205,28.830196,315.26605,-200.2885,58.823532,2.248657,5077.5137,16.315788,55.29412,290.96826,-226.263,1.5905466,154.28,2.6971765
2004,l,FALSE,0.05,09:16,15:10,15:20,1,1.5,4,-100,100,170,2,1.5,1000,30,100,1000,0.4,0.8,TRUE,1000,1000,1000,1.5,1000,10,5,61,129,1474.3984,-572.4492,3476.996,-1106.3477,218.24284,-156.27301,59.689922,55.03876,2.0679662,1.5278409,8678.503,32.734882,462.38995,-288.65945,57.377045,2.15634,5120.5684,19.818575,52.459015,439.73566,-308.65424,1.5720681,151.05426,2.3732898
2005,l,FALSE,0.05,09:16,15:10,15:15,1,1.5,4,-100,100,100,2,1.5,1000,30,175,1000,0.4,0.8,TRUE,1000,1000,1000,1.5,1000,10,5,39,58,1496.75,-469.94922,3765.252,-663.65234,256.4927,-182.98137,58.62069,51.724136,1.9858015,1.5096148,4329.199,16.847374,412.7501,-241.0307,53.846157,1.9978446,2643.8018,11.038998,48.71795,412.1233,-259.32706,1.5097427,103.086205,1.8620001
2006,l,FALSE,0.05,09:16,15:10,15:15,1,1.5,4,-100,100,100,2,2.5,1000,30,175,1000,0.4,0.8,TRUE,1000,1000,1000,1.5,1000,10,5,18,22,1496.75,-401.1504,3765.252,-401.1504,429.37766,-147.027,50.0,50.0,2.9204001,2.2488298,3105.8574,11.535317,590.3943,-161.72969,44.444447,2.9204004,2449.3896,9.329567,44.444447,551.34216,-196.13477,2.24883,106.0,1.4605099
2007,l,FALSE,0.05,09:16,15:10,15:15,1,1.5,4,-100,100,100,2,3,1000,30,175,1000,0.4,0.8,TRUE,1000,1000,1000,1.5,1000,10,5,8,11,1496.75,-401.1504,3765.252,-401.1504,641.672,-136.37549,63.636364,63.636364,8.234076,6.3965116,3946.2021,14.005272,1122.926,-136.37549,50.0,8.234076,3610.8564,12.898278,50.0,1069.9915,-167.27734,6.3965116,122.90909,5.4685793
2008,l,FALSE,0.05,09:16,15:10,15:15,1,1.5,4,-100,100,100,2,3,1000,30,200,1000,0.4,0.8,TRUE,1000,1000,1000,1.5,1000,10,5,6,9,1496.75,-401.1504,3765.252,-401.1504,692.1506,-173.8509,66.66667,66.66667,7.9625783,6.489659,3631.3506,13.107504,1384.3011,-173.8509,50.0,7.9625764,3363.5088,12.200961,50.0,1325.4027,-204.23308,6.4896574,126.77778,5.584219
2009,l,FALSE,0.05,09:16,15:10,15:15,1,1.5,4,-100,100,100,2,3.5,1000,30,175,1000,0.4,0.8,TRUE,1000,1000,1000,1.5,1000,10,5,5,7,1236.0508,-401.1504,2268.502,-401.1504,503.96762,-401.1504,85.71429,85.71429,7.537836,6.6669617,2622.6553,9.139375,755.9514,-401.1504,80.0,7.5378356,2414.3135,8.434813,80.0,710.0867,-426.0332,6.6669607,126.42857,4.966054
2010,l,FALSE,0.05,09:16,15:10,15:15,1,1.5,4,-100,100,100,2,3.5,1000,30,200,1000,0.4,0.8,TRUE,1000,1000,1000,1.5,1000,10,5,4,6,1236.0508,-401.1504,2268.502,-401.1504,537.001,-401.1504,83.33333,83.33333,6.6932597,5.9539676,2283.8545,8.167855,895.00165,-401.1504,75.0,6.693262,2110.5557,7.56378,75.0,845.5296,-426.0332,5.95397,126.5,4.4532275
2011,l,FALSE,0.05,09:16,15:10,15:15,1,1.5,4,-100,100,50,3,1.5,1000,15,150,175,0.4,0.8,TRUE,1000,1000,1000,1.5,1000,10,5,4,4,231.2998,-78.5,231.2998,-78.5,184.3247,-56.450195,50.0,50.0,3.2652626,1.8444167,255.74902,1.7902329,184.3247,-56.450195,50.0,3.2652626,151.3584,1.3893392,50.0,165.30225,-89.62305,1.8444167,77.25,4.4030647
2012,l,FALSE,0.05,09:16,15:10,15:15,1,1.5,4,-100,100,50,3,1.5,3.5,15,150,175,0.4,0.8,TRUE,1000,1000,1000,1.5,1000,10,5,3,3,231.2998,-78.5,231.2998,-78.5,184.3247,-78.5,66.66667,66.66667,4.6961718,2.8783422,290.1494,1.9048929,184.3247,-78.5,66.66667,4.6961718,215.74512,1.6039467,66.66667,165.30225,-114.859375,2.8783422,84.666664,5.0831943
2013,l,FALSE,0.05,09:16,15:10,15:15,1,1.5,4,-100,100,50,3,1.5,1000,20,175,200,0.4,0.8,TRUE,1000,1000,1000,1.5,1000,10,5,3,3,137.34961,-81.54883,137.34961,-81.54883,92.325195,-81.54883,66.66667,66.66667,2.264293,1.187394,103.10156,0.40240896,92.325195,-81.54883,66.66667,2.264293,19.81836,0.10221337,66.66667,62.788086,-105.75781,1.187394,58.666668,0.23438087
2014,l,FALSE,0.05,09:16,15:10,15:15,1,1.5,4,-100,100,50,3,2,1000,20,175,200,0.4,0.8,TRUE,1000,1000,1000,1.5,1000,10,5,1,1,47.30078,47.30078,47.30078,0.0,47.30078,NaN,100.0,100.0,NaN,NaN,47.30078,0.12986854,47.30078,NaN,100.0,NaN,10.855469,0.029804662,100.0,10.855469,NaN,NaN,75.0,Infinity
2016,l,FALSE,0.05,09:16,15:10,15:20,1,1.5,4,-100,100,170,2,1,6,20,50,1000,0.4,0.9,TRUE,1000,1000,1000,1.5,1000,10,5,138,315,1474.3984,-599.75,4924.5957,-1494.8984,220.71617,-159.82439,53.968258,47.301586,1.619094,1.1950519,14347.213,53.119286,543.0328,-310.36594,48.550724,1.6510811,5405.6064,21.592726,43.47826,531.5237,-339.56174,1.2040943,149.50159,1.0954063
2017,l,FALSE,0.05,09:16,15:10,15:20,1,1.5,4,-100,100,170,2,1,5.5,20,50,1000,0.4,0.9,TRUE,1000,1000,1000,1.5,1000,10,5,137,313,1474.3984,-599.75,4081.246,-1494.8984,217.03194,-158.43115,53.993614,47.284344,1.6077087,1.1826074,13864.3125,51.08232,530.44543,-309.65045,48.90511,1.6396295,4988.1514,19.7568,43.79562,517.9423,-338.81024,1.1912019,149.42172,1.0597765
2018,l,FALSE,0.05,09:16,15:10,15:20,1,1.5,4,-100,100,170,2,1,5,20,50,1000,0.4,0.9,TRUE,1000,1000,1000,1.5,1000,10,5,137,309,1474.3984,-599.75,4081.246,-1494.8984,215.8313,-155.74467,53.721684,46.925564,1.6086935,1.1794952,13556.509,49.685196,517.7529,-301.89905,48.90511,1.6414875,4799.2607,18.760382,43.79562,505.14877,-331.29434,1.188135,149.71521,1.0072119
2019,l,FALSE,0.05,09:16,15:10,15:20,1,1.5,4,-100,100,170,2,1,2,20,50,1000,0.4,0.9,TRUE,1000,1000,1000,1.5,1000,10,5,110,209,833.39844,-526.60156,1717.3984,-1494.8984,195.3799,-152.74994,54.545456,48.32536,1.5349001,1.1002047,7762.0654,26.000683,401.73657,-260.60812,50.0,1.5415351,1747.8164,5.0877094,46.363636,374.01562,-293.67764,1.1008725,147.65071,0.3334676
2015,l,FALSE,0.05,09:16,15:10,15:20,1,1.5,4,-100,100,170,2,1,1000,20,50,1000,0.4,0.9,TRUE,1000,1000,1000,1.5,1000,10,5,138,317,1474.3984,-599.75,5480.295,-1494.8984,222.67514,-161.60707,53.94322,47.31861,1.6138184,1.1943711,14482.814,53.951748,551.3268,-316.28278,48.550724,1.6449397,5475.593,22.224768,43.47826,540.3085,-345.422,1.2032293,149.53313,1.0613363
2020,l,FALSE,0.05,09:16,15:10,15:20,1,1.5,4,-100,100,170,2,1,1000,30,100,1000,0.4,0.9,TRUE,1000,1000,1000,1.5,1000,10,5,87,200,1474.3984,-542.59766,6031.994,-1245.1973,235.76947,-150.85463,57.5,54.5,2.1145008,1.5588461,14290.844,52.335175,574.0976,-295.55228,52.873566,2.1793423,8624.117,32.30902,49.425285,540.04395,-331.76758,1.5907829,154.325,3.535405
2021,l,FALSE,0.05,09:16,15:10,15:20,1,1.5,4,-100,100,170,2,1,6,30,100,1000,0.4,0.9,TRUE,1000,1000,1000,1.5,1000,10,5,87,198,1474.3984,-542.59766,4924.5957,-1245.1973,230.1424,-150.85463,57.07071,54.0404,2.0281382,1.4907942,13183.445,48.42694,550.0237,-295.55228,52.873566,2.0879548,7573.9434,28.602741,49.425285,515.62134,-331.76758,1.5188422,153.9495,3.1298463
2022,l,FALSE,0.05,09:16,15:10,15:20,1,1.5,4,-100,100,170,2,1,1.5,20,50,1000,0.4,0.9,TRUE,1000,1000,1000,1.5,1000,10,5,88,133,833.39844,-414.94922,1664.2969,-608.25,203.35196,-141.68962,60.15037,54.13534,2.1663287,1.527674,8758.606,29.488976,312.0943,-207.50827,59.090908,2.1724575,4851.3936,16.174238,54.545456,292.55295,-229.77872,1.5278332,153.96992,2.6803637
2023,l,FALSE,0.05,09:16,15:10,15:20,1,1.5,4,-100,100,170,2,1.5,1000,30,100,1000,0.4,0.9,TRUE,1000,1000,1000,1.5,1000,10,5,61,140,1474.3984,-542.59766,6031.994,-1065.6953,234.51479,-156.74448,60.000004,54.285717,2.24424,1.671585,10921.552,41.6419,542.71405,-310.51694,57.377045,2.352775,7068.4824,27.62109,52.459015,523.8314,-334.2801,1.7291511,151.93571,3.3959363
2024,l,FALSE,0.05,09:16,15:10,15:15,1,1.5,4,-100,100,100,2,1.5,1000,30,175,1000,0.4,0.9,TRUE,1000,1000,1000,1.5,1000,10,5,39,59,1496.75,-469.94922,3751.6016,-663.65234,265.2288,-183.96477,59.322037,52.54237,2.1025333,1.6033553,4867.8535,18.265884,439.52417,-242.3419,53.846157,2.1159291,3144.3623,12.356799,48.71795,439.7116,-260.5079,1.6035062,103.01695,2.08428
2025,l,FALSE,0.05,09:16,15:10,15:15,1,1.5,4,-100,100,100,2,2.5,1000,30,175,1000,0.4,0.9,TRUE,1000,1000,1000,1.5,1000,10,5,18,23,1496.75,-401.1504,3751.6016,-401.1504,424.5381,-149.17259,52.173912,52.173912,3.104675,2.389898,3453.5586,12.440488,636.8071,-164.08984,44.444447,3.1046758,2758.8994,10.134275,44.444447,592.98303,-198.49649,2.3898985,105.304344,1.5864842
2026,l,FALSE,0.05,09:16,15:10,15:15,1,1.5,4,-100,100,100,2,3,1000,30,175,1000,0.4,0.9,TRUE,1000,1000,1000,1.5,1000,10,5,8,11,1496.75,-401.1504,3751.6016,-401.1504,652.458,-136.37549,63.636364,63.636364,8.372483,6.509406,4021.704,14.18816,1141.8015,-136.37549,50.0,8.372483,3686.3955,13.081075,50.0,1088.8762,-167.27734,6.5094066,123.27273,5.546081
2027,l,FALSE,0.05,09:16,15:10,15:15,1,1.5,4,-100,100,100,2,3,1000,30,200,1000,0.4,0.9,TRUE,1000,1000,1000,1.5,1000,10,5,6,9,1496.75,-401.1504,3751.6016,-401.1504,704.7342,-173.8509,66.66667,66.66667,8.107342,6.612948,3706.8525,13.290392,1409.4684,-173.8509,50.0,8.10734,3439.0479,12.383758,50.0,1350.5824,-204.23308,6.6129465,127.22222,5.6678824
2028,l,FALSE,0.05,09:16,15:10,15:15,1,1.5,4,-100,100,100,2,3.5,1000,30,175,1000,0.4,0.9,TRUE,1000,1000,1000,1.5,1000,10,5,5,7,1236.0508,-401.1504,2254.8516,-401.1504,501.69254,-401.1504,85.71429,85.71429,7.503808,6.6349072,2609.005,9.088821,752.5388,-401.1504,80.0,7.5038075,2400.6572,8.384288,80.0,706.6726,-426.0332,6.6349063,126.71429,4.936307
2029,l,FALSE,0.05,09:16,15:10,15:15,1,1.5,4,-100,100,100,2,3.5,1000,30,200,1000,0.4,0.9,TRUE,1000,1000,1000,1.5,1000,10,5,4,6,1236.0508,-401.1504,2254.8516,-401.1504,534.2709,-401.1504,83.33333,83.33333,6.6592317,5.921913,2270.204,8.117302,890.4515,-401.1504,75.0,6.659234,2096.8994,7.513255,75.0,840.97754,-426.0332,5.9219155,126.833336,4.4234805
2032,l,FALSE,0.05,09:16,15:10,15:15,1,1.5,4,-100,100,50,3,1.5,1000,20,175,200,0.4,0.9,TRUE,1000,1000,1000,1.5,1000,10,5,4,4,137.34961,-81.54883,137.34961,-81.54883,72.666664,-81.54883,75.0,75.0,2.673245,1.3447773,136.45117,0.6022556,72.666664,-81.54883,75.0,2.673245,36.46289,0.2019553,75.0,47.406902,-105.75781,1.3447773,59.75,0.46309462
2033,l,FALSE,0.05,09:16,15:10,15:15,1,1.5,4,-100,100,50,3,2,1000,20,175,200,0.4,0.9,TRUE,1000,1000,1000,1.5,1000,10,5,2,2,47.30078,33.34961,47.30078,0.0,40.325195,NaN,100.0,100.0,NaN,NaN,80.65039,0.3297152,40.325195,NaN,100.0,NaN,27.5,0.12954658,100.0,13.75,NaN,NaN,69.0,Infinity
2034,l,FALSE,0.05,09:16,15:10,15:20,1,1.5,4,-100,100,170,2,1,1000,20,50,1000,0.4,1,TRUE,1000,1000,1000,1.5,1000,10,5,138,327,1474.3984,-599.75,6339.9434,-1815.8945,224.86194,-163.64655,54.128437,47.40061,1.6214032,1.2022173,15253.578,57.613995,573.0083,-325.887,48.550724,1.6592442,5922.709,24.885237,44.2029,552.46356,-360.74768,1.213219,150.13455,1.0530193
2030,l,FALSE,0.05,09:16,15:10,15:15,1,1.5,4,-100,100,50,3,1.5,1000,15,150,175,0.4,0.9,TRUE,1000,1000,1000,1.5,1000,10,5,4,4,231.2998,-78.5,231.2998,-78.5,184.3247,-56.450195,50.0,50.0,3.2652626,1.8444167,255.74902,1.7902329,184.3247,-56.450195,50.0,3.2652626,151.3584,1.3893392,50.0,165.30225,-89.62305,1.8444167,77.25,4.4030647
2031,l,FALSE,0.05,09:16,15:10,15:15,1,1.5,4,-100,100,50,3,1.5,3.5,15,150,175,0.4,0.9,TRUE,1000,1000,1000,1.5,1000,10,5,3,3,231.2998,-78.5,231.2998,-78.5,184.3247,-78.5,66.66667,66.66667,4.6961718,2.8783422,290.1494,1.9048929,184.3247,-78.5,66.66667,4.6961718,215.74512,1.6039467,66.66667,165.30225,-114.859375,2.8783422,84.666664,5.0831943
2035,l,FALSE,0.05,09:16,15:10,15:20,1,1.5,4,-100,100,170,2,1,6,20,50,1000,0.4,1,TRUE,1000,1000,1000,1.5,1000,10,5,138,325,1474.3984,-599.75,5784.244,-1815.8945,222.98218,-162.03513,54.153847,47.384617,1.6255018,1.2023139,15101.629,56.73809,564.71423,-320.20038,48.550724,1.6642683,5836.367,24.209764,44.2029,543.8229,-355.0237,1.2134985,150.10461,1.0785103
2036,l,FALSE,0.05,09:16,15:10,15:20,1,1.5,4,-100,100,170,2,1,5.5,20,50,1000,0.4,1,TRUE,1000,1000,1000,1.5,1000,10,5,137,323,1474.3984,-599.75,4979.3945,-1815.8945,219.65721,-160.61882,54.179565,47.368423,1.6170572,1.1922905,14668.428,54.872185,552.70154,-319.4654,48.90511,1.6559362,5468.633,22.544786,44.525547,531.0956,-354.3184,1.203082,150.03096,1.0560639
2037,l,FALSE,0.05,09:16,15:10,15:20,1,1.5,4,-100,100,170,2,1,5,20,50,1000,0.4,1,TRUE,1000,1000,1000,1.5,1000,10,5,137,318,1474.3984,-599.75,4081.246,-1494.8984,214.47903,-157.77644,53.773582,46.855347,1.581326,1.1592225,13482.776,50.3184,526.3717,-311.20184,48.90511,1.6189265,4430.3438,18.4933,44.525547,503.99918,-346.2317,1.1683669,150.14465,0.8709006
2038,l,FALSE,0.05,09:16,15:10,15:20,1,1.5,4,-100,100,170,2,1,2,20,50,1000,0.4,1,TRUE,1000,1000,1000,1.5,1000,10,5,113,215,833.39844,-526.60156,1717.3984,-1494.8984,193.25302,-152.70312,55.813957,48.837208,1.5985863,1.1431922,8683.567,29.511257,396.5951,-260.34454,51.32743,1.6064384,2500.6445,7.996502,46.902653,374.50372,-289.13422,1.1441455,148.30232,0.5231892
2039,l,FALSE,0.05,09:16,15:10,15:20,1,1.5,4,-100,100,170,2,1,1000,30,100,1000,0.4,1,TRUE,1000,1000,1000,1.5,1000,10,5,87,206,1474.3984,-578.4492,6891.6426,-1815.8945,241.22157,-154.95729,57.281555,54.36893,2.0873895,1.5468756,14827.906,54.844,597.7988,-309.04486,52.873566,2.170239,8949.676,34.21662,50.574715,549.9351,-354.5923,1.5869617,154.49515,2.9995284
2040,l,FALSE,0.05,09:16,15:10,15:20,1,1.5,4,-100,100,170,2,1,6,30,100,1000,0.4,1,TRUE,1000,1000,1000,1.5,1000,10,5,87,204,1474.3984,-578.4492,5784.244,-1815.8945,235.83405,-154.95729,56.862747,53.92157,2.0061798,1.4827043,13720.508,50.93577,573.725,-309.04486,52.873566,2.0828416,7899.502,30.510342,50.574715,526.0675,-354.5923,1.5180863,154.13235,2.6746252
2041,l,FALSE,0.05,09:16,15:10,15:20,1,1.5,4,-100,100,170,2,1,1.5,20,50,1000,0.4,1,TRUE,1000,1000,1000,1.5,1000,10,5,89,135,833.39844,-414.94922,1664.2969,-608.25,200.60127,-144.3231,61.481483,54.814816,2.2185671,1.56511,9145.105,31.195118,313.21896,-207.0972,59.55056,2.2266254,5187.211,17.679535,55.05618,293.13373,-229.40854,1.5652809,154.76297,2.9298186
2042,l,FALSE,0.05,09:16,15:10,15:20,1,1.5,4,-100,100,170,2,1.5,1000,30,100,1000,0.4,1,TRUE,1000,1000,1000,1.5,1000,10,5,61,146,1474.3984,-578.4492,6891.6426,-1815.8945,240.74425,-162.56421,59.58904,54.109592,2.1837263,1.6361257,11353.462,43.585155,570.8599,-331.79367,57.377045,2.3160934,7288.836,28.9634,54.098362,534.3229,-369.4221,1.7046564,152.11644,3.4351337
2043,l,FALSE,0.05,09:16,15:10,15:15,1,1.5,4,-100,100,100,2,1.5,1000,30,175,1000,0.4,1,TRUE,1000,1000,1000,1.5,1000,10,5,39,59,1496.75,-469.94922,3751.6016,-663.65234,265.3702,-185.60645,59.322037,52.54237,2.0850475,1.5936065,4833.4023,18.099407,439.75986,-244.53082,53.846157,2.0981128,3109.8545,12.190402,46.153847,463.74255,-249.40532,1.5937656,103.05085,2.0174437
2044,l,FALSE,0.05,09:16,15:10,15:15,1,1.5,4,-100,100,100,2,2.5,1000,30,175,1000,0.4,1,TRUE,1000,1000,1000,1.5,1000,10,5,18,23,1496.75,-440.55078,3751.6016,-440.55078,424.5381,-152.75444,52.173912,52.173912,3.0318754,2.3433177,3414.1582,12.28887,636.8071,-168.02988,44.444447,3.031876,2719.4424,9.982742,44.444447,592.98303,-202.44218,2.3433182,105.17391,1.5265492
2048,l,FALSE,0.05,09:16,15:10,15:15,1,1.5,4,-100,100,100,2,3.5,1000,30,200,1000,0.4,1,TRUE,1000,1000,1000,1.5,1000,10,5,4,6,1236.0508,-440.55078,2254.8516,-440.55078,534.2709,-440.55078,83.33333,83.33333,6.063667,5.4199452,2230.8037,7.965684,890.4515,-440.55078,75.0,6.06367,2057.4424,7.361721,75.0,840.97754,-465.49023,5.4199476,126.333336,3.9792483
2049,l,FALSE,0.05,09:16,15:10,15:15,1,1.5,4,-100,100,50,3,1.5,1000,15,150,175,0.4,1,TRUE,1000,1000,1000,1.5,1000,10,5,4,4,231.2998,-78.5,231.2998,-78.5,184.3247,-56.450195,50.0,50.0,3.2652626,1.8444167,255.74902,1.7902329,184.3247,-56.450195,50.0,3.2652626,151.3584,1.3893392,50.0,165.30225,-89.62305,1.8444167,77.25,4.4030647
2045,l,FALSE,0.05,09:16,15:10,15:15,1,1.5,4,-100,100,100,2,3,1000,30,175,1000,0.4,1,TRUE,1000,1000,1000,1.5,1000,10,5,8,11,1496.75,-440.55078,3751.6016,-440.55078,652.458,-146.22559,63.636364,63.636364,7.808493,6.146925,3982.3037,14.036542,1141.8015,-146.22559,50.0,7.808493,3646.9385,12.929541,50.0,1088.8762,-177.1416,6.1469254,123.0,5.1509037
2046,l,FALSE,0.05,09:16,15:10,15:15,1,1.5,4,-100,100,100,2,3,1000,30,200,1000,0.4,1,TRUE,1000,1000,1000,1.5,1000,10,5,6,9,1496.75,-440.55078,3751.6016,-440.55078,704.7342,-186.98438,66.66667,66.66667,7.5378957,6.2128487,3667.4521,13.138774,1409.4684,-186.98438,50.0,7.537894,3399.5908,12.2322235,50.0,1350.5824,-217.38542,6.212847,126.888885,5.2354236
2047,l,FALSE,0.05,09:16,15:10,15:15,1,1.5,4,-100,100,100,2,3.5,1000,30,175,1000,0.4,1,TRUE,1000,1000,1000,1.5,1000,10,5,5,7,1236.0508,-440.55078,2254.8516,-440.55078,501.69254,-440.55078,85.71429,85.71429,6.8327093,6.0725026,2569.6045,8.937203,752.5388,-440.55078,80.0,6.832709,2361.2002,8.232754,80.0,706.6726,-465.49023,6.072502,126.28571,4.45007
2050,l,FALSE,0.05,09:16,15:10,15:15,1,1.5,4,-100,100,50,3,1.5,3.5,15,150,175,0.4,1,TRUE,1000,1000,1000,1.5,1000,10,5,3,3,231.2998,-78.5,231.2998,-78.5,184.3247,-78.5,66.66667,66.66667,4.6961718,2.8783422,290.1494,1.9048929,184.3247,-78.5,66.66667,4.6961718,215.74512,1.6039467,66.66667,165.30225,-114.859375,2.8783422,84.666664,5.0831943
2051,l,FALSE,0.05,09:16,15:10,15:15,1,1.5,4,-100,100,50,3,1.5,1000,20,175,200,0.4,1,TRUE,1000,1000,1000,1.5,1000,10,5,4,4,137.34961,-81.54883,137.34961,-81.54883,72.666664,-81.54883,75.0,75.0,2.673245,1.3447773,136.45117,0.6022556,72.666664,-81.54883,75.0,2.673245,36.46289,0.2019553,75.0,47.406902,-105.75781,1.3447773,59.75,0.46309462
2052,l,FALSE,0.05,09:16,15:10,15:15,1,1.5,4,-100,100,50,3,2,1000,20,175,200,0.4,1,TRUE,1000,1000,1000,1.5,1000,10,5,2,2,47.30078,33.34961,47.30078,0.0,40.325195,NaN,100.0,100.0,NaN,NaN,80.65039,0.3297152,40.325195,NaN,100.0,NaN,27.5,0.12954658,100.0,13.75,NaN,NaN,69.0,Infinity
