sno,TradeType(l/s),Positional,costPercent,startTime,cutOffTime,endTime,CandlePeriod,ATRFrom%,ATRTo%,VixFrom%,VixTo%,Period,noOfSD,MinBandRange(as % of SMA),MaxBandRange(as % of SMA),LookbackDuration,MinBandChange,MaxBandChange,MinBreakout,MaxBreakout,Exit at SMA,TargetBN%,TriggerBN%,FallbackBN%,TradeSLBN%,DaySLBN%,MaxOverlap,TradeGap
1,l,TRUE,0.05,09:16,15:10,15:15,15,0,1.5,-100,100,20,2,0,1000,15,-1000,0,0,1000,TRUE,1000,1000,1000,1.5,1000,1,5
2,l,TRUE,0.05,09:16,15:10,15:15,15,0,1.5,-100,100,20,2,0,1000,15,-1000,-1,0,1000,TRUE,1000,1000,1000,1.5,1000,1,5
3,l,TRUE,0.05,09:16,15:10,15:15,15,0,1.5,-100,100,20,2,0,1000,15,-1000,-2,0,1000,TRUE,1000,1000,1000,1.5,1000,1,5
4,l,TRUE,0.05,09:16,15:10,15:15,15,0,1.5,-100,100,20,2,0,1000,15,-1000,-3,0,1000,TRUE,1000,1000,1000,1.5,1000,1,5
5,l,TRUE,0.05,09:16,15:10,15:15,15,0,1.5,-100,100,20,2,0,1000,15,-1000,-4,0,1000,TRUE,1000,1000,1000,1.5,1000,1,5
6,l,TRUE,0.05,09:16,15:10,15:15,15,0,1.5,-100,100,20,2,0,1000,15,-1000,-5,0,1000,TRUE,1000,1000,1000,1.5,1000,1,5
7,l,TRUE,0.05,09:16,15:10,15:15,15,0,1.5,-100,100,20,2,0,1000,15,-1000,-6,0,1000,TRUE,1000,1000,1000,1.5,1000,1,5
8,l,TRUE,0.05,09:16,15:10,15:15,15,0,1.5,-100,100,20,2,0,1000,15,-1000,-7,0,1000,TRUE,1000,1000,1000,1.5,1000,1,5
9,l,TRUE,0.05,09:16,15:10,15:15,15,0,1.5,-100,100,20,2,0,1000,15,-1000,-8,0,1000,TRUE,1000,1000,1000,1.5,1000,1,5
10,l,TRUE,0.05,09:16,15:10,15:15,15,0,1.5,-100,100,20,2,0,1000,15,-1000,-9,0,1000,TRUE,1000,1000,1000,1.5,1000,1,5
11,l,TRUE,0.05,09:16,15:10,15:15,15,0,1.5,-100,100,20,2,0,1000,15,-1000,-10,0,1000,TRUE,1000,1000,1000,1.5,1000,1,5
12,l,TRUE,0.05,09:16,15:10,15:15,15,0,1.5,-100,100,20,2,0,1000,15,-1000,-15,0,1000,TRUE,1000,1000,1000,1.5,1000,1,5
13,l,TRUE,0.05,09:16,15:10,15:15,15,0,1.5,-100,100,20,2,0,1000,15,-1000,-20,0,1000,TRUE,1000,1000,1000,1.5,1000,1,5
14,l,TRUE,0.05,09:16,15:10,15:15,15,0,1.5,-100,100,20,2,0,1000,20,-1000,0,0,1000,TRUE,1000,1000,1000,1.5,1000,1,5
15,l,TRUE,0.05,09:16,15:10,15:15,15,0,1.5,-100,100,20,2,0,1000,20,-1000,-1,0,1000,TRUE,1000,1000,1000,1.5,1000,1,5
16,l,TRUE,0.05,09:16,15:10,15:15,15,0,1.5,-100,100,20,2,0,1000,20,-1000,-2,0,1000,TRUE,1000,1000,1000,1.5,1000,1,5
17,l,TRUE,0.05,09:16,15:10,15:15,15,0,1.5,-100,100,20,2,0,1000,20,-1000,-3,0,1000,TRUE,1000,1000,1000,1.5,1000,1,5
18,l,TRUE,0.05,09:16,15:10,15:15,15,0,1.5,-100,100,20,2,0,1000,20,-1000,-4,0,1000,TRUE,1000,1000,1000,1.5,1000,1,5
19,l,TRUE,0.05,09:16,15:10,15:15,15,0,1.5,-100,100,20,2,0,1000,20,-1000,-5,0,1000,TRUE,1000,1000,1000,1.5,1000,1,5
20,l,TRUE,0.05,09:16,15:10,15:15,15,0,1.5,-100,100,20,2,0,1000,20,-1000,-6,0,1000,TRUE,1000,1000,1000,1.5,1000,1,5
21,l,TRUE,0.05,09:16,15:10,15:15,15,0,1.5,-100,100,20,2,0,1000,20,-1000,-7,0,1000,TRUE,1000,1000,1000,1.5,1000,1,5
22,l,TRUE,0.05,09:16,15:10,15:15,15,0,1.5,-100,100,20,2,0,1000,20,-1000,-8,0,1000,TRUE,1000,1000,1000,1.5,1000,1,5
23,l,TRUE,0.05,09:16,15:10,15:15,15,0,1.5,-100,100,20,2,0,1000,20,-1000,-9,0,1000,TRUE,1000,1000,1000,1.5,1000,1,5
24,l,TRUE,0.05,09:16,15:10,15:15,15,0,1.5,-100,100,20,2,0,1000,20,-1000,-10,0,1000,TRUE,1000,1000,1000,1.5,1000,1,5
25,l,TRUE,0.05,09:16,15:10,15:15,15,0,1.5,-100,100,20,2,0,1000,20,-1000,-15,0,1000,TRUE,1000,1000,1000,1.5,1000,1,5
26,l,TRUE,0.05,09:16,15:10,15:15,15,0,1.5,-100,100,20,2,0,1000,20,-1000,-20,0,1000,TRUE,1000,1000,1000,1.5,1000,1,5
27,l,TRUE,0.05,09:16,15:10,15:15,15,0,1.5,-100,100,20,2,0,1000,30,-1000,0,0,1000,TRUE,1000,1000,1000,1.5,1000,1,5
28,l,TRUE,0.05,09:16,15:10,15:15,15,0,1.5,-100,100,20,2,0,1000,30,-1000,-1,0,1000,TRUE,1000,1000,1000,1.5,1000,1,5
29,l,TRUE,0.05,09:16,15:10,15:15,15,0,1.5,-100,100,20,2,0,1000,30,-1000,-2,0,1000,TRUE,1000,1000,1000,1.5,1000,1,5
30,l,TRUE,0.05,09:16,15:10,15:15,15,0,1.5,-100,100,20,2,0,1000,30,-1000,-3,0,1000,TRUE,1000,1000,1000,1.5,1000,1,5
31,l,TRUE,0.05,09:16,15:10,15:15,15,0,1.5,-100,100,20,2,0,1000,30,-1000,-4,0,1000,TRUE,1000,1000,1000,1.5,1000,1,5
32,l,TRUE,0.05,09:16,15:10,15:15,15,0,1.5,-100,100,20,2,0,1000,30,-1000,-5,0,1000,TRUE,1000,1000,1000,1.5,1000,1,5
33,l,TRUE,0.05,09:16,15:10,15:15,15,0,1.5,-100,100,20,2,0,1000,30,-1000,-6,0,1000,TRUE,1000,1000,1000,1.5,1000,1,5
34,l,TRUE,0.05,09:16,15:10,15:15,15,0,1.5,-100,100,20,2,0,1000,30,-1000,-7,0,1000,TRUE,1000,1000,1000,1.5,1000,1,5
35,l,TRUE,0.05,09:16,15:10,15:15,15,0,1.5,-100,100,20,2,0,1000,30,-1000,-8,0,1000,TRUE,1000,1000,1000,1.5,1000,1,5
36,l,TRUE,0.05,09:16,15:10,15:15,15,0,1.5,-100,100,20,2,0,1000,30,-1000,-9,0,1000,TRUE,1000,1000,1000,1.5,1000,1,5
37,l,TRUE,0.05,09:16,15:10,15:15,15,0,1.5,-100,100,20,2,0,1000,30,-1000,-10,0,1000,TRUE,1000,1000,1000,1.5,1000,1,5
38,l,TRUE,0.05,09:16,15:10,15:15,15,0,1.5,-100,100,20,2,0,1000,30,-1000,-15,0,1000,TRUE,1000,1000,1000,1.5,1000,1,5
39,l,TRUE,0.05,09:16,15:10,15:15,15,0,1.5,-100,100,20,2,0,1000,30,-1000,-20,0,1000,TRUE,1000,1000,1000,1.5,1000,1,5
40,l,TRUE,0.05,09:16,15:10,15:15,15,0,1.5,-100,100,20,3,0,1000,15,-1000,0,0,1000,TRUE,1000,1000,1000,1.5,1000,1,5
41,l,TRUE,0.05,09:16,15:10,15:15,15,0,1.5,-100,100,20,3,0,1000,15,-1000,-1,0,1000,TRUE,1000,1000,1000,1.5,1000,1,5
42,l,TRUE,0.05,09:16,15:10,15:15,15,0,1.5,-100,100,20,3,0,1000,15,-1000,-2,0,1000,TRUE,1000,1000,1000,1.5,1000,1,5
43,l,TRUE,0.05,09:16,15:10,15:15,15,0,1.5,-100,100,20,3,0,1000,15,-1000,-3,0,1000,TRUE,1000,1000,1000,1.5,1000,1,5
44,l,TRUE,0.05,09:16,15:10,15:15,15,0,1.5,-100,100,20,3,0,1000,15,-1000,-4,0,1000,TRUE,1000,1000,1000,1.5,1000,1,5
45,l,TRUE,0.05,09:16,15:10,15:15,15,0,1.5,-100,100,20,3,0,1000,15,-1000,-5,0,1000,TRUE,1000,1000,1000,1.5,1000,1,5
46,l,TRUE,0.05,09:16,15:10,15:15,15,0,1.5,-100,100,20,3,0,1000,15,-1000,-6,0,1000,TRUE,1000,1000,1000,1.5,1000,1,5
47,l,TRUE,0.05,09:16,15:10,15:15,15,0,1.5,-100,100,20,3,0,1000,15,-1000,-7,0,1000,TRUE,1000,1000,1000,1.5,1000,1,5
48,l,TRUE,0.05,09:16,15:10,15:15,15,0,1.5,-100,100,20,3,0,1000,15,-1000,-8,0,1000,TRUE,1000,1000,1000,1.5,1000,1,5
49,l,TRUE,0.05,09:16,15:10,15:15,15,0,1.5,-100,100,20,3,0,1000,15,-1000,-9,0,1000,TRUE,1000,1000,1000,1.5,1000,1,5
50,l,TRUE,0.05,09:16,15:10,15:15,15,0,1.5,-100,100,20,3,0,1000,15,-1000,-10,0,1000,TRUE,1000,1000,1000,1.5,1000,1,5
51,l,TRUE,0.05,09:16,15:10,15:15,15,0,1.5,-100,100,20,3,0,1000,15,-1000,-15,0,1000,TRUE,1000,1000,1000,1.5,1000,1,5
52,l,TRUE,0.05,09:16,15:10,15:15,15,0,1.5,-100,100,20,3,0,1000,15,-1000,-20,0,1000,TRUE,1000,1000,1000,1.5,1000,1,5
53,l,TRUE,0.05,09:16,15:10,15:15,15,0,1.5,-100,100,20,3,0,1000,20,-1000,0,0,1000,TRUE,1000,1000,1000,1.5,1000,1,5
54,l,TRUE,0.05,09:16,15:10,15:15,15,0,1.5,-100,100,20,3,0,1000,20,-1000,-1,0,1000,TRUE,1000,1000,1000,1.5,1000,1,5
55,l,TRUE,0.05,09:16,15:10,15:15,15,0,1.5,-100,100,20,3,0,1000,20,-1000,-2,0,1000,TRUE,1000,1000,1000,1.5,1000,1,5
56,l,TRUE,0.05,09:16,15:10,15:15,15,0,1.5,-100,100,20,3,0,1000,20,-1000,-3,0,1000,TRUE,1000,1000,1000,1.5,1000,1,5
57,l,TRUE,0.05,09:16,15:10,15:15,15,0,1.5,-100,100,20,3,0,1000,20,-1000,-4,0,1000,TRUE,1000,1000,1000,1.5,1000,1,5
58,l,TRUE,0.05,09:16,15:10,15:15,15,0,1.5,-100,100,20,3,0,1000,20,-1000,-5,0,1000,TRUE,1000,1000,1000,1.5,1000,1,5
59,l,TRUE,0.05,09:16,15:10,15:15,15,0,1.5,-100,100,20,3,0,1000,20,-1000,-6,0,1000,TRUE,1000,1000,1000,1.5,1000,1,5
60,l,TRUE,0.05,09:16,15:10,15:15,15,0,1.5,-100,100,20,3,0,1000,20,-1000,-7,0,1000,TRUE,1000,1000,1000,1.5,1000,1,5
61,l,TRUE,0.05,09:16,15:10,15:15,15,0,1.5,-100,100,20,3,0,1000,20,-1000,-8,0,1000,TRUE,1000,1000,1000,1.5,1000,1,5
62,l,TRUE,0.05,09:16,15:10,15:15,15,0,1.5,-100,100,20,3,0,1000,20,-1000,-9,0,1000,TRUE,1000,1000,1000,1.5,1000,1,5
63,l,TRUE,0.05,09:16,15:10,15:15,15,0,1.5,-100,100,20,3,0,1000,20,-1000,-10,0,1000,TRUE,1000,1000,1000,1.5,1000,1,5
64,l,TRUE,0.05,09:16,15:10,15:15,15,0,1.5,-100,100,20,3,0,1000,20,-1000,-15,0,1000,TRUE,1000,1000,1000,1.5,1000,1,5
65,l,TRUE,0.05,09:16,15:10,15:15,15,0,1.5,-100,100,20,3,0,1000,20,-1000,-20,0,1000,TRUE,1000,1000,1000,1.5,1000,1,5
66,l,TRUE,0.05,09:16,15:10,15:15,15,0,1.5,-100,100,20,3,0,1000,30,-1000,0,0,1000,TRUE,1000,1000,1000,1.5,1000,1,5
67,l,TRUE,0.05,09:16,15:10,15:15,15,0,1.5,-100,100,20,3,0,1000,30,-1000,-1,0,1000,TRUE,1000,1000,1000,1.5,1000,1,5
68,l,TRUE,0.05,09:16,15:10,15:15,15,0,1.5,-100,100,20,3,0,1000,30,-1000,-2,0,1000,TRUE,1000,1000,1000,1.5,1000,1,5
69,l,TRUE,0.05,09:16,15:10,15:15,15,0,1.5,-100,100,20,3,0,1000,30,-1000,-3,0,1000,TRUE,1000,1000,1000,1.5,1000,1,5
70,l,TRUE,0.05,09:16,15:10,15:15,15,0,1.5,-100,100,20,3,0,1000,30,-1000,-4,0,1000,TRUE,1000,1000,1000,1.5,1000,1,5
71,l,TRUE,0.05,09:16,15:10,15:15,15,0,1.5,-100,100,20,3,0,1000,30,-1000,-5,0,1000,TRUE,1000,1000,1000,1.5,1000,1,5
72,l,TRUE,0.05,09:16,15:10,15:15,15,0,1.5,-100,100,20,3,0,1000,30,-1000,-6,0,1000,TRUE,1000,1000,1000,1.5,1000,1,5
73,l,TRUE,0.05,09:16,15:10,15:15,15,0,1.5,-100,100,20,3,0,1000,30,-1000,-7,0,1000,TRUE,1000,1000,1000,1.5,1000,1,5
74,l,TRUE,0.05,09:16,15:10,15:15,15,0,1.5,-100,100,20,3,0,1000,30,-1000,-8,0,1000,TRUE,1000,1000,1000,1.5,1000,1,5
75,l,TRUE,0.05,09:16,15:10,15:15,15,0,1.5,-100,100,20,3,0,1000,30,-1000,-9,0,1000,TRUE,1000,1000,1000,1.5,1000,1,5
76,l,TRUE,0.05,09:16,15:10,15:15,15,0,1.5,-100,100,20,3,0,1000,30,-1000,-10,0,1000,TRUE,1000,1000,1000,1.5,1000,1,5
77,l,TRUE,0.05,09:16,15:10,15:15,15,0,1.5,-100,100,20,3,0,1000,30,-1000,-15,0,1000,TRUE,1000,1000,1000,1.5,1000,1,5
78,l,TRUE,0.05,09:16,15:10,15:15,15,0,1.5,-100,100,20,3,0,1000,30,-1000,-20,0,1000,TRUE,1000,1000,1000,1.5,1000,1,5
79,l,TRUE,0.05,09:16,15:10,15:15,15,0,1.5,-100,100,30,2,0,1000,15,-1000,0,0,1000,TRUE,1000,1000,1000,1.5,1000,1,5
80,l,TRUE,0.05,09:16,15:10,15:15,15,0,1.5,-100,100,30,2,0,1000,15,-1000,-1,0,1000,TRUE,1000,1000,1000,1.5,1000,1,5
81,l,TRUE,0.05,09:16,15:10,15:15,15,0,1.5,-100,100,30,2,0,1000,15,-1000,-2,0,1000,TRUE,1000,1000,1000,1.5,1000,1,5
82,l,TRUE,0.05,09:16,15:10,15:15,15,0,1.5,-100,100,30,2,0,1000,15,-1000,-3,0,1000,TRUE,1000,1000,1000,1.5,1000,1,5
83,l,TRUE,0.05,09:16,15:10,15:15,15,0,1.5,-100,100,30,2,0,1000,15,-1000,-4,0,1000,TRUE,1000,1000,1000,1.5,1000,1,5
84,l,TRUE,0.05,09:16,15:10,15:15,15,0,1.5,-100,100,30,2,0,1000,15,-1000,-5,0,1000,TRUE,1000,1000,1000,1.5,1000,1,5
85,l,TRUE,0.05,09:16,15:10,15:15,15,0,1.5,-100,100,30,2,0,1000,15,-1000,-6,0,1000,TRUE,1000,1000,1000,1.5,1000,1,5
86,l,TRUE,0.05,09:16,15:10,15:15,15,0,1.5,-100,100,30,2,0,1000,15,-1000,-7,0,1000,TRUE,1000,1000,1000,1.5,1000,1,5
87,l,TRUE,0.05,09:16,15:10,15:15,15,0,1.5,-100,100,30,2,0,1000,15,-1000,-8,0,1000,TRUE,1000,1000,1000,1.5,1000,1,5
88,l,TRUE,0.05,09:16,15:10,15:15,15,0,1.5,-100,100,30,2,0,1000,15,-1000,-9,0,1000,TRUE,1000,1000,1000,1.5,1000,1,5
89,l,TRUE,0.05,09:16,15:10,15:15,15,0,1.5,-100,100,30,2,0,1000,15,-1000,-10,0,1000,TRUE,1000,1000,1000,1.5,1000,1,5
90,l,TRUE,0.05,09:16,15:10,15:15,15,0,1.5,-100,100,30,2,0,1000,15,-1000,-15,0,1000,TRUE,1000,1000,1000,1.5,1000,1,5
91,l,TRUE,0.05,09:16,15:10,15:15,15,0,1.5,-100,100,30,2,0,1000,15,-1000,-20,0,1000,TRUE,1000,1000,1000,1.5,1000,1,5
92,l,TRUE,0.05,09:16,15:10,15:15,15,0,1.5,-100,100,30,2,0,1000,20,-1000,0,0,1000,TRUE,1000,1000,1000,1.5,1000,1,5
93,l,TRUE,0.05,09:16,15:10,15:15,15,0,1.5,-100,100,30,2,0,1000,20,-1000,-1,0,1000,TRUE,1000,1000,1000,1.5,1000,1,5
94,l,TRUE,0.05,09:16,15:10,15:15,15,0,1.5,-100,100,30,2,0,1000,20,-1000,-2,0,1000,TRUE,1000,1000,1000,1.5,1000,1,5
95,l,TRUE,0.05,09:16,15:10,15:15,15,0,1.5,-100,100,30,2,0,1000,20,-1000,-3,0,1000,TRUE,1000,1000,1000,1.5,1000,1,5
96,l,TRUE,0.05,09:16,15:10,15:15,15,0,1.5,-100,100,30,2,0,1000,20,-1000,-4,0,1000,TRUE,1000,1000,1000,1.5,1000,1,5
97,l,TRUE,0.05,09:16,15:10,15:15,15,0,1.5,-100,100,30,2,0,1000,20,-1000,-5,0,1000,TRUE,1000,1000,1000,1.5,1000,1,5
98,l,TRUE,0.05,09:16,15:10,15:15,15,0,1.5,-100,100,30,2,0,1000,20,-1000,-6,0,1000,TRUE,1000,1000,1000,1.5,1000,1,5
99,l,TRUE,0.05,09:16,15:10,15:15,15,0,1.5,-100,100,30,2,0,1000,20,-1000,-7,0,1000,TRUE,1000,1000,1000,1.5,1000,1,5
100,l,TRUE,0.05,09:16,15:10,15:15,15,0,1.5,-100,100,30,2,0,1000,20,-1000,-8,0,1000,TRUE,1000,1000,1000,1.5,1000,1,5
101,l,TRUE,0.05,09:16,15:10,15:15,15,0,1.5,-100,100,30,2,0,1000,20,-1000,-9,0,1000,TRUE,1000,1000,1000,1.5,1000,1,5
102,l,TRUE,0.05,09:16,15:10,15:15,15,0,1.5,-100,100,30,2,0,1000,20,-1000,-10,0,1000,TRUE,1000,1000,1000,1.5,1000,1,5
103,l,TRUE,0.05,09:16,15:10,15:15,15,0,1.5,-100,100,30,2,0,1000,20,-1000,-15,0,1000,TRUE,1000,1000,1000,1.5,1000,1,5
104,l,TRUE,0.05,09:16,15:10,15:15,15,0,1.5,-100,100,30,2,0,1000,20,-1000,-20,0,1000,TRUE,1000,1000,1000,1.5,1000,1,5
105,l,TRUE,0.05,09:16,15:10,15:15,15,0,1.5,-100,100,30,2,0,1000,30,-1000,0,0,1000,TRUE,1000,1000,1000,1.5,1000,1,5
106,l,TRUE,0.05,09:16,15:10,15:15,15,0,1.5,-100,100,30,2,0,1000,30,-1000,-1,0,1000,TRUE,1000,1000,1000,1.5,1000,1,5
107,l,TRUE,0.05,09:16,15:10,15:15,15,0,1.5,-100,100,30,2,0,1000,30,-1000,-2,0,1000,TRUE,1000,1000,1000,1.5,1000,1,5
108,l,TRUE,0.05,09:16,15:10,15:15,15,0,1.5,-100,100,30,2,0,1000,30,-1000,-3,0,1000,TRUE,1000,1000,1000,1.5,1000,1,5
109,l,TRUE,0.05,09:16,15:10,15:15,15,0,1.5,-100,100,30,2,0,1000,30,-1000,-4,0,1000,TRUE,1000,1000,1000,1.5,1000,1,5
110,l,TRUE,0.05,09:16,15:10,15:15,15,0,1.5,-100,100,30,2,0,1000,30,-1000,-5,0,1000,TRUE,1000,1000,1000,1.5,1000,1,5
111,l,TRUE,0.05,09:16,15:10,15:15,15,0,1.5,-100,100,30,2,0,1000,30,-1000,-6,0,1000,TRUE,1000,1000,1000,1.5,1000,1,5
112,l,TRUE,0.05,09:16,15:10,15:15,15,0,1.5,-100,100,30,2,0,1000,30,-1000,-7,0,1000,TRUE,1000,1000,1000,1.5,1000,1,5
113,l,TRUE,0.05,09:16,15:10,15:15,15,0,1.5,-100,100,30,2,0,1000,30,-1000,-8,0,1000,TRUE,1000,1000,1000,1.5,1000,1,5
114,l,TRUE,0.05,09:16,15:10,15:15,15,0,1.5,-100,100,30,2,0,1000,30,-1000,-9,0,1000,TRUE,1000,1000,1000,1.5,1000,1,5
115,l,TRUE,0.05,09:16,15:10,15:15,15,0,1.5,-100,100,30,2,0,1000,30,-1000,-10,0,1000,TRUE,1000,1000,1000,1.5,1000,1,5
116,l,TRUE,0.05,09:16,15:10,15:15,15,0,1.5,-100,100,30,2,0,1000,30,-1000,-15,0,1000,TRUE,1000,1000,1000,1.5,1000,1,5
117,l,TRUE,0.05,09:16,15:10,15:15,15,0,1.5,-100,100,30,2,0,1000,30,-1000,-20,0,1000,TRUE,1000,1000,1000,1.5,1000,1,5
118,l,TRUE,0.05,09:16,15:10,15:15,15,0,1.5,-100,100,30,3,0,1000,15,-1000,0,0,1000,TRUE,1000,1000,1000,1.5,1000,1,5
119,l,TRUE,0.05,09:16,15:10,15:15,15,0,1.5,-100,100,30,3,0,1000,15,-1000,-1,0,1000,TRUE,1000,1000,1000,1.5,1000,1,5
120,l,TRUE,0.05,09:16,15:10,15:15,15,0,1.5,-100,100,30,3,0,1000,15,-1000,-2,0,1000,TRUE,1000,1000,1000,1.5,1000,1,5
121,l,TRUE,0.05,09:16,15:10,15:15,15,0,1.5,-100,100,30,3,0,1000,15,-1000,-3,0,1000,TRUE,1000,1000,1000,1.5,1000,1,5
122,l,TRUE,0.05,09:16,15:10,15:15,15,0,1.5,-100,100,30,3,0,1000,15,-1000,-4,0,1000,TRUE,1000,1000,1000,1.5,1000,1,5
123,l,TRUE,0.05,09:16,15:10,15:15,15,0,1.5,-100,100,30,3,0,1000,15,-1000,-5,0,1000,TRUE,1000,1000,1000,1.5,1000,1,5
124,l,TRUE,0.05,09:16,15:10,15:15,15,0,1.5,-100,100,30,3,0,1000,15,-1000,-6,0,1000,TRUE,1000,1000,1000,1.5,1000,1,5
125,l,TRUE,0.05,09:16,15:10,15:15,15,0,1.5,-100,100,30,3,0,1000,15,-1000,-7,0,1000,TRUE,1000,1000,1000,1.5,1000,1,5
126,l,TRUE,0.05,09:16,15:10,15:15,15,0,1.5,-100,100,30,3,0,1000,15,-1000,-8,0,1000,TRUE,1000,1000,1000,1.5,1000,1,5
127,l,TRUE,0.05,09:16,15:10,15:15,15,0,1.5,-100,100,30,3,0,1000,15,-1000,-9,0,1000,TRUE,1000,1000,1000,1.5,1000,1,5
128,l,TRUE,0.05,09:16,15:10,15:15,15,0,1.5,-100,100,30,3,0,1000,15,-1000,-10,0,1000,TRUE,1000,1000,1000,1.5,1000,1,5
129,l,TRUE,0.05,09:16,15:10,15:15,15,0,1.5,-100,100,30,3,0,1000,15,-1000,-15,0,1000,TRUE,1000,1000,1000,1.5,1000,1,5
130,l,TRUE,0.05,09:16,15:10,15:15,15,0,1.5,-100,100,30,3,0,1000,15,-1000,-20,0,1000,TRUE,1000,1000,1000,1.5,1000,1,5
131,l,TRUE,0.05,09:16,15:10,15:15,15,0,1.5,-100,100,30,3,0,1000,20,-1000,0,0,1000,TRUE,1000,1000,1000,1.5,1000,1,5
132,l,TRUE,0.05,09:16,15:10,15:15,15,0,1.5,-100,100,30,3,0,1000,20,-1000,-1,0,1000,TRUE,1000,1000,1000,1.5,1000,1,5
133,l,TRUE,0.05,09:16,15:10,15:15,15,0,1.5,-100,100,30,3,0,1000,20,-1000,-2,0,1000,TRUE,1000,1000,1000,1.5,1000,1,5
134,l,TRUE,0.05,09:16,15:10,15:15,15,0,1.5,-100,100,30,3,0,1000,20,-1000,-3,0,1000,TRUE,1000,1000,1000,1.5,1000,1,5
135,l,TRUE,0.05,09:16,15:10,15:15,15,0,1.5,-100,100,30,3,0,1000,20,-1000,-4,0,1000,TRUE,1000,1000,1000,1.5,1000,1,5
136,l,TRUE,0.05,09:16,15:10,15:15,15,0,1.5,-100,100,30,3,0,1000,20,-1000,-5,0,1000,TRUE,1000,1000,1000,1.5,1000,1,5
137,l,TRUE,0.05,09:16,15:10,15:15,15,0,1.5,-100,100,30,3,0,1000,20,-1000,-6,0,1000,TRUE,1000,1000,1000,1.5,1000,1,5
138,l,TRUE,0.05,09:16,15:10,15:15,15,0,1.5,-100,100,30,3,0,1000,20,-1000,-7,0,1000,TRUE,1000,1000,1000,1.5,1000,1,5
139,l,TRUE,0.05,09:16,15:10,15:15,15,0,1.5,-100,100,30,3,0,1000,20,-1000,-8,0,1000,TRUE,1000,1000,1000,1.5,1000,1,5
140,l,TRUE,0.05,09:16,15:10,15:15,15,0,1.5,-100,100,30,3,0,1000,20,-1000,-9,0,1000,TRUE,1000,1000,1000,1.5,1000,1,5
141,l,TRUE,0.05,09:16,15:10,15:15,15,0,1.5,-100,100,30,3,0,1000,20,-1000,-10,0,1000,TRUE,1000,1000,1000,1.5,1000,1,5
142,l,TRUE,0.05,09:16,15:10,15:15,15,0,1.5,-100,100,30,3,0,1000,20,-1000,-15,0,1000,TRUE,1000,1000,1000,1.5,1000,1,5
143,l,TRUE,0.05,09:16,15:10,15:15,15,0,1.5,-100,100,30,3,0,1000,20,-1000,-20,0,1000,TRUE,1000,1000,1000,1.5,1000,1,5
144,l,TRUE,0.05,09:16,15:10,15:15,15,0,1.5,-100,100,30,3,0,1000,30,-1000,0,0,1000,TRUE,1000,1000,1000,1.5,1000,1,5
145,l,TRUE,0.05,09:16,15:10,15:15,15,0,1.5,-100,100,30,3,0,1000,30,-1000,-1,0,1000,TRUE,1000,1000,1000,1.5,1000,1,5
146,l,TRUE,0.05,09:16,15:10,15:15,15,0,1.5,-100,100,30,3,0,1000,30,-1000,-2,0,1000,TRUE,1000,1000,1000,1.5,1000,1,5
147,l,TRUE,0.05,09:16,15:10,15:15,15,0,1.5,-100,100,30,3,0,1000,30,-1000,-3,0,1000,TRUE,1000,1000,1000,1.5,1000,1,5
148,l,TRUE,0.05,09:16,15:10,15:15,15,0,1.5,-100,100,30,3,0,1000,30,-1000,-4,0,1000,TRUE,1000,1000,1000,1.5,1000,1,5
149,l,TRUE,0.05,09:16,15:10,15:15,15,0,1.5,-100,100,30,3,0,1000,30,-1000,-5,0,1000,TRUE,1000,1000,1000,1.5,1000,1,5
150,l,TRUE,0.05,09:16,15:10,15:15,15,0,1.5,-100,100,30,3,0,1000,30,-1000,-6,0,1000,TRUE,1000,1000,1000,1.5,1000,1,5
151,l,TRUE,0.05,09:16,15:10,15:15,15,0,1.5,-100,100,30,3,0,1000,30,-1000,-7,0,1000,TRUE,1000,1000,1000,1.5,1000,1,5
152,l,TRUE,0.05,09:16,15:10,15:15,15,0,1.5,-100,100,30,3,0,1000,30,-1000,-8,0,1000,TRUE,1000,1000,1000,1.5,1000,1,5
153,l,TRUE,0.05,09:16,15:10,15:15,15,0,1.5,-100,100,30,3,0,1000,30,-1000,-9,0,1000,TRUE,1000,1000,1000,1.5,1000,1,5
154,l,TRUE,0.05,09:16,15:10,15:15,15,0,1.5,-100,100,30,3,0,1000,30,-1000,-10,0,1000,TRUE,1000,1000,1000,1.5,1000,1,5
155,l,TRUE,0.05,09:16,15:10,15:15,15,0,1.5,-100,100,30,3,0,1000,30,-1000,-15,0,1000,TRUE,1000,1000,1000,1.5,1000,1,5
156,l,TRUE,0.05,09:16,15:10,15:15,15,0,1.5,-100,100,30,3,0,1000,30,-1000,-20,0,1000,TRUE,1000,1000,1000,1.5,1000,1,5
157,l,TRUE,0.05,09:16,15:10,15:15,15,0,1.5,-100,100,40,2,0,1000,15,-1000,0,0,1000,TRUE,1000,1000,1000,1.5,1000,1,5
158,l,TRUE,0.05,09:16,15:10,15:15,15,0,1.5,-100,100,40,2,0,1000,15,-1000,-1,0,1000,TRUE,1000,1000,1000,1.5,1000,1,5
159,l,TRUE,0.05,09:16,15:10,15:15,15,0,1.5,-100,100,40,2,0,1000,15,-1000,-2,0,1000,TRUE,1000,1000,1000,1.5,1000,1,5
160,l,TRUE,0.05,09:16,15:10,15:15,15,0,1.5,-100,100,40,2,0,1000,15,-1000,-3,0,1000,TRUE,1000,1000,1000,1.5,1000,1,5
161,l,TRUE,0.05,09:16,15:10,15:15,15,0,1.5,-100,100,40,2,0,1000,15,-1000,-4,0,1000,TRUE,1000,1000,1000,1.5,1000,1,5
162,l,TRUE,0.05,09:16,15:10,15:15,15,0,1.5,-100,100,40,2,0,1000,15,-1000,-5,0,1000,TRUE,1000,1000,1000,1.5,1000,1,5
163,l,TRUE,0.05,09:16,15:10,15:15,15,0,1.5,-100,100,40,2,0,1000,15,-1000,-6,0,1000,TRUE,1000,1000,1000,1.5,1000,1,5
164,l,TRUE,0.05,09:16,15:10,15:15,15,0,1.5,-100,100,40,2,0,1000,15,-1000,-7,0,1000,TRUE,1000,1000,1000,1.5,1000,1,5
165,l,TRUE,0.05,09:16,15:10,15:15,15,0,1.5,-100,100,40,2,0,1000,15,-1000,-8,0,1000,TRUE,1000,1000,1000,1.5,1000,1,5
166,l,TRUE,0.05,09:16,15:10,15:15,15,0,1.5,-100,100,40,2,0,1000,15,-1000,-9,0,1000,TRUE,1000,1000,1000,1.5,1000,1,5
167,l,TRUE,0.05,09:16,15:10,15:15,15,0,1.5,-100,100,40,2,0,1000,15,-1000,-10,0,1000,TRUE,1000,1000,1000,1.5,1000,1,5
168,l,TRUE,0.05,09:16,15:10,15:15,15,0,1.5,-100,100,40,2,0,1000,15,-1000,-15,0,1000,TRUE,1000,1000,1000,1.5,1000,1,5
169,l,TRUE,0.05,09:16,15:10,15:15,15,0,1.5,-100,100,40,2,0,1000,15,-1000,-20,0,1000,TRUE,1000,1000,1000,1.5,1000,1,5
170,l,TRUE,0.05,09:16,15:10,15:15,15,0,1.5,-100,100,40,2,0,1000,20,-1000,0,0,1000,TRUE,1000,1000,1000,1.5,1000,1,5
171,l,TRUE,0.05,09:16,15:10,15:15,15,0,1.5,-100,100,40,2,0,1000,20,-1000,-1,0,1000,TRUE,1000,1000,1000,1.5,1000,1,5
172,l,TRUE,0.05,09:16,15:10,15:15,15,0,1.5,-100,100,40,2,0,1000,20,-1000,-2,0,1000,TRUE,1000,1000,1000,1.5,1000,1,5
173,l,TRUE,0.05,09:16,15:10,15:15,15,0,1.5,-100,100,40,2,0,1000,20,-1000,-3,0,1000,TRUE,1000,1000,1000,1.5,1000,1,5
174,l,TRUE,0.05,09:16,15:10,15:15,15,0,1.5,-100,100,40,2,0,1000,20,-1000,-4,0,1000,TRUE,1000,1000,1000,1.5,1000,1,5
175,l,TRUE,0.05,09:16,15:10,15:15,15,0,1.5,-100,100,40,2,0,1000,20,-1000,-5,0,1000,TRUE,1000,1000,1000,1.5,1000,1,5
176,l,TRUE,0.05,09:16,15:10,15:15,15,0,1.5,-100,100,40,2,0,1000,20,-1000,-6,0,1000,TRUE,1000,1000,1000,1.5,1000,1,5
177,l,TRUE,0.05,09:16,15:10,15:15,15,0,1.5,-100,100,40,2,0,1000,20,-1000,-7,0,1000,TRUE,1000,1000,1000,1.5,1000,1,5
178,l,TRUE,0.05,09:16,15:10,15:15,15,0,1.5,-100,100,40,2,0,1000,20,-1000,-8,0,1000,TRUE,1000,1000,1000,1.5,1000,1,5
179,l,TRUE,0.05,09:16,15:10,15:15,15,0,1.5,-100,100,40,2,0,1000,20,-1000,-9,0,1000,TRUE,1000,1000,1000,1.5,1000,1,5
180,l,TRUE,0.05,09:16,15:10,15:15,15,0,1.5,-100,100,40,2,0,1000,20,-1000,-10,0,1000,TRUE,1000,1000,1000,1.5,1000,1,5
181,l,TRUE,0.05,09:16,15:10,15:15,15,0,1.5,-100,100,40,2,0,1000,20,-1000,-15,0,1000,TRUE,1000,1000,1000,1.5,1000,1,5
182,l,TRUE,0.05,09:16,15:10,15:15,15,0,1.5,-100,100,40,2,0,1000,20,-1000,-20,0,1000,TRUE,1000,1000,1000,1.5,1000,1,5
183,l,TRUE,0.05,09:16,15:10,15:15,15,0,1.5,-100,100,40,2,0,1000,30,-1000,0,0,1000,TRUE,1000,1000,1000,1.5,1000,1,5
184,l,TRUE,0.05,09:16,15:10,15:15,15,0,1.5,-100,100,40,2,0,1000,30,-1000,-1,0,1000,TRUE,1000,1000,1000,1.5,1000,1,5
185,l,TRUE,0.05,09:16,15:10,15:15,15,0,1.5,-100,100,40,2,0,1000,30,-1000,-2,0,1000,TRUE,1000,1000,1000,1.5,1000,1,5
186,l,TRUE,0.05,09:16,15:10,15:15,15,0,1.5,-100,100,40,2,0,1000,30,-1000,-3,0,1000,TRUE,1000,1000,1000,1.5,1000,1,5
187,l,TRUE,0.05,09:16,15:10,15:15,15,0,1.5,-100,100,40,2,0,1000,30,-1000,-4,0,1000,TRUE,1000,1000,1000,1.5,1000,1,5
188,l,TRUE,0.05,09:16,15:10,15:15,15,0,1.5,-100,100,40,2,0,1000,30,-1000,-5,0,1000,TRUE,1000,1000,1000,1.5,1000,1,5
189,l,TRUE,0.05,09:16,15:10,15:15,15,0,1.5,-100,100,40,2,0,1000,30,-1000,-6,0,1000,TRUE,1000,1000,1000,1.5,1000,1,5
190,l,TRUE,0.05,09:16,15:10,15:15,15,0,1.5,-100,100,40,2,0,1000,30,-1000,-7,0,1000,TRUE,1000,1000,1000,1.5,1000,1,5
191,l,TRUE,0.05,09:16,15:10,15:15,15,0,1.5,-100,100,40,2,0,1000,30,-1000,-8,0,1000,TRUE,1000,1000,1000,1.5,1000,1,5
192,l,TRUE,0.05,09:16,15:10,15:15,15,0,1.5,-100,100,40,2,0,1000,30,-1000,-9,0,1000,TRUE,1000,1000,1000,1.5,1000,1,5
193,l,TRUE,0.05,09:16,15:10,15:15,15,0,1.5,-100,100,40,2,0,1000,30,-1000,-10,0,1000,TRUE,1000,1000,1000,1.5,1000,1,5
194,l,TRUE,0.05,09:16,15:10,15:15,15,0,1.5,-100,100,40,2,0,1000,30,-1000,-15,0,1000,TRUE,1000,1000,1000,1.5,1000,1,5
195,l,TRUE,0.05,09:16,15:10,15:15,15,0,1.5,-100,100,40,2,0,1000,30,-1000,-20,0,1000,TRUE,1000,1000,1000,1.5,1000,1,5
196,l,TRUE,0.05,09:16,15:10,15:15,15,0,1.5,-100,100,40,3,0,1000,15,-1000,0,0,1000,TRUE,1000,1000,1000,1.5,1000,1,5
197,l,TRUE,0.05,09:16,15:10,15:15,15,0,1.5,-100,100,40,3,0,1000,15,-1000,-1,0,1000,TRUE,1000,1000,1000,1.5,1000,1,5
198,l,TRUE,0.05,09:16,15:10,15:15,15,0,1.5,-100,100,40,3,0,1000,15,-1000,-2,0,1000,TRUE,1000,1000,1000,1.5,1000,1,5
199,l,TRUE,0.05,09:16,15:10,15:15,15,0,1.5,-100,100,40,3,0,1000,15,-1000,-3,0,1000,TRUE,1000,1000,1000,1.5,1000,1,5
200,l,TRUE,0.05,09:16,15:10,15:15,15,0,1.5,-100,100,40,3,0,1000,15,-1000,-4,0,1000,TRUE,1000,1000,1000,1.5,1000,1,5
201,l,TRUE,0.05,09:16,15:10,15:15,15,0,1.5,-100,100,40,3,0,1000,15,-1000,-5,0,1000,TRUE,1000,1000,1000,1.5,1000,1,5
202,l,TRUE,0.05,09:16,15:10,15:15,15,0,1.5,-100,100,40,3,0,1000,15,-1000,-6,0,1000,TRUE,1000,1000,1000,1.5,1000,1,5
203,l,TRUE,0.05,09:16,15:10,15:15,15,0,1.5,-100,100,40,3,0,1000,15,-1000,-7,0,1000,TRUE,1000,1000,1000,1.5,1000,1,5
204,l,TRUE,0.05,09:16,15:10,15:15,15,0,1.5,-100,100,40,3,0,1000,15,-1000,-8,0,1000,TRUE,1000,1000,1000,1.5,1000,1,5
205,l,TRUE,0.05,09:16,15:10,15:15,15,0,1.5,-100,100,40,3,0,1000,15,-1000,-9,0,1000,TRUE,1000,1000,1000,1.5,1000,1,5
206,l,TRUE,0.05,09:16,15:10,15:15,15,0,1.5,-100,100,40,3,0,1000,15,-1000,-10,0,1000,TRUE,1000,1000,1000,1.5,1000,1,5
207,l,TRUE,0.05,09:16,15:10,15:15,15,0,1.5,-100,100,40,3,0,1000,15,-1000,-15,0,1000,TRUE,1000,1000,1000,1.5,1000,1,5
208,l,TRUE,0.05,09:16,15:10,15:15,15,0,1.5,-100,100,40,3,0,1000,15,-1000,-20,0,1000,TRUE,1000,1000,1000,1.5,1000,1,5
209,l,TRUE,0.05,09:16,15:10,15:15,15,0,1.5,-100,100,40,3,0,1000,20,-1000,0,0,1000,TRUE,1000,1000,1000,1.5,1000,1,5
210,l,TRUE,0.05,09:16,15:10,15:15,15,0,1.5,-100,100,40,3,0,1000,20,-1000,-1,0,1000,TRUE,1000,1000,1000,1.5,1000,1,5
211,l,TRUE,0.05,09:16,15:10,15:15,15,0,1.5,-100,100,40,3,0,1000,20,-1000,-2,0,1000,TRUE,1000,1000,1000,1.5,1000,1,5
212,l,TRUE,0.05,09:16,15:10,15:15,15,0,1.5,-100,100,40,3,0,1000,20,-1000,-3,0,1000,TRUE,1000,1000,1000,1.5,1000,1,5
213,l,TRUE,0.05,09:16,15:10,15:15,15,0,1.5,-100,100,40,3,0,1000,20,-1000,-4,0,1000,TRUE,1000,1000,1000,1.5,1000,1,5
214,l,TRUE,0.05,09:16,15:10,15:15,15,0,1.5,-100,100,40,3,0,1000,20,-1000,-5,0,1000,TRUE,1000,1000,1000,1.5,1000,1,5
215,l,TRUE,0.05,09:16,15:10,15:15,15,0,1.5,-100,100,40,3,0,1000,20,-1000,-6,0,1000,TRUE,1000,1000,1000,1.5,1000,1,5
216,l,TRUE,0.05,09:16,15:10,15:15,15,0,1.5,-100,100,40,3,0,1000,20,-1000,-7,0,1000,TRUE,1000,1000,1000,1.5,1000,1,5
217,l,TRUE,0.05,09:16,15:10,15:15,15,0,1.5,-100,100,40,3,0,1000,20,-1000,-8,0,1000,TRUE,1000,1000,1000,1.5,1000,1,5
218,l,TRUE,0.05,09:16,15:10,15:15,15,0,1.5,-100,100,40,3,0,1000,20,-1000,-9,0,1000,TRUE,1000,1000,1000,1.5,1000,1,5
219,l,TRUE,0.05,09:16,15:10,15:15,15,0,1.5,-100,100,40,3,0,1000,20,-1000,-10,0,1000,TRUE,1000,1000,1000,1.5,1000,1,5
220,l,TRUE,0.05,09:16,15:10,15:15,15,0,1.5,-100,100,40,3,0,1000,20,-1000,-15,0,1000,TRUE,1000,1000,1000,1.5,1000,1,5
221,l,TRUE,0.05,09:16,15:10,15:15,15,0,1.5,-100,100,40,3,0,1000,20,-1000,-20,0,1000,TRUE,1000,1000,1000,1.5,1000,1,5
222,l,TRUE,0.05,09:16,15:10,15:15,15,0,1.5,-100,100,40,3,0,1000,30,-1000,0,0,1000,TRUE,1000,1000,1000,1.5,1000,1,5
223,l,TRUE,0.05,09:16,15:10,15:15,15,0,1.5,-100,100,40,3,0,1000,30,-1000,-1,0,1000,TRUE,1000,1000,1000,1.5,1000,1,5
224,l,TRUE,0.05,09:16,15:10,15:15,15,0,1.5,-100,100,40,3,0,1000,30,-1000,-2,0,1000,TRUE,1000,1000,1000,1.5,1000,1,5
225,l,TRUE,0.05,09:16,15:10,15:15,15,0,1.5,-100,100,40,3,0,1000,30,-1000,-3,0,1000,TRUE,1000,1000,1000,1.5,1000,1,5
226,l,TRUE,0.05,09:16,15:10,15:15,15,0,1.5,-100,100,40,3,0,1000,30,-1000,-4,0,1000,TRUE,1000,1000,1000,1.5,1000,1,5
227,l,TRUE,0.05,09:16,15:10,15:15,15,0,1.5,-100,100,40,3,0,1000,30,-1000,-5,0,1000,TRUE,1000,1000,1000,1.5,1000,1,5
228,l,TRUE,0.05,09:16,15:10,15:15,15,0,1.5,-100,100,40,3,0,1000,30,-1000,-6,0,1000,TRUE,1000,1000,1000,1.5,1000,1,5
229,l,TRUE,0.05,09:16,15:10,15:15,15,0,1.5,-100,100,40,3,0,1000,30,-1000,-7,0,1000,TRUE,1000,1000,1000,1.5,1000,1,5
230,l,TRUE,0.05,09:16,15:10,15:15,15,0,1.5,-100,100,40,3,0,1000,30,-1000,-8,0,1000,TRUE,1000,1000,1000,1.5,1000,1,5
231,l,TRUE,0.05,09:16,15:10,15:15,15,0,1.5,-100,100,40,3,0,1000,30,-1000,-9,0,1000,TRUE,1000,1000,1000,1.5,1000,1,5
232,l,TRUE,0.05,09:16,15:10,15:15,15,0,1.5,-100,100,40,3,0,1000,30,-1000,-10,0,1000,TRUE,1000,1000,1000,1.5,1000,1,5
233,l,TRUE,0.05,09:16,15:10,15:15,15,0,1.5,-100,100,40,3,0,1000,30,-1000,-15,0,1000,TRUE,1000,1000,1000,1.5,1000,1,5
234,l,TRUE,0.05,09:16,15:10,15:15,15,0,1.5,-100,100,40,3,0,1000,30,-1000,-20,0,1000,TRUE,1000,1000,1000,1.5,1000,1,5
235,l,TRUE,0.05,09:16,15:10,15:15,15,0,1.5,-100,100,50,2,0,1000,15,-1000,0,0,1000,TRUE,1000,1000,1000,1.5,1000,1,5
236,l,TRUE,0.05,09:16,15:10,15:15,15,0,1.5,-100,100,50,2,0,1000,15,-1000,-1,0,1000,TRUE,1000,1000,1000,1.5,1000,1,5
237,l,TRUE,0.05,09:16,15:10,15:15,15,0,1.5,-100,100,50,2,0,1000,15,-1000,-2,0,1000,TRUE,1000,1000,1000,1.5,1000,1,5
238,l,TRUE,0.05,09:16,15:10,15:15,15,0,1.5,-100,100,50,2,0,1000,15,-1000,-3,0,1000,TRUE,1000,1000,1000,1.5,1000,1,5
239,l,TRUE,0.05,09:16,15:10,15:15,15,0,1.5,-100,100,50,2,0,1000,15,-1000,-4,0,1000,TRUE,1000,1000,1000,1.5,1000,1,5
240,l,TRUE,0.05,09:16,15:10,15:15,15,0,1.5,-100,100,50,2,0,1000,15,-1000,-5,0,1000,TRUE,1000,1000,1000,1.5,1000,1,5
241,l,TRUE,0.05,09:16,15:10,15:15,15,0,1.5,-100,100,50,2,0,1000,15,-1000,-6,0,1000,TRUE,1000,1000,1000,1.5,1000,1,5
242,l,TRUE,0.05,09:16,15:10,15:15,15,0,1.5,-100,100,50,2,0,1000,15,-1000,-7,0,1000,TRUE,1000,1000,1000,1.5,1000,1,5
243,l,TRUE,0.05,09:16,15:10,15:15,15,0,1.5,-100,100,50,2,0,1000,15,-1000,-8,0,1000,TRUE,1000,1000,1000,1.5,1000,1,5
244,l,TRUE,0.05,09:16,15:10,15:15,15,0,1.5,-100,100,50,2,0,1000,15,-1000,-9,0,1000,TRUE,1000,1000,1000,1.5,1000,1,5
245,l,TRUE,0.05,09:16,15:10,15:15,15,0,1.5,-100,100,50,2,0,1000,15,-1000,-10,0,1000,TRUE,1000,1000,1000,1.5,1000,1,5
246,l,TRUE,0.05,09:16,15:10,15:15,15,0,1.5,-100,100,50,2,0,1000,15,-1000,-15,0,1000,TRUE,1000,1000,1000,1.5,1000,1,5
247,l,TRUE,0.05,09:16,15:10,15:15,15,0,1.5,-100,100,50,2,0,1000,15,-1000,-20,0,1000,TRUE,1000,1000,1000,1.5,1000,1,5
248,l,TRUE,0.05,09:16,15:10,15:15,15,0,1.5,-100,100,50,2,0,1000,20,-1000,0,0,1000,TRUE,1000,1000,1000,1.5,1000,1,5
249,l,TRUE,0.05,09:16,15:10,15:15,15,0,1.5,-100,100,50,2,0,1000,20,-1000,-1,0,1000,TRUE,1000,1000,1000,1.5,1000,1,5
250,l,TRUE,0.05,09:16,15:10,15:15,15,0,1.5,-100,100,50,2,0,1000,20,-1000,-2,0,1000,TRUE,1000,1000,1000,1.5,1000,1,5
251,l,TRUE,0.05,09:16,15:10,15:15,15,0,1.5,-100,100,50,2,0,1000,20,-1000,-3,0,1000,TRUE,1000,1000,1000,1.5,1000,1,5
252,l,TRUE,0.05,09:16,15:10,15:15,15,0,1.5,-100,100,50,2,0,1000,20,-1000,-4,0,1000,TRUE,1000,1000,1000,1.5,1000,1,5
253,l,TRUE,0.05,09:16,15:10,15:15,15,0,1.5,-100,100,50,2,0,1000,20,-1000,-5,0,1000,TRUE,1000,1000,1000,1.5,1000,1,5
254,l,TRUE,0.05,09:16,15:10,15:15,15,0,1.5,-100,100,50,2,0,1000,20,-1000,-6,0,1000,TRUE,1000,1000,1000,1.5,1000,1,5
255,l,TRUE,0.05,09:16,15:10,15:15,15,0,1.5,-100,100,50,2,0,1000,20,-1000,-7,0,1000,TRUE,1000,1000,1000,1.5,1000,1,5
256,l,TRUE,0.05,09:16,15:10,15:15,15,0,1.5,-100,100,50,2,0,1000,20,-1000,-8,0,1000,TRUE,1000,1000,1000,1.5,1000,1,5
257,l,TRUE,0.05,09:16,15:10,15:15,15,0,1.5,-100,100,50,2,0,1000,20,-1000,-9,0,1000,TRUE,1000,1000,1000,1.5,1000,1,5
258,l,TRUE,0.05,09:16,15:10,15:15,15,0,1.5,-100,100,50,2,0,1000,20,-1000,-10,0,1000,TRUE,1000,1000,1000,1.5,1000,1,5
259,l,TRUE,0.05,09:16,15:10,15:15,15,0,1.5,-100,100,50,2,0,1000,20,-1000,-15,0,1000,TRUE,1000,1000,1000,1.5,1000,1,5
260,l,TRUE,0.05,09:16,15:10,15:15,15,0,1.5,-100,100,50,2,0,1000,20,-1000,-20,0,1000,TRUE,1000,1000,1000,1.5,1000,1,5
261,l,TRUE,0.05,09:16,15:10,15:15,15,0,1.5,-100,100,50,2,0,1000,30,-1000,0,0,1000,TRUE,1000,1000,1000,1.5,1000,1,5
262,l,TRUE,0.05,09:16,15:10,15:15,15,0,1.5,-100,100,50,2,0,1000,30,-1000,-1,0,1000,TRUE,1000,1000,1000,1.5,1000,1,5
263,l,TRUE,0.05,09:16,15:10,15:15,15,0,1.5,-100,100,50,2,0,1000,30,-1000,-2,0,1000,TRUE,1000,1000,1000,1.5,1000,1,5
264,l,TRUE,0.05,09:16,15:10,15:15,15,0,1.5,-100,100,50,2,0,1000,30,-1000,-3,0,1000,TRUE,1000,1000,1000,1.5,1000,1,5
265,l,TRUE,0.05,09:16,15:10,15:15,15,0,1.5,-100,100,50,2,0,1000,30,-1000,-4,0,1000,TRUE,1000,1000,1000,1.5,1000,1,5
266,l,TRUE,0.05,09:16,15:10,15:15,15,0,1.5,-100,100,50,2,0,1000,30,-1000,-5,0,1000,TRUE,1000,1000,1000,1.5,1000,1,5
267,l,TRUE,0.05,09:16,15:10,15:15,15,0,1.5,-100,100,50,2,0,1000,30,-1000,-6,0,1000,TRUE,1000,1000,1000,1.5,1000,1,5
268,l,TRUE,0.05,09:16,15:10,15:15,15,0,1.5,-100,100,50,2,0,1000,30,-1000,-7,0,1000,TRUE,1000,1000,1000,1.5,1000,1,5
269,l,TRUE,0.05,09:16,15:10,15:15,15,0,1.5,-100,100,50,2,0,1000,30,-1000,-8,0,1000,TRUE,1000,1000,1000,1.5,1000,1,5
270,l,TRUE,0.05,09:16,15:10,15:15,15,0,1.5,-100,100,50,2,0,1000,30,-1000,-9,0,1000,TRUE,1000,1000,1000,1.5,1000,1,5
271,l,TRUE,0.05,09:16,15:10,15:15,15,0,1.5,-100,100,50,2,0,1000,30,-1000,-10,0,1000,TRUE,1000,1000,1000,1.5,1000,1,5
272,l,TRUE,0.05,09:16,15:10,15:15,15,0,1.5,-100,100,50,2,0,1000,30,-1000,-15,0,1000,TRUE,1000,1000,1000,1.5,1000,1,5
273,l,TRUE,0.05,09:16,15:10,15:15,15,0,1.5,-100,100,50,2,0,1000,30,-1000,-20,0,1000,TRUE,1000,1000,1000,1.5,1000,1,5
274,l,TRUE,0.05,09:16,15:10,15:15,15,0,1.5,-100,100,50,3,0,1000,15,-1000,0,0,1000,TRUE,1000,1000,1000,1.5,1000,1,5
275,l,TRUE,0.05,09:16,15:10,15:15,15,0,1.5,-100,100,50,3,0,1000,15,-1000,-1,0,1000,TRUE,1000,1000,1000,1.5,1000,1,5
276,l,TRUE,0.05,09:16,15:10,15:15,15,0,1.5,-100,100,50,3,0,1000,15,-1000,-2,0,1000,TRUE,1000,1000,1000,1.5,1000,1,5
277,l,TRUE,0.05,09:16,15:10,15:15,15,0,1.5,-100,100,50,3,0,1000,15,-1000,-3,0,1000,TRUE,1000,1000,1000,1.5,1000,1,5
278,l,TRUE,0.05,09:16,15:10,15:15,15,0,1.5,-100,100,50,3,0,1000,15,-1000,-4,0,1000,TRUE,1000,1000,1000,1.5,1000,1,5
279,l,TRUE,0.05,09:16,15:10,15:15,15,0,1.5,-100,100,50,3,0,1000,15,-1000,-5,0,1000,TRUE,1000,1000,1000,1.5,1000,1,5
280,l,TRUE,0.05,09:16,15:10,15:15,15,0,1.5,-100,100,50,3,0,1000,15,-1000,-6,0,1000,TRUE,1000,1000,1000,1.5,1000,1,5
281,l,TRUE,0.05,09:16,15:10,15:15,15,0,1.5,-100,100,50,3,0,1000,15,-1000,-7,0,1000,TRUE,1000,1000,1000,1.5,1000,1,5
282,l,TRUE,0.05,09:16,15:10,15:15,15,0,1.5,-100,100,50,3,0,1000,15,-1000,-8,0,1000,TRUE,1000,1000,1000,1.5,1000,1,5
283,l,TRUE,0.05,09:16,15:10,15:15,15,0,1.5,-100,100,50,3,0,1000,15,-1000,-9,0,1000,TRUE,1000,1000,1000,1.5,1000,1,5
284,l,TRUE,0.05,09:16,15:10,15:15,15,0,1.5,-100,100,50,3,0,1000,15,-1000,-10,0,1000,TRUE,1000,1000,1000,1.5,1000,1,5
285,l,TRUE,0.05,09:16,15:10,15:15,15,0,1.5,-100,100,50,3,0,1000,15,-1000,-15,0,1000,TRUE,1000,1000,1000,1.5,1000,1,5
286,l,TRUE,0.05,09:16,15:10,15:15,15,0,1.5,-100,100,50,3,0,1000,15,-1000,-20,0,1000,TRUE,1000,1000,1000,1.5,1000,1,5
287,l,TRUE,0.05,09:16,15:10,15:15,15,0,1.5,-100,100,50,3,0,1000,20,-1000,0,0,1000,TRUE,1000,1000,1000,1.5,1000,1,5
288,l,TRUE,0.05,09:16,15:10,15:15,15,0,1.5,-100,100,50,3,0,1000,20,-1000,-1,0,1000,TRUE,1000,1000,1000,1.5,1000,1,5
289,l,TRUE,0.05,09:16,15:10,15:15,15,0,1.5,-100,100,50,3,0,1000,20,-1000,-2,0,1000,TRUE,1000,1000,1000,1.5,1000,1,5
290,l,TRUE,0.05,09:16,15:10,15:15,15,0,1.5,-100,100,50,3,0,1000,20,-1000,-3,0,1000,TRUE,1000,1000,1000,1.5,1000,1,5
291,l,TRUE,0.05,09:16,15:10,15:15,15,0,1.5,-100,100,50,3,0,1000,20,-1000,-4,0,1000,TRUE,1000,1000,1000,1.5,1000,1,5
292,l,TRUE,0.05,09:16,15:10,15:15,15,0,1.5,-100,100,50,3,0,1000,20,-1000,-5,0,1000,TRUE,1000,1000,1000,1.5,1000,1,5
293,l,TRUE,0.05,09:16,15:10,15:15,15,0,1.5,-100,100,50,3,0,1000,20,-1000,-6,0,1000,TRUE,1000,1000,1000,1.5,1000,1,5
294,l,TRUE,0.05,09:16,15:10,15:15,15,0,1.5,-100,100,50,3,0,1000,20,-1000,-7,0,1000,TRUE,1000,1000,1000,1.5,1000,1,5
295,l,TRUE,0.05,09:16,15:10,15:15,15,0,1.5,-100,100,50,3,0,1000,20,-1000,-8,0,1000,TRUE,1000,1000,1000,1.5,1000,1,5
296,l,TRUE,0.05,09:16,15:10,15:15,15,0,1.5,-100,100,50,3,0,1000,20,-1000,-9,0,1000,TRUE,1000,1000,1000,1.5,1000,1,5
297,l,TRUE,0.05,09:16,15:10,15:15,15,0,1.5,-100,100,50,3,0,1000,20,-1000,-10,0,1000,TRUE,1000,1000,1000,1.5,1000,1,5
298,l,TRUE,0.05,09:16,15:10,15:15,15,0,1.5,-100,100,50,3,0,1000,20,-1000,-15,0,1000,TRUE,1000,1000,1000,1.5,1000,1,5
299,l,TRUE,0.05,09:16,15:10,15:15,15,0,1.5,-100,100,50,3,0,1000,20,-1000,-20,0,1000,TRUE,1000,1000,1000,1.5,1000,1,5
300,l,TRUE,0.05,09:16,15:10,15:15,15,0,1.5,-100,100,50,3,0,1000,30,-1000,0,0,1000,TRUE,1000,1000,1000,1.5,1000,1,5
301,l,TRUE,0.05,09:16,15:10,15:15,15,0,1.5,-100,100,50,3,0,1000,30,-1000,-1,0,1000,TRUE,1000,1000,1000,1.5,1000,1,5
302,l,TRUE,0.05,09:16,15:10,15:15,15,0,1.5,-100,100,50,3,0,1000,30,-1000,-2,0,1000,TRUE,1000,1000,1000,1.5,1000,1,5
303,l,TRUE,0.05,09:16,15:10,15:15,15,0,1.5,-100,100,50,3,0,1000,30,-1000,-3,0,1000,TRUE,1000,1000,1000,1.5,1000,1,5
304,l,TRUE,0.05,09:16,15:10,15:15,15,0,1.5,-100,100,50,3,0,1000,30,-1000,-4,0,1000,TRUE,1000,1000,1000,1.5,1000,1,5
305,l,TRUE,0.05,09:16,15:10,15:15,15,0,1.5,-100,100,50,3,0,1000,30,-1000,-5,0,1000,TRUE,1000,1000,1000,1.5,1000,1,5
306,l,TRUE,0.05,09:16,15:10,15:15,15,0,1.5,-100,100,50,3,0,1000,30,-1000,-6,0,1000,TRUE,1000,1000,1000,1.5,1000,1,5
307,l,TRUE,0.05,09:16,15:10,15:15,15,0,1.5,-100,100,50,3,0,1000,30,-1000,-7,0,1000,TRUE,1000,1000,1000,1.5,1000,1,5
308,l,TRUE,0.05,09:16,15:10,15:15,15,0,1.5,-100,100,50,3,0,1000,30,-1000,-8,0,1000,TRUE,1000,1000,1000,1.5,1000,1,5
309,l,TRUE,0.05,09:16,15:10,15:15,15,0,1.5,-100,100,50,3,0,1000,30,-1000,-9,0,1000,TRUE,1000,1000,1000,1.5,1000,1,5
310,l,TRUE,0.05,09:16,15:10,15:15,15,0,1.5,-100,100,50,3,0,1000,30,-1000,-10,0,1000,TRUE,1000,1000,1000,1.5,1000,1,5
311,l,TRUE,0.05,09:16,15:10,15:15,15,0,1.5,-100,100,50,3,0,1000,30,-1000,-15,0,1000,TRUE,1000,1000,1000,1.5,1000,1,5
312,l,TRUE,0.05,09:16,15:10,15:15,15,0,1.5,-100,100,50,3,0,1000,30,-1000,-20,0,1000,TRUE,1000,1000,1000,1.5,1000,1,5
313,l,TRUE,0.05,09:16,15:10,15:15,15,0,1.5,-100,100,60,2,0,1000,15,-1000,0,0,1000,TRUE,1000,1000,1000,1.5,1000,1,5
314,l,TRUE,0.05,09:16,15:10,15:15,15,0,1.5,-100,100,60,2,0,1000,15,-1000,-1,0,1000,TRUE,1000,1000,1000,1.5,1000,1,5
315,l,TRUE,0.05,09:16,15:10,15:15,15,0,1.5,-100,100,60,2,0,1000,15,-1000,-2,0,1000,TRUE,1000,1000,1000,1.5,1000,1,5
316,l,TRUE,0.05,09:16,15:10,15:15,15,0,1.5,-100,100,60,2,0,1000,15,-1000,-3,0,1000,TRUE,1000,1000,1000,1.5,1000,1,5
317,l,TRUE,0.05,09:16,15:10,15:15,15,0,1.5,-100,100,60,2,0,1000,15,-1000,-4,0,1000,TRUE,1000,1000,1000,1.5,1000,1,5
318,l,TRUE,0.05,09:16,15:10,15:15,15,0,1.5,-100,100,60,2,0,1000,15,-1000,-5,0,1000,TRUE,1000,1000,1000,1.5,1000,1,5
319,l,TRUE,0.05,09:16,15:10,15:15,15,0,1.5,-100,100,60,2,0,1000,15,-1000,-6,0,1000,TRUE,1000,1000,1000,1.5,1000,1,5
320,l,TRUE,0.05,09:16,15:10,15:15,15,0,1.5,-100,100,60,2,0,1000,15,-1000,-7,0,1000,TRUE,1000,1000,1000,1.5,1000,1,5
321,l,TRUE,0.05,09:16,15:10,15:15,15,0,1.5,-100,100,60,2,0,1000,15,-1000,-8,0,1000,TRUE,1000,1000,1000,1.5,1000,1,5
322,l,TRUE,0.05,09:16,15:10,15:15,15,0,1.5,-100,100,60,2,0,1000,15,-1000,-9,0,1000,TRUE,1000,1000,1000,1.5,1000,1,5
323,l,TRUE,0.05,09:16,15:10,15:15,15,0,1.5,-100,100,60,2,0,1000,15,-1000,-10,0,1000,TRUE,1000,1000,1000,1.5,1000,1,5
324,l,TRUE,0.05,09:16,15:10,15:15,15,0,1.5,-100,100,60,2,0,1000,15,-1000,-15,0,1000,TRUE,1000,1000,1000,1.5,1000,1,5
325,l,TRUE,0.05,09:16,15:10,15:15,15,0,1.5,-100,100,60,2,0,1000,15,-1000,-20,0,1000,TRUE,1000,1000,1000,1.5,1000,1,5
326,l,TRUE,0.05,09:16,15:10,15:15,15,0,1.5,-100,100,60,2,0,1000,20,-1000,0,0,1000,TRUE,1000,1000,1000,1.5,1000,1,5
327,l,TRUE,0.05,09:16,15:10,15:15,15,0,1.5,-100,100,60,2,0,1000,20,-1000,-1,0,1000,TRUE,1000,1000,1000,1.5,1000,1,5
328,l,TRUE,0.05,09:16,15:10,15:15,15,0,1.5,-100,100,60,2,0,1000,20,-1000,-2,0,1000,TRUE,1000,1000,1000,1.5,1000,1,5
329,l,TRUE,0.05,09:16,15:10,15:15,15,0,1.5,-100,100,60,2,0,1000,20,-1000,-3,0,1000,TRUE,1000,1000,1000,1.5,1000,1,5
330,l,TRUE,0.05,09:16,15:10,15:15,15,0,1.5,-100,100,60,2,0,1000,20,-1000,-4,0,1000,TRUE,1000,1000,1000,1.5,1000,1,5
331,l,TRUE,0.05,09:16,15:10,15:15,15,0,1.5,-100,100,60,2,0,1000,20,-1000,-5,0,1000,TRUE,1000,1000,1000,1.5,1000,1,5
332,l,TRUE,0.05,09:16,15:10,15:15,15,0,1.5,-100,100,60,2,0,1000,20,-1000,-6,0,1000,TRUE,1000,1000,1000,1.5,1000,1,5
333,l,TRUE,0.05,09:16,15:10,15:15,15,0,1.5,-100,100,60,2,0,1000,20,-1000,-7,0,1000,TRUE,1000,1000,1000,1.5,1000,1,5
334,l,TRUE,0.05,09:16,15:10,15:15,15,0,1.5,-100,100,60,2,0,1000,20,-1000,-8,0,1000,TRUE,1000,1000,1000,1.5,1000,1,5
335,l,TRUE,0.05,09:16,15:10,15:15,15,0,1.5,-100,100,60,2,0,1000,20,-1000,-9,0,1000,TRUE,1000,1000,1000,1.5,1000,1,5
336,l,TRUE,0.05,09:16,15:10,15:15,15,0,1.5,-100,100,60,2,0,1000,20,-1000,-10,0,1000,TRUE,1000,1000,1000,1.5,1000,1,5
337,l,TRUE,0.05,09:16,15:10,15:15,15,0,1.5,-100,100,60,2,0,1000,20,-1000,-15,0,1000,TRUE,1000,1000,1000,1.5,1000,1,5
338,l,TRUE,0.05,09:16,15:10,15:15,15,0,1.5,-100,100,60,2,0,1000,20,-1000,-20,0,1000,TRUE,1000,1000,1000,1.5,1000,1,5
339,l,TRUE,0.05,09:16,15:10,15:15,15,0,1.5,-100,100,60,2,0,1000,30,-1000,0,0,1000,TRUE,1000,1000,1000,1.5,1000,1,5
340,l,TRUE,0.05,09:16,15:10,15:15,15,0,1.5,-100,100,60,2,0,1000,30,-1000,-1,0,1000,TRUE,1000,1000,1000,1.5,1000,1,5
341,l,TRUE,0.05,09:16,15:10,15:15,15,0,1.5,-100,100,60,2,0,1000,30,-1000,-2,0,1000,TRUE,1000,1000,1000,1.5,1000,1,5
342,l,TRUE,0.05,09:16,15:10,15:15,15,0,1.5,-100,100,60,2,0,1000,30,-1000,-3,0,1000,TRUE,1000,1000,1000,1.5,1000,1,5
343,l,TRUE,0.05,09:16,15:10,15:15,15,0,1.5,-100,100,60,2,0,1000,30,-1000,-4,0,1000,TRUE,1000,1000,1000,1.5,1000,1,5
344,l,TRUE,0.05,09:16,15:10,15:15,15,0,1.5,-100,100,60,2,0,1000,30,-1000,-5,0,1000,TRUE,1000,1000,1000,1.5,1000,1,5
345,l,TRUE,0.05,09:16,15:10,15:15,15,0,1.5,-100,100,60,2,0,1000,30,-1000,-6,0,1000,TRUE,1000,1000,1000,1.5,1000,1,5
346,l,TRUE,0.05,09:16,15:10,15:15,15,0,1.5,-100,100,60,2,0,1000,30,-1000,-7,0,1000,TRUE,1000,1000,1000,1.5,1000,1,5
347,l,TRUE,0.05,09:16,15:10,15:15,15,0,1.5,-100,100,60,2,0,1000,30,-1000,-8,0,1000,TRUE,1000,1000,1000,1.5,1000,1,5
348,l,TRUE,0.05,09:16,15:10,15:15,15,0,1.5,-100,100,60,2,0,1000,30,-1000,-9,0,1000,TRUE,1000,1000,1000,1.5,1000,1,5
349,l,TRUE,0.05,09:16,15:10,15:15,15,0,1.5,-100,100,60,2,0,1000,30,-1000,-10,0,1000,TRUE,1000,1000,1000,1.5,1000,1,5
350,l,TRUE,0.05,09:16,15:10,15:15,15,0,1.5,-100,100,60,2,0,1000,30,-1000,-15,0,1000,TRUE,1000,1000,1000,1.5,1000,1,5
351,l,TRUE,0.05,09:16,15:10,15:15,15,0,1.5,-100,100,60,2,0,1000,30,-1000,-20,0,1000,TRUE,1000,1000,1000,1.5,1000,1,5
352,l,TRUE,0.05,09:16,15:10,15:15,15,0,1.5,-100,100,60,3,0,1000,15,-1000,0,0,1000,TRUE,1000,1000,1000,1.5,1000,1,5
353,l,TRUE,0.05,09:16,15:10,15:15,15,0,1.5,-100,100,60,3,0,1000,15,-1000,-1,0,1000,TRUE,1000,1000,1000,1.5,1000,1,5
354,l,TRUE,0.05,09:16,15:10,15:15,15,0,1.5,-100,100,60,3,0,1000,15,-1000,-2,0,1000,TRUE,1000,1000,1000,1.5,1000,1,5
355,l,TRUE,0.05,09:16,15:10,15:15,15,0,1.5,-100,100,60,3,0,1000,15,-1000,-3,0,1000,TRUE,1000,1000,1000,1.5,1000,1,5
356,l,TRUE,0.05,09:16,15:10,15:15,15,0,1.5,-100,100,60,3,0,1000,15,-1000,-4,0,1000,TRUE,1000,1000,1000,1.5,1000,1,5
357,l,TRUE,0.05,09:16,15:10,15:15,15,0,1.5,-100,100,60,3,0,1000,15,-1000,-5,0,1000,TRUE,1000,1000,1000,1.5,1000,1,5
358,l,TRUE,0.05,09:16,15:10,15:15,15,0,1.5,-100,100,60,3,0,1000,15,-1000,-6,0,1000,TRUE,1000,1000,1000,1.5,1000,1,5
359,l,TRUE,0.05,09:16,15:10,15:15,15,0,1.5,-100,100,60,3,0,1000,15,-1000,-7,0,1000,TRUE,1000,1000,1000,1.5,1000,1,5
360,l,TRUE,0.05,09:16,15:10,15:15,15,0,1.5,-100,100,60,3,0,1000,15,-1000,-8,0,1000,TRUE,1000,1000,1000,1.5,1000,1,5
361,l,TRUE,0.05,09:16,15:10,15:15,15,0,1.5,-100,100,60,3,0,1000,15,-1000,-9,0,1000,TRUE,1000,1000,1000,1.5,1000,1,5
362,l,TRUE,0.05,09:16,15:10,15:15,15,0,1.5,-100,100,60,3,0,1000,15,-1000,-10,0,1000,TRUE,1000,1000,1000,1.5,1000,1,5
363,l,TRUE,0.05,09:16,15:10,15:15,15,0,1.5,-100,100,60,3,0,1000,15,-1000,-15,0,1000,TRUE,1000,1000,1000,1.5,1000,1,5
364,l,TRUE,0.05,09:16,15:10,15:15,15,0,1.5,-100,100,60,3,0,1000,15,-1000,-20,0,1000,TRUE,1000,1000,1000,1.5,1000,1,5
365,l,TRUE,0.05,09:16,15:10,15:15,15,0,1.5,-100,100,60,3,0,1000,20,-1000,0,0,1000,TRUE,1000,1000,1000,1.5,1000,1,5
366,l,TRUE,0.05,09:16,15:10,15:15,15,0,1.5,-100,100,60,3,0,1000,20,-1000,-1,0,1000,TRUE,1000,1000,1000,1.5,1000,1,5
367,l,TRUE,0.05,09:16,15:10,15:15,15,0,1.5,-100,100,60,3,0,1000,20,-1000,-2,0,1000,TRUE,1000,1000,1000,1.5,1000,1,5
368,l,TRUE,0.05,09:16,15:10,15:15,15,0,1.5,-100,100,60,3,0,1000,20,-1000,-3,0,1000,TRUE,1000,1000,1000,1.5,1000,1,5
369,l,TRUE,0.05,09:16,15:10,15:15,15,0,1.5,-100,100,60,3,0,1000,20,-1000,-4,0,1000,TRUE,1000,1000,1000,1.5,1000,1,5
370,l,TRUE,0.05,09:16,15:10,15:15,15,0,1.5,-100,100,60,3,0,1000,20,-1000,-5,0,1000,TRUE,1000,1000,1000,1.5,1000,1,5
371,l,TRUE,0.05,09:16,15:10,15:15,15,0,1.5,-100,100,60,3,0,1000,20,-1000,-6,0,1000,TRUE,1000,1000,1000,1.5,1000,1,5
372,l,TRUE,0.05,09:16,15:10,15:15,15,0,1.5,-100,100,60,3,0,1000,20,-1000,-7,0,1000,TRUE,1000,1000,1000,1.5,1000,1,5
373,l,TRUE,0.05,09:16,15:10,15:15,15,0,1.5,-100,100,60,3,0,1000,20,-1000,-8,0,1000,TRUE,1000,1000,1000,1.5,1000,1,5
374,l,TRUE,0.05,09:16,15:10,15:15,15,0,1.5,-100,100,60,3,0,1000,20,-1000,-9,0,1000,TRUE,1000,1000,1000,1.5,1000,1,5
375,l,TRUE,0.05,09:16,15:10,15:15,15,0,1.5,-100,100,60,3,0,1000,20,-1000,-10,0,1000,TRUE,1000,1000,1000,1.5,1000,1,5
376,l,TRUE,0.05,09:16,15:10,15:15,15,0,1.5,-100,100,60,3,0,1000,20,-1000,-15,0,1000,TRUE,1000,1000,1000,1.5,1000,1,5
377,l,TRUE,0.05,09:16,15:10,15:15,15,0,1.5,-100,100,60,3,0,1000,20,-1000,-20,0,1000,TRUE,1000,1000,1000,1.5,1000,1,5
378,l,TRUE,0.05,09:16,15:10,15:15,15,0,1.5,-100,100,60,3,0,1000,30,-1000,0,0,1000,TRUE,1000,1000,1000,1.5,1000,1,5
379,l,TRUE,0.05,09:16,15:10,15:15,15,0,1.5,-100,100,60,3,0,1000,30,-1000,-1,0,1000,TRUE,1000,1000,1000,1.5,1000,1,5
380,l,TRUE,0.05,09:16,15:10,15:15,15,0,1.5,-100,100,60,3,0,1000,30,-1000,-2,0,1000,TRUE,1000,1000,1000,1.5,1000,1,5
381,l,TRUE,0.05,09:16,15:10,15:15,15,0,1.5,-100,100,60,3,0,1000,30,-1000,-3,0,1000,TRUE,1000,1000,1000,1.5,1000,1,5
382,l,TRUE,0.05,09:16,15:10,15:15,15,0,1.5,-100,100,60,3,0,1000,30,-1000,-4,0,1000,TRUE,1000,1000,1000,1.5,1000,1,5
383,l,TRUE,0.05,09:16,15:10,15:15,15,0,1.5,-100,100,60,3,0,1000,30,-1000,-5,0,1000,TRUE,1000,1000,1000,1.5,1000,1,5
384,l,TRUE,0.05,09:16,15:10,15:15,15,0,1.5,-100,100,60,3,0,1000,30,-1000,-6,0,1000,TRUE,1000,1000,1000,1.5,1000,1,5
385,l,TRUE,0.05,09:16,15:10,15:15,15,0,1.5,-100,100,60,3,0,1000,30,-1000,-7,0,1000,TRUE,1000,1000,1000,1.5,1000,1,5
386,l,TRUE,0.05,09:16,15:10,15:15,15,0,1.5,-100,100,60,3,0,1000,30,-1000,-8,0,1000,TRUE,1000,1000,1000,1.5,1000,1,5
387,l,TRUE,0.05,09:16,15:10,15:15,15,0,1.5,-100,100,60,3,0,1000,30,-1000,-9,0,1000,TRUE,1000,1000,1000,1.5,1000,1,5
388,l,TRUE,0.05,09:16,15:10,15:15,15,0,1.5,-100,100,60,3,0,1000,30,-1000,-10,0,1000,TRUE,1000,1000,1000,1.5,1000,1,5
389,l,TRUE,0.05,09:16,15:10,15:15,15,0,1.5,-100,100,60,3,0,1000,30,-1000,-15,0,1000,TRUE,1000,1000,1000,1.5,1000,1,5
390,l,TRUE,0.05,09:16,15:10,15:15,15,0,1.5,-100,100,60,3,0,1000,30,-1000,-20,0,1000,TRUE,1000,1000,1000,1.5,1000,1,5
391,l,TRUE,0.05,09:16,15:10,15:15,15,0,1.5,-100,100,20,2,0,1000,15,-1,0,0,1000,TRUE,1000,1000,1000,1.5,1000,1,5
392,l,TRUE,0.05,09:16,15:10,15:15,15,0,1.5,-100,100,20,2,0,1000,20,-1,0,0,1000,TRUE,1000,1000,1000,1.5,1000,1,5
393,l,TRUE,0.05,09:16,15:10,15:15,15,0,1.5,-100,100,20,2,0,1000,30,-1,0,0,1000,TRUE,1000,1000,1000,1.5,1000,1,5
394,l,TRUE,0.05,09:16,15:10,15:15,15,0,1.5,-100,100,20,3,0,1000,15,-1,0,0,1000,TRUE,1000,1000,1000,1.5,1000,1,5
395,l,TRUE,0.05,09:16,15:10,15:15,15,0,1.5,-100,100,20,3,0,1000,20,-1,0,0,1000,TRUE,1000,1000,1000,1.5,1000,1,5
396,l,TRUE,0.05,09:16,15:10,15:15,15,0,1.5,-100,100,20,3,0,1000,30,-1,0,0,1000,TRUE,1000,1000,1000,1.5,1000,1,5
397,l,TRUE,0.05,09:16,15:10,15:15,15,0,1.5,-100,100,30,2,0,1000,15,-1,0,0,1000,TRUE,1000,1000,1000,1.5,1000,1,5
398,l,TRUE,0.05,09:16,15:10,15:15,15,0,1.5,-100,100,30,2,0,1000,20,-1,0,0,1000,TRUE,1000,1000,1000,1.5,1000,1,5
399,l,TRUE,0.05,09:16,15:10,15:15,15,0,1.5,-100,100,30,2,0,1000,30,-1,0,0,1000,TRUE,1000,1000,1000,1.5,1000,1,5
400,l,TRUE,0.05,09:16,15:10,15:15,15,0,1.5,-100,100,30,3,0,1000,15,-1,0,0,1000,TRUE,1000,1000,1000,1.5,1000,1,5
401,l,TRUE,0.05,09:16,15:10,15:15,15,0,1.5,-100,100,30,3,0,1000,20,-1,0,0,1000,TRUE,1000,1000,1000,1.5,1000,1,5
402,l,TRUE,0.05,09:16,15:10,15:15,15,0,1.5,-100,100,30,3,0,1000,30,-1,0,0,1000,TRUE,1000,1000,1000,1.5,1000,1,5
403,l,TRUE,0.05,09:16,15:10,15:15,15,0,1.5,-100,100,40,2,0,1000,15,-1,0,0,1000,TRUE,1000,1000,1000,1.5,1000,1,5
404,l,TRUE,0.05,09:16,15:10,15:15,15,0,1.5,-100,100,40,2,0,1000,20,-1,0,0,1000,TRUE,1000,1000,1000,1.5,1000,1,5
405,l,TRUE,0.05,09:16,15:10,15:15,15,0,1.5,-100,100,40,2,0,1000,30,-1,0,0,1000,TRUE,1000,1000,1000,1.5,1000,1,5
406,l,TRUE,0.05,09:16,15:10,15:15,15,0,1.5,-100,100,40,3,0,1000,15,-1,0,0,1000,TRUE,1000,1000,1000,1.5,1000,1,5
407,l,TRUE,0.05,09:16,15:10,15:15,15,0,1.5,-100,100,40,3,0,1000,20,-1,0,0,1000,TRUE,1000,1000,1000,1.5,1000,1,5
408,l,TRUE,0.05,09:16,15:10,15:15,15,0,1.5,-100,100,40,3,0,1000,30,-1,0,0,1000,TRUE,1000,1000,1000,1.5,1000,1,5
409,l,TRUE,0.05,09:16,15:10,15:15,15,0,1.5,-100,100,50,2,0,1000,15,-1,0,0,1000,TRUE,1000,1000,1000,1.5,1000,1,5
410,l,TRUE,0.05,09:16,15:10,15:15,15,0,1.5,-100,100,50,2,0,1000,20,-1,0,0,1000,TRUE,1000,1000,1000,1.5,1000,1,5
411,l,TRUE,0.05,09:16,15:10,15:15,15,0,1.5,-100,100,50,2,0,1000,30,-1,0,0,1000,TRUE,1000,1000,1000,1.5,1000,1,5
412,l,TRUE,0.05,09:16,15:10,15:15,15,0,1.5,-100,100,50,3,0,1000,15,-1,0,0,1000,TRUE,1000,1000,1000,1.5,1000,1,5
413,l,TRUE,0.05,09:16,15:10,15:15,15,0,1.5,-100,100,50,3,0,1000,20,-1,0,0,1000,TRUE,1000,1000,1000,1.5,1000,1,5
414,l,TRUE,0.05,09:16,15:10,15:15,15,0,1.5,-100,100,50,3,0,1000,30,-1,0,0,1000,TRUE,1000,1000,1000,1.5,1000,1,5
415,l,TRUE,0.05,09:16,15:10,15:15,15,0,1.5,-100,100,60,2,0,1000,15,-1,0,0,1000,TRUE,1000,1000,1000,1.5,1000,1,5
416,l,TRUE,0.05,09:16,15:10,15:15,15,0,1.5,-100,100,60,2,0,1000,20,-1,0,0,1000,TRUE,1000,1000,1000,1.5,1000,1,5
417,l,TRUE,0.05,09:16,15:10,15:15,15,0,1.5,-100,100,60,2,0,1000,30,-1,0,0,1000,TRUE,1000,1000,1000,1.5,1000,1,5
418,l,TRUE,0.05,09:16,15:10,15:15,15,0,1.5,-100,100,60,3,0,1000,15,-1,0,0,1000,TRUE,1000,1000,1000,1.5,1000,1,5
419,l,TRUE,0.05,09:16,15:10,15:15,15,0,1.5,-100,100,60,3,0,1000,20,-1,0,0,1000,TRUE,1000,1000,1000,1.5,1000,1,5
420,l,TRUE,0.05,09:16,15:10,15:15,15,0,1.5,-100,100,60,3,0,1000,30,-1,0,0,1000,TRUE,1000,1000,1000,1.5,1000,1,5
421,l,TRUE,0.05,09:16,15:10,15:15,15,0,1.5,-100,100,20,2,0,1000,15,-2,0,0,1000,TRUE,1000,1000,1000,1.5,1000,1,5
422,l,TRUE,0.05,09:16,15:10,15:15,15,0,1.5,-100,100,20,2,0,1000,15,-2,-1,0,1000,TRUE,1000,1000,1000,1.5,1000,1,5
423,l,TRUE,0.05,09:16,15:10,15:15,15,0,1.5,-100,100,20,2,0,1000,20,-2,0,0,1000,TRUE,1000,1000,1000,1.5,1000,1,5
424,l,TRUE,0.05,09:16,15:10,15:15,15,0,1.5,-100,100,20,2,0,1000,20,-2,-1,0,1000,TRUE,1000,1000,1000,1.5,1000,1,5
425,l,TRUE,0.05,09:16,15:10,15:15,15,0,1.5,-100,100,20,2,0,1000,30,-2,0,0,1000,TRUE,1000,1000,1000,1.5,1000,1,5
426,l,TRUE,0.05,09:16,15:10,15:15,15,0,1.5,-100,100,20,2,0,1000,30,-2,-1,0,1000,TRUE,1000,1000,1000,1.5,1000,1,5
427,l,TRUE,0.05,09:16,15:10,15:15,15,0,1.5,-100,100,20,3,0,1000,15,-2,0,0,1000,TRUE,1000,1000,1000,1.5,1000,1,5
428,l,TRUE,0.05,09:16,15:10,15:15,15,0,1.5,-100,100,20,3,0,1000,15,-2,-1,0,1000,TRUE,1000,1000,1000,1.5,1000,1,5
429,l,TRUE,0.05,09:16,15:10,15:15,15,0,1.5,-100,100,20,3,0,1000,20,-2,0,0,1000,TRUE,1000,1000,1000,1.5,1000,1,5
430,l,TRUE,0.05,09:16,15:10,15:15,15,0,1.5,-100,100,20,3,0,1000,20,-2,-1,0,1000,TRUE,1000,1000,1000,1.5,1000,1,5
431,l,TRUE,0.05,09:16,15:10,15:15,15,0,1.5,-100,100,20,3,0,1000,30,-2,0,0,1000,TRUE,1000,1000,1000,1.5,1000,1,5
432,l,TRUE,0.05,09:16,15:10,15:15,15,0,1.5,-100,100,20,3,0,1000,30,-2,-1,0,1000,TRUE,1000,1000,1000,1.5,1000,1,5
433,l,TRUE,0.05,09:16,15:10,15:15,15,0,1.5,-100,100,30,2,0,1000,15,-2,0,0,1000,TRUE,1000,1000,1000,1.5,1000,1,5
434,l,TRUE,0.05,09:16,15:10,15:15,15,0,1.5,-100,100,30,2,0,1000,15,-2,-1,0,1000,TRUE,1000,1000,1000,1.5,1000,1,5
435,l,TRUE,0.05,09:16,15:10,15:15,15,0,1.5,-100,100,30,2,0,1000,20,-2,0,0,1000,TRUE,1000,1000,1000,1.5,1000,1,5
436,l,TRUE,0.05,09:16,15:10,15:15,15,0,1.5,-100,100,30,2,0,1000,20,-2,-1,0,1000,TRUE,1000,1000,1000,1.5,1000,1,5
437,l,TRUE,0.05,09:16,15:10,15:15,15,0,1.5,-100,100,30,2,0,1000,30,-2,0,0,1000,TRUE,1000,1000,1000,1.5,1000,1,5
438,l,TRUE,0.05,09:16,15:10,15:15,15,0,1.5,-100,100,30,2,0,1000,30,-2,-1,0,1000,TRUE,1000,1000,1000,1.5,1000,1,5
439,l,TRUE,0.05,09:16,15:10,15:15,15,0,1.5,-100,100,30,3,0,1000,15,-2,0,0,1000,TRUE,1000,1000,1000,1.5,1000,1,5
440,l,TRUE,0.05,09:16,15:10,15:15,15,0,1.5,-100,100,30,3,0,1000,15,-2,-1,0,1000,TRUE,1000,1000,1000,1.5,1000,1,5
441,l,TRUE,0.05,09:16,15:10,15:15,15,0,1.5,-100,100,30,3,0,1000,20,-2,0,0,1000,TRUE,1000,1000,1000,1.5,1000,1,5
442,l,TRUE,0.05,09:16,15:10,15:15,15,0,1.5,-100,100,30,3,0,1000,20,-2,-1,0,1000,TRUE,1000,1000,1000,1.5,1000,1,5
443,l,TRUE,0.05,09:16,15:10,15:15,15,0,1.5,-100,100,30,3,0,1000,30,-2,0,0,1000,TRUE,1000,1000,1000,1.5,1000,1,5
444,l,TRUE,0.05,09:16,15:10,15:15,15,0,1.5,-100,100,30,3,0,1000,30,-2,-1,0,1000,TRUE,1000,1000,1000,1.5,1000,1,5
445,l,TRUE,0.05,09:16,15:10,15:15,15,0,1.5,-100,100,40,2,0,1000,15,-2,0,0,1000,TRUE,1000,1000,1000,1.5,1000,1,5
446,l,TRUE,0.05,09:16,15:10,15:15,15,0,1.5,-100,100,40,2,0,1000,15,-2,-1,0,1000,TRUE,1000,1000,1000,1.5,1000,1,5
447,l,TRUE,0.05,09:16,15:10,15:15,15,0,1.5,-100,100,40,2,0,1000,20,-2,0,0,1000,TRUE,1000,1000,1000,1.5,1000,1,5
448,l,TRUE,0.05,09:16,15:10,15:15,15,0,1.5,-100,100,40,2,0,1000,20,-2,-1,0,1000,TRUE,1000,1000,1000,1.5,1000,1,5
449,l,TRUE,0.05,09:16,15:10,15:15,15,0,1.5,-100,100,40,2,0,1000,30,-2,0,0,1000,TRUE,1000,1000,1000,1.5,1000,1,5
450,l,TRUE,0.05,09:16,15:10,15:15,15,0,1.5,-100,100,40,2,0,1000,30,-2,-1,0,1000,TRUE,1000,1000,1000,1.5,1000,1,5
451,l,TRUE,0.05,09:16,15:10,15:15,15,0,1.5,-100,100,40,3,0,1000,15,-2,0,0,1000,TRUE,1000,1000,1000,1.5,1000,1,5
452,l,TRUE,0.05,09:16,15:10,15:15,15,0,1.5,-100,100,40,3,0,1000,15,-2,-1,0,1000,TRUE,1000,1000,1000,1.5,1000,1,5
453,l,TRUE,0.05,09:16,15:10,15:15,15,0,1.5,-100,100,40,3,0,1000,20,-2,0,0,1000,TRUE,1000,1000,1000,1.5,1000,1,5
454,l,TRUE,0.05,09:16,15:10,15:15,15,0,1.5,-100,100,40,3,0,1000,20,-2,-1,0,1000,TRUE,1000,1000,1000,1.5,1000,1,5
455,l,TRUE,0.05,09:16,15:10,15:15,15,0,1.5,-100,100,40,3,0,1000,30,-2,0,0,1000,TRUE,1000,1000,1000,1.5,1000,1,5
456,l,TRUE,0.05,09:16,15:10,15:15,15,0,1.5,-100,100,40,3,0,1000,30,-2,-1,0,1000,TRUE,1000,1000,1000,1.5,1000,1,5
457,l,TRUE,0.05,09:16,15:10,15:15,15,0,1.5,-100,100,50,2,0,1000,15,-2,0,0,1000,TRUE,1000,1000,1000,1.5,1000,1,5
458,l,TRUE,0.05,09:16,15:10,15:15,15,0,1.5,-100,100,50,2,0,1000,15,-2,-1,0,1000,TRUE,1000,1000,1000,1.5,1000,1,5
459,l,TRUE,0.05,09:16,15:10,15:15,15,0,1.5,-100,100,50,2,0,1000,20,-2,0,0,1000,TRUE,1000,1000,1000,1.5,1000,1,5
460,l,TRUE,0.05,09:16,15:10,15:15,15,0,1.5,-100,100,50,2,0,1000,20,-2,-1,0,1000,TRUE,1000,1000,1000,1.5,1000,1,5
461,l,TRUE,0.05,09:16,15:10,15:15,15,0,1.5,-100,100,50,2,0,1000,30,-2,0,0,1000,TRUE,1000,1000,1000,1.5,1000,1,5
462,l,TRUE,0.05,09:16,15:10,15:15,15,0,1.5,-100,100,50,2,0,1000,30,-2,-1,0,1000,TRUE,1000,1000,1000,1.5,1000,1,5
463,l,TRUE,0.05,09:16,15:10,15:15,15,0,1.5,-100,100,50,3,0,1000,15,-2,0,0,1000,TRUE,1000,1000,1000,1.5,1000,1,5
464,l,TRUE,0.05,09:16,15:10,15:15,15,0,1.5,-100,100,50,3,0,1000,15,-2,-1,0,1000,TRUE,1000,1000,1000,1.5,1000,1,5
465,l,TRUE,0.05,09:16,15:10,15:15,15,0,1.5,-100,100,50,3,0,1000,20,-2,0,0,1000,TRUE,1000,1000,1000,1.5,1000,1,5
466,l,TRUE,0.05,09:16,15:10,15:15,15,0,1.5,-100,100,50,3,0,1000,20,-2,-1,0,1000,TRUE,1000,1000,1000,1.5,1000,1,5
467,l,TRUE,0.05,09:16,15:10,15:15,15,0,1.5,-100,100,50,3,0,1000,30,-2,0,0,1000,TRUE,1000,1000,1000,1.5,1000,1,5
468,l,TRUE,0.05,09:16,15:10,15:15,15,0,1.5,-100,100,50,3,0,1000,30,-2,-1,0,1000,TRUE,1000,1000,1000,1.5,1000,1,5
469,l,TRUE,0.05,09:16,15:10,15:15,15,0,1.5,-100,100,60,2,0,1000,15,-2,0,0,1000,TRUE,1000,1000,1000,1.5,1000,1,5
470,l,TRUE,0.05,09:16,15:10,15:15,15,0,1.5,-100,100,60,2,0,1000,15,-2,-1,0,1000,TRUE,1000,1000,1000,1.5,1000,1,5
471,l,TRUE,0.05,09:16,15:10,15:15,15,0,1.5,-100,100,60,2,0,1000,20,-2,0,0,1000,TRUE,1000,1000,1000,1.5,1000,1,5
472,l,TRUE,0.05,09:16,15:10,15:15,15,0,1.5,-100,100,60,2,0,1000,20,-2,-1,0,1000,TRUE,1000,1000,1000,1.5,1000,1,5
473,l,TRUE,0.05,09:16,15:10,15:15,15,0,1.5,-100,100,60,2,0,1000,30,-2,0,0,1000,TRUE,1000,1000,1000,1.5,1000,1,5
474,l,TRUE,0.05,09:16,15:10,15:15,15,0,1.5,-100,100,60,2,0,1000,30,-2,-1,0,1000,TRUE,1000,1000,1000,1.5,1000,1,5
475,l,TRUE,0.05,09:16,15:10,15:15,15,0,1.5,-100,100,60,3,0,1000,15,-2,0,0,1000,TRUE,1000,1000,1000,1.5,1000,1,5
476,l,TRUE,0.05,09:16,15:10,15:15,15,0,1.5,-100,100,60,3,0,1000,15,-2,-1,0,1000,TRUE,1000,1000,1000,1.5,1000,1,5
477,l,TRUE,0.05,09:16,15:10,15:15,15,0,1.5,-100,100,60,3,0,1000,20,-2,0,0,1000,TRUE,1000,1000,1000,1.5,1000,1,5
478,l,TRUE,0.05,09:16,15:10,15:15,15,0,1.5,-100,100,60,3,0,1000,20,-2,-1,0,1000,TRUE,1000,1000,1000,1.5,1000,1,5
479,l,TRUE,0.05,09:16,15:10,15:15,15,0,1.5,-100,100,60,3,0,1000,30,-2,0,0,1000,TRUE,1000,1000,1000,1.5,1000,1,5
480,l,TRUE,0.05,09:16,15:10,15:15,15,0,1.5,-100,100,60,3,0,1000,30,-2,-1,0,1000,TRUE,1000,1000,1000,1.5,1000,1,5
481,l,TRUE,0.05,09:16,15:10,15:15,15,0,1.5,-100,100,20,2,0,1000,15,-3,0,0,1000,TRUE,1000,1000,1000,1.5,1000,1,5
482,l,TRUE,0.05,09:16,15:10,15:15,15,0,1.5,-100,100,20,2,0,1000,15,-3,-1,0,1000,TRUE,1000,1000,1000,1.5,1000,1,5
483,l,TRUE,0.05,09:16,15:10,15:15,15,0,1.5,-100,100,20,2,0,1000,15,-3,-2,0,1000,TRUE,1000,1000,1000,1.5,1000,1,5
484,l,TRUE,0.05,09:16,15:10,15:15,15,0,1.5,-100,100,20,2,0,1000,20,-3,0,0,1000,TRUE,1000,1000,1000,1.5,1000,1,5
485,l,TRUE,0.05,09:16,15:10,15:15,15,0,1.5,-100,100,20,2,0,1000,20,-3,-1,0,1000,TRUE,1000,1000,1000,1.5,1000,1,5
486,l,TRUE,0.05,09:16,15:10,15:15,15,0,1.5,-100,100,20,2,0,1000,20,-3,-2,0,1000,TRUE,1000,1000,1000,1.5,1000,1,5
487,l,TRUE,0.05,09:16,15:10,15:15,15,0,1.5,-100,100,20,2,0,1000,30,-3,0,0,1000,TRUE,1000,1000,1000,1.5,1000,1,5
488,l,TRUE,0.05,09:16,15:10,15:15,15,0,1.5,-100,100,20,2,0,1000,30,-3,-1,0,1000,TRUE,1000,1000,1000,1.5,1000,1,5
489,l,TRUE,0.05,09:16,15:10,15:15,15,0,1.5,-100,100,20,2,0,1000,30,-3,-2,0,1000,TRUE,1000,1000,1000,1.5,1000,1,5
490,l,TRUE,0.05,09:16,15:10,15:15,15,0,1.5,-100,100,20,3,0,1000,15,-3,0,0,1000,TRUE,1000,1000,1000,1.5,1000,1,5
491,l,TRUE,0.05,09:16,15:10,15:15,15,0,1.5,-100,100,20,3,0,1000,15,-3,-1,0,1000,TRUE,1000,1000,1000,1.5,1000,1,5
492,l,TRUE,0.05,09:16,15:10,15:15,15,0,1.5,-100,100,20,3,0,1000,15,-3,-2,0,1000,TRUE,1000,1000,1000,1.5,1000,1,5
493,l,TRUE,0.05,09:16,15:10,15:15,15,0,1.5,-100,100,20,3,0,1000,20,-3,0,0,1000,TRUE,1000,1000,1000,1.5,1000,1,5
494,l,TRUE,0.05,09:16,15:10,15:15,15,0,1.5,-100,100,20,3,0,1000,20,-3,-1,0,1000,TRUE,1000,1000,1000,1.5,1000,1,5
495,l,TRUE,0.05,09:16,15:10,15:15,15,0,1.5,-100,100,20,3,0,1000,20,-3,-2,0,1000,TRUE,1000,1000,1000,1.5,1000,1,5
496,l,TRUE,0.05,09:16,15:10,15:15,15,0,1.5,-100,100,20,3,0,1000,30,-3,0,0,1000,TRUE,1000,1000,1000,1.5,1000,1,5
497,l,TRUE,0.05,09:16,15:10,15:15,15,0,1.5,-100,100,20,3,0,1000,30,-3,-1,0,1000,TRUE,1000,1000,1000,1.5,1000,1,5
498,l,TRUE,0.05,09:16,15:10,15:15,15,0,1.5,-100,100,20,3,0,1000,30,-3,-2,0,1000,TRUE,1000,1000,1000,1.5,1000,1,5
499,l,TRUE,0.05,09:16,15:10,15:15,15,0,1.5,-100,100,30,2,0,1000,15,-3,0,0,1000,TRUE,1000,1000,1000,1.5,1000,1,5
500,l,TRUE,0.05,09:16,15:10,15:15,15,0,1.5,-100,100,30,2,0,1000,15,-3,-1,0,1000,TRUE,1000,1000,1000,1.5,1000,1,5
501,l,TRUE,0.05,09:16,15:10,15:15,15,0,1.5,-100,100,30,2,0,1000,15,-3,-2,0,1000,TRUE,1000,1000,1000,1.5,1000,1,5
502,l,TRUE,0.05,09:16,15:10,15:15,15,0,1.5,-100,100,30,2,0,1000,20,-3,0,0,1000,TRUE,1000,1000,1000,1.5,1000,1,5
503,l,TRUE,0.05,09:16,15:10,15:15,15,0,1.5,-100,100,30,2,0,1000,20,-3,-1,0,1000,TRUE,1000,1000,1000,1.5,1000,1,5
504,l,TRUE,0.05,09:16,15:10,15:15,15,0,1.5,-100,100,30,2,0,1000,20,-3,-2,0,1000,TRUE,1000,1000,1000,1.5,1000,1,5
505,l,TRUE,0.05,09:16,15:10,15:15,15,0,1.5,-100,100,30,2,0,1000,30,-3,0,0,1000,TRUE,1000,1000,1000,1.5,1000,1,5
506,l,TRUE,0.05,09:16,15:10,15:15,15,0,1.5,-100,100,30,2,0,1000,30,-3,-1,0,1000,TRUE,1000,1000,1000,1.5,1000,1,5
507,l,TRUE,0.05,09:16,15:10,15:15,15,0,1.5,-100,100,30,2,0,1000,30,-3,-2,0,1000,TRUE,1000,1000,1000,1.5,1000,1,5
508,l,TRUE,0.05,09:16,15:10,15:15,15,0,1.5,-100,100,30,3,0,1000,15,-3,0,0,1000,TRUE,1000,1000,1000,1.5,1000,1,5
509,l,TRUE,0.05,09:16,15:10,15:15,15,0,1.5,-100,100,30,3,0,1000,15,-3,-1,0,1000,TRUE,1000,1000,1000,1.5,1000,1,5
510,l,TRUE,0.05,09:16,15:10,15:15,15,0,1.5,-100,100,30,3,0,1000,15,-3,-2,0,1000,TRUE,1000,1000,1000,1.5,1000,1,5
511,l,TRUE,0.05,09:16,15:10,15:15,15,0,1.5,-100,100,30,3,0,1000,20,-3,0,0,1000,TRUE,1000,1000,1000,1.5,1000,1,5
512,l,TRUE,0.05,09:16,15:10,15:15,15,0,1.5,-100,100,30,3,0,1000,20,-3,-1,0,1000,TRUE,1000,1000,1000,1.5,1000,1,5
513,l,TRUE,0.05,09:16,15:10,15:15,15,0,1.5,-100,100,30,3,0,1000,20,-3,-2,0,1000,TRUE,1000,1000,1000,1.5,1000,1,5
514,l,TRUE,0.05,09:16,15:10,15:15,15,0,1.5,-100,100,30,3,0,1000,30,-3,0,0,1000,TRUE,1000,1000,1000,1.5,1000,1,5
515,l,TRUE,0.05,09:16,15:10,15:15,15,0,1.5,-100,100,30,3,0,1000,30,-3,-1,0,1000,TRUE,1000,1000,1000,1.5,1000,1,5
516,l,TRUE,0.05,09:16,15:10,15:15,15,0,1.5,-100,100,30,3,0,1000,30,-3,-2,0,1000,TRUE,1000,1000,1000,1.5,1000,1,5
517,l,TRUE,0.05,09:16,15:10,15:15,15,0,1.5,-100,100,40,2,0,1000,15,-3,0,0,1000,TRUE,1000,1000,1000,1.5,1000,1,5
518,l,TRUE,0.05,09:16,15:10,15:15,15,0,1.5,-100,100,40,2,0,1000,15,-3,-1,0,1000,TRUE,1000,1000,1000,1.5,1000,1,5
519,l,TRUE,0.05,09:16,15:10,15:15,15,0,1.5,-100,100,40,2,0,1000,15,-3,-2,0,1000,TRUE,1000,1000,1000,1.5,1000,1,5
520,l,TRUE,0.05,09:16,15:10,15:15,15,0,1.5,-100,100,40,2,0,1000,20,-3,0,0,1000,TRUE,1000,1000,1000,1.5,1000,1,5
521,l,TRUE,0.05,09:16,15:10,15:15,15,0,1.5,-100,100,40,2,0,1000,20,-3,-1,0,1000,TRUE,1000,1000,1000,1.5,1000,1,5
522,l,TRUE,0.05,09:16,15:10,15:15,15,0,1.5,-100,100,40,2,0,1000,20,-3,-2,0,1000,TRUE,1000,1000,1000,1.5,1000,1,5
523,l,TRUE,0.05,09:16,15:10,15:15,15,0,1.5,-100,100,40,2,0,1000,30,-3,0,0,1000,TRUE,1000,1000,1000,1.5,1000,1,5
524,l,TRUE,0.05,09:16,15:10,15:15,15,0,1.5,-100,100,40,2,0,1000,30,-3,-1,0,1000,TRUE,1000,1000,1000,1.5,1000,1,5
525,l,TRUE,0.05,09:16,15:10,15:15,15,0,1.5,-100,100,40,2,0,1000,30,-3,-2,0,1000,TRUE,1000,1000,1000,1.5,1000,1,5
526,l,TRUE,0.05,09:16,15:10,15:15,15,0,1.5,-100,100,40,3,0,1000,15,-3,0,0,1000,TRUE,1000,1000,1000,1.5,1000,1,5
527,l,TRUE,0.05,09:16,15:10,15:15,15,0,1.5,-100,100,40,3,0,1000,15,-3,-1,0,1000,TRUE,1000,1000,1000,1.5,1000,1,5
528,l,TRUE,0.05,09:16,15:10,15:15,15,0,1.5,-100,100,40,3,0,1000,15,-3,-2,0,1000,TRUE,1000,1000,1000,1.5,1000,1,5
529,l,TRUE,0.05,09:16,15:10,15:15,15,0,1.5,-100,100,40,3,0,1000,20,-3,0,0,1000,TRUE,1000,1000,1000,1.5,1000,1,5
530,l,TRUE,0.05,09:16,15:10,15:15,15,0,1.5,-100,100,40,3,0,1000,20,-3,-1,0,1000,TRUE,1000,1000,1000,1.5,1000,1,5
531,l,TRUE,0.05,09:16,15:10,15:15,15,0,1.5,-100,100,40,3,0,1000,20,-3,-2,0,1000,TRUE,1000,1000,1000,1.5,1000,1,5
532,l,TRUE,0.05,09:16,15:10,15:15,15,0,1.5,-100,100,40,3,0,1000,30,-3,0,0,1000,TRUE,1000,1000,1000,1.5,1000,1,5
533,l,TRUE,0.05,09:16,15:10,15:15,15,0,1.5,-100,100,40,3,0,1000,30,-3,-1,0,1000,TRUE,1000,1000,1000,1.5,1000,1,5
534,l,TRUE,0.05,09:16,15:10,15:15,15,0,1.5,-100,100,40,3,0,1000,30,-3,-2,0,1000,TRUE,1000,1000,1000,1.5,1000,1,5
535,l,TRUE,0.05,09:16,15:10,15:15,15,0,1.5,-100,100,50,2,0,1000,15,-3,0,0,1000,TRUE,1000,1000,1000,1.5,1000,1,5
536,l,TRUE,0.05,09:16,15:10,15:15,15,0,1.5,-100,100,50,2,0,1000,15,-3,-1,0,1000,TRUE,1000,1000,1000,1.5,1000,1,5
537,l,TRUE,0.05,09:16,15:10,15:15,15,0,1.5,-100,100,50,2,0,1000,15,-3,-2,0,1000,TRUE,1000,1000,1000,1.5,1000,1,5
538,l,TRUE,0.05,09:16,15:10,15:15,15,0,1.5,-100,100,50,2,0,1000,20,-3,0,0,1000,TRUE,1000,1000,1000,1.5,1000,1,5
539,l,TRUE,0.05,09:16,15:10,15:15,15,0,1.5,-100,100,50,2,0,1000,20,-3,-1,0,1000,TRUE,1000,1000,1000,1.5,1000,1,5
540,l,TRUE,0.05,09:16,15:10,15:15,15,0,1.5,-100,100,50,2,0,1000,20,-3,-2,0,1000,TRUE,1000,1000,1000,1.5,1000,1,5
541,l,TRUE,0.05,09:16,15:10,15:15,15,0,1.5,-100,100,50,2,0,1000,30,-3,0,0,1000,TRUE,1000,1000,1000,1.5,1000,1,5
542,l,TRUE,0.05,09:16,15:10,15:15,15,0,1.5,-100,100,50,2,0,1000,30,-3,-1,0,1000,TRUE,1000,1000,1000,1.5,1000,1,5
543,l,TRUE,0.05,09:16,15:10,15:15,15,0,1.5,-100,100,50,2,0,1000,30,-3,-2,0,1000,TRUE,1000,1000,1000,1.5,1000,1,5
544,l,TRUE,0.05,09:16,15:10,15:15,15,0,1.5,-100,100,50,3,0,1000,15,-3,0,0,1000,TRUE,1000,1000,1000,1.5,1000,1,5
545,l,TRUE,0.05,09:16,15:10,15:15,15,0,1.5,-100,100,50,3,0,1000,15,-3,-1,0,1000,TRUE,1000,1000,1000,1.5,1000,1,5
546,l,TRUE,0.05,09:16,15:10,15:15,15,0,1.5,-100,100,50,3,0,1000,15,-3,-2,0,1000,TRUE,1000,1000,1000,1.5,1000,1,5
547,l,TRUE,0.05,09:16,15:10,15:15,15,0,1.5,-100,100,50,3,0,1000,20,-3,0,0,1000,TRUE,1000,1000,1000,1.5,1000,1,5
548,l,TRUE,0.05,09:16,15:10,15:15,15,0,1.5,-100,100,50,3,0,1000,20,-3,-1,0,1000,TRUE,1000,1000,1000,1.5,1000,1,5
549,l,TRUE,0.05,09:16,15:10,15:15,15,0,1.5,-100,100,50,3,0,1000,20,-3,-2,0,1000,TRUE,1000,1000,1000,1.5,1000,1,5
550,l,TRUE,0.05,09:16,15:10,15:15,15,0,1.5,-100,100,50,3,0,1000,30,-3,0,0,1000,TRUE,1000,1000,1000,1.5,1000,1,5
551,l,TRUE,0.05,09:16,15:10,15:15,15,0,1.5,-100,100,50,3,0,1000,30,-3,-1,0,1000,TRUE,1000,1000,1000,1.5,1000,1,5
552,l,TRUE,0.05,09:16,15:10,15:15,15,0,1.5,-100,100,50,3,0,1000,30,-3,-2,0,1000,TRUE,1000,1000,1000,1.5,1000,1,5
553,l,TRUE,0.05,09:16,15:10,15:15,15,0,1.5,-100,100,60,2,0,1000,15,-3,0,0,1000,TRUE,1000,1000,1000,1.5,1000,1,5
554,l,TRUE,0.05,09:16,15:10,15:15,15,0,1.5,-100,100,60,2,0,1000,15,-3,-1,0,1000,TRUE,1000,1000,1000,1.5,1000,1,5
555,l,TRUE,0.05,09:16,15:10,15:15,15,0,1.5,-100,100,60,2,0,1000,15,-3,-2,0,1000,TRUE,1000,1000,1000,1.5,1000,1,5
556,l,TRUE,0.05,09:16,15:10,15:15,15,0,1.5,-100,100,60,2,0,1000,20,-3,0,0,1000,TRUE,1000,1000,1000,1.5,1000,1,5
557,l,TRUE,0.05,09:16,15:10,15:15,15,0,1.5,-100,100,60,2,0,1000,20,-3,-1,0,1000,TRUE,1000,1000,1000,1.5,1000,1,5
558,l,TRUE,0.05,09:16,15:10,15:15,15,0,1.5,-100,100,60,2,0,1000,20,-3,-2,0,1000,TRUE,1000,1000,1000,1.5,1000,1,5
559,l,TRUE,0.05,09:16,15:10,15:15,15,0,1.5,-100,100,60,2,0,1000,30,-3,0,0,1000,TRUE,1000,1000,1000,1.5,1000,1,5
560,l,TRUE,0.05,09:16,15:10,15:15,15,0,1.5,-100,100,60,2,0,1000,30,-3,-1,0,1000,TRUE,1000,1000,1000,1.5,1000,1,5
561,l,TRUE,0.05,09:16,15:10,15:15,15,0,1.5,-100,100,60,2,0,1000,30,-3,-2,0,1000,TRUE,1000,1000,1000,1.5,1000,1,5
562,l,TRUE,0.05,09:16,15:10,15:15,15,0,1.5,-100,100,60,3,0,1000,15,-3,0,0,1000,TRUE,1000,1000,1000,1.5,1000,1,5
563,l,TRUE,0.05,09:16,15:10,15:15,15,0,1.5,-100,100,60,3,0,1000,15,-3,-1,0,1000,TRUE,1000,1000,1000,1.5,1000,1,5
564,l,TRUE,0.05,09:16,15:10,15:15,15,0,1.5,-100,100,60,3,0,1000,15,-3,-2,0,1000,TRUE,1000,1000,1000,1.5,1000,1,5
565,l,TRUE,0.05,09:16,15:10,15:15,15,0,1.5,-100,100,60,3,0,1000,20,-3,0,0,1000,TRUE,1000,1000,1000,1.5,1000,1,5
566,l,TRUE,0.05,09:16,15:10,15:15,15,0,1.5,-100,100,60,3,0,1000,20,-3,-1,0,1000,TRUE,1000,1000,1000,1.5,1000,1,5
567,l,TRUE,0.05,09:16,15:10,15:15,15,0,1.5,-100,100,60,3,0,1000,20,-3,-2,0,1000,TRUE,1000,1000,1000,1.5,1000,1,5
568,l,TRUE,0.05,09:16,15:10,15:15,15,0,1.5,-100,100,60,3,0,1000,30,-3,0,0,1000,TRUE,1000,1000,1000,1.5,1000,1,5
569,l,TRUE,0.05,09:16,15:10,15:15,15,0,1.5,-100,100,60,3,0,1000,30,-3,-1,0,1000,TRUE,1000,1000,1000,1.5,1000,1,5
570,l,TRUE,0.05,09:16,15:10,15:15,15,0,1.5,-100,100,60,3,0,1000,30,-3,-2,0,1000,TRUE,1000,1000,1000,1.5,1000,1,5
571,l,TRUE,0.05,09:16,15:10,15:15,15,0,1.5,-100,100,20,2,0,1000,15,-4,0,0,1000,TRUE,1000,1000,1000,1.5,1000,1,5
572,l,TRUE,0.05,09:16,15:10,15:15,15,0,1.5,-100,100,20,2,0,1000,15,-4,-1,0,1000,TRUE,1000,1000,1000,1.5,1000,1,5
573,l,TRUE,0.05,09:16,15:10,15:15,15,0,1.5,-100,100,20,2,0,1000,15,-4,-2,0,1000,TRUE,1000,1000,1000,1.5,1000,1,5
574,l,TRUE,0.05,09:16,15:10,15:15,15,0,1.5,-100,100,20,2,0,1000,15,-4,-3,0,1000,TRUE,1000,1000,1000,1.5,1000,1,5
575,l,TRUE,0.05,09:16,15:10,15:15,15,0,1.5,-100,100,20,2,0,1000,20,-4,0,0,1000,TRUE,1000,1000,1000,1.5,1000,1,5
576,l,TRUE,0.05,09:16,15:10,15:15,15,0,1.5,-100,100,20,2,0,1000,20,-4,-1,0,1000,TRUE,1000,1000,1000,1.5,1000,1,5
577,l,TRUE,0.05,09:16,15:10,15:15,15,0,1.5,-100,100,20,2,0,1000,20,-4,-2,0,1000,TRUE,1000,1000,1000,1.5,1000,1,5
578,l,TRUE,0.05,09:16,15:10,15:15,15,0,1.5,-100,100,20,2,0,1000,20,-4,-3,0,1000,TRUE,1000,1000,1000,1.5,1000,1,5
579,l,TRUE,0.05,09:16,15:10,15:15,15,0,1.5,-100,100,20,2,0,1000,30,-4,0,0,1000,TRUE,1000,1000,1000,1.5,1000,1,5
580,l,TRUE,0.05,09:16,15:10,15:15,15,0,1.5,-100,100,20,2,0,1000,30,-4,-1,0,1000,TRUE,1000,1000,1000,1.5,1000,1,5
581,l,TRUE,0.05,09:16,15:10,15:15,15,0,1.5,-100,100,20,2,0,1000,30,-4,-2,0,1000,TRUE,1000,1000,1000,1.5,1000,1,5
582,l,TRUE,0.05,09:16,15:10,15:15,15,0,1.5,-100,100,20,2,0,1000,30,-4,-3,0,1000,TRUE,1000,1000,1000,1.5,1000,1,5
583,l,TRUE,0.05,09:16,15:10,15:15,15,0,1.5,-100,100,20,3,0,1000,15,-4,0,0,1000,TRUE,1000,1000,1000,1.5,1000,1,5
584,l,TRUE,0.05,09:16,15:10,15:15,15,0,1.5,-100,100,20,3,0,1000,15,-4,-1,0,1000,TRUE,1000,1000,1000,1.5,1000,1,5
585,l,TRUE,0.05,09:16,15:10,15:15,15,0,1.5,-100,100,20,3,0,1000,15,-4,-2,0,1000,TRUE,1000,1000,1000,1.5,1000,1,5
586,l,TRUE,0.05,09:16,15:10,15:15,15,0,1.5,-100,100,20,3,0,1000,15,-4,-3,0,1000,TRUE,1000,1000,1000,1.5,1000,1,5
587,l,TRUE,0.05,09:16,15:10,15:15,15,0,1.5,-100,100,20,3,0,1000,20,-4,0,0,1000,TRUE,1000,1000,1000,1.5,1000,1,5
588,l,TRUE,0.05,09:16,15:10,15:15,15,0,1.5,-100,100,20,3,0,1000,20,-4,-1,0,1000,TRUE,1000,1000,1000,1.5,1000,1,5
589,l,TRUE,0.05,09:16,15:10,15:15,15,0,1.5,-100,100,20,3,0,1000,20,-4,-2,0,1000,TRUE,1000,1000,1000,1.5,1000,1,5
590,l,TRUE,0.05,09:16,15:10,15:15,15,0,1.5,-100,100,20,3,0,1000,20,-4,-3,0,1000,TRUE,1000,1000,1000,1.5,1000,1,5
591,l,TRUE,0.05,09:16,15:10,15:15,15,0,1.5,-100,100,20,3,0,1000,30,-4,0,0,1000,TRUE,1000,1000,1000,1.5,1000,1,5
592,l,TRUE,0.05,09:16,15:10,15:15,15,0,1.5,-100,100,20,3,0,1000,30,-4,-1,0,1000,TRUE,1000,1000,1000,1.5,1000,1,5
593,l,TRUE,0.05,09:16,15:10,15:15,15,0,1.5,-100,100,20,3,0,1000,30,-4,-2,0,1000,TRUE,1000,1000,1000,1.5,1000,1,5
594,l,TRUE,0.05,09:16,15:10,15:15,15,0,1.5,-100,100,20,3,0,1000,30,-4,-3,0,1000,TRUE,1000,1000,1000,1.5,1000,1,5
595,l,TRUE,0.05,09:16,15:10,15:15,15,0,1.5,-100,100,30,2,0,1000,15,-4,0,0,1000,TRUE,1000,1000,1000,1.5,1000,1,5
596,l,TRUE,0.05,09:16,15:10,15:15,15,0,1.5,-100,100,30,2,0,1000,15,-4,-1,0,1000,TRUE,1000,1000,1000,1.5,1000,1,5
597,l,TRUE,0.05,09:16,15:10,15:15,15,0,1.5,-100,100,30,2,0,1000,15,-4,-2,0,1000,TRUE,1000,1000,1000,1.5,1000,1,5
598,l,TRUE,0.05,09:16,15:10,15:15,15,0,1.5,-100,100,30,2,0,1000,15,-4,-3,0,1000,TRUE,1000,1000,1000,1.5,1000,1,5
599,l,TRUE,0.05,09:16,15:10,15:15,15,0,1.5,-100,100,30,2,0,1000,20,-4,0,0,1000,TRUE,1000,1000,1000,1.5,1000,1,5
600,l,TRUE,0.05,09:16,15:10,15:15,15,0,1.5,-100,100,30,2,0,1000,20,-4,-1,0,1000,TRUE,1000,1000,1000,1.5,1000,1,5
601,l,TRUE,0.05,09:16,15:10,15:15,15,0,1.5,-100,100,30,2,0,1000,20,-4,-2,0,1000,TRUE,1000,1000,1000,1.5,1000,1,5
602,l,TRUE,0.05,09:16,15:10,15:15,15,0,1.5,-100,100,30,2,0,1000,20,-4,-3,0,1000,TRUE,1000,1000,1000,1.5,1000,1,5
603,l,TRUE,0.05,09:16,15:10,15:15,15,0,1.5,-100,100,30,2,0,1000,30,-4,0,0,1000,TRUE,1000,1000,1000,1.5,1000,1,5
604,l,TRUE,0.05,09:16,15:10,15:15,15,0,1.5,-100,100,30,2,0,1000,30,-4,-1,0,1000,TRUE,1000,1000,1000,1.5,1000,1,5
605,l,TRUE,0.05,09:16,15:10,15:15,15,0,1.5,-100,100,30,2,0,1000,30,-4,-2,0,1000,TRUE,1000,1000,1000,1.5,1000,1,5
606,l,TRUE,0.05,09:16,15:10,15:15,15,0,1.5,-100,100,30,2,0,1000,30,-4,-3,0,1000,TRUE,1000,1000,1000,1.5,1000,1,5
607,l,TRUE,0.05,09:16,15:10,15:15,15,0,1.5,-100,100,30,3,0,1000,15,-4,0,0,1000,TRUE,1000,1000,1000,1.5,1000,1,5
608,l,TRUE,0.05,09:16,15:10,15:15,15,0,1.5,-100,100,30,3,0,1000,15,-4,-1,0,1000,TRUE,1000,1000,1000,1.5,1000,1,5
609,l,TRUE,0.05,09:16,15:10,15:15,15,0,1.5,-100,100,30,3,0,1000,15,-4,-2,0,1000,TRUE,1000,1000,1000,1.5,1000,1,5
610,l,TRUE,0.05,09:16,15:10,15:15,15,0,1.5,-100,100,30,3,0,1000,15,-4,-3,0,1000,TRUE,1000,1000,1000,1.5,1000,1,5
611,l,TRUE,0.05,09:16,15:10,15:15,15,0,1.5,-100,100,30,3,0,1000,20,-4,0,0,1000,TRUE,1000,1000,1000,1.5,1000,1,5
612,l,TRUE,0.05,09:16,15:10,15:15,15,0,1.5,-100,100,30,3,0,1000,20,-4,-1,0,1000,TRUE,1000,1000,1000,1.5,1000,1,5
613,l,TRUE,0.05,09:16,15:10,15:15,15,0,1.5,-100,100,30,3,0,1000,20,-4,-2,0,1000,TRUE,1000,1000,1000,1.5,1000,1,5
614,l,TRUE,0.05,09:16,15:10,15:15,15,0,1.5,-100,100,30,3,0,1000,20,-4,-3,0,1000,TRUE,1000,1000,1000,1.5,1000,1,5
615,l,TRUE,0.05,09:16,15:10,15:15,15,0,1.5,-100,100,30,3,0,1000,30,-4,0,0,1000,TRUE,1000,1000,1000,1.5,1000,1,5
616,l,TRUE,0.05,09:16,15:10,15:15,15,0,1.5,-100,100,30,3,0,1000,30,-4,-1,0,1000,TRUE,1000,1000,1000,1.5,1000,1,5
617,l,TRUE,0.05,09:16,15:10,15:15,15,0,1.5,-100,100,30,3,0,1000,30,-4,-2,0,1000,TRUE,1000,1000,1000,1.5,1000,1,5
618,l,TRUE,0.05,09:16,15:10,15:15,15,0,1.5,-100,100,30,3,0,1000,30,-4,-3,0,1000,TRUE,1000,1000,1000,1.5,1000,1,5
619,l,TRUE,0.05,09:16,15:10,15:15,15,0,1.5,-100,100,40,2,0,1000,15,-4,0,0,1000,TRUE,1000,1000,1000,1.5,1000,1,5
620,l,TRUE,0.05,09:16,15:10,15:15,15,0,1.5,-100,100,40,2,0,1000,15,-4,-1,0,1000,TRUE,1000,1000,1000,1.5,1000,1,5
621,l,TRUE,0.05,09:16,15:10,15:15,15,0,1.5,-100,100,40,2,0,1000,15,-4,-2,0,1000,TRUE,1000,1000,1000,1.5,1000,1,5
622,l,TRUE,0.05,09:16,15:10,15:15,15,0,1.5,-100,100,40,2,0,1000,15,-4,-3,0,1000,TRUE,1000,1000,1000,1.5,1000,1,5
623,l,TRUE,0.05,09:16,15:10,15:15,15,0,1.5,-100,100,40,2,0,1000,20,-4,0,0,1000,TRUE,1000,1000,1000,1.5,1000,1,5
624,l,TRUE,0.05,09:16,15:10,15:15,15,0,1.5,-100,100,40,2,0,1000,20,-4,-1,0,1000,TRUE,1000,1000,1000,1.5,1000,1,5
625,l,TRUE,0.05,09:16,15:10,15:15,15,0,1.5,-100,100,40,2,0,1000,20,-4,-2,0,1000,TRUE,1000,1000,1000,1.5,1000,1,5
626,l,TRUE,0.05,09:16,15:10,15:15,15,0,1.5,-100,100,40,2,0,1000,20,-4,-3,0,1000,TRUE,1000,1000,1000,1.5,1000,1,5
627,l,TRUE,0.05,09:16,15:10,15:15,15,0,1.5,-100,100,40,2,0,1000,30,-4,0,0,1000,TRUE,1000,1000,1000,1.5,1000,1,5
628,l,TRUE,0.05,09:16,15:10,15:15,15,0,1.5,-100,100,40,2,0,1000,30,-4,-1,0,1000,TRUE,1000,1000,1000,1.5,1000,1,5
629,l,TRUE,0.05,09:16,15:10,15:15,15,0,1.5,-100,100,40,2,0,1000,30,-4,-2,0,1000,TRUE,1000,1000,1000,1.5,1000,1,5
630,l,TRUE,0.05,09:16,15:10,15:15,15,0,1.5,-100,100,40,2,0,1000,30,-4,-3,0,1000,TRUE,1000,1000,1000,1.5,1000,1,5
631,l,TRUE,0.05,09:16,15:10,15:15,15,0,1.5,-100,100,40,3,0,1000,15,-4,0,0,1000,TRUE,1000,1000,1000,1.5,1000,1,5
632,l,TRUE,0.05,09:16,15:10,15:15,15,0,1.5,-100,100,40,3,0,1000,15,-4,-1,0,1000,TRUE,1000,1000,1000,1.5,1000,1,5
633,l,TRUE,0.05,09:16,15:10,15:15,15,0,1.5,-100,100,40,3,0,1000,15,-4,-2,0,1000,TRUE,1000,1000,1000,1.5,1000,1,5
634,l,TRUE,0.05,09:16,15:10,15:15,15,0,1.5,-100,100,40,3,0,1000,15,-4,-3,0,1000,TRUE,1000,1000,1000,1.5,1000,1,5
635,l,TRUE,0.05,09:16,15:10,15:15,15,0,1.5,-100,100,40,3,0,1000,20,-4,0,0,1000,TRUE,1000,1000,1000,1.5,1000,1,5
636,l,TRUE,0.05,09:16,15:10,15:15,15,0,1.5,-100,100,40,3,0,1000,20,-4,-1,0,1000,TRUE,1000,1000,1000,1.5,1000,1,5
637,l,TRUE,0.05,09:16,15:10,15:15,15,0,1.5,-100,100,40,3,0,1000,20,-4,-2,0,1000,TRUE,1000,1000,1000,1.5,1000,1,5
638,l,TRUE,0.05,09:16,15:10,15:15,15,0,1.5,-100,100,40,3,0,1000,20,-4,-3,0,1000,TRUE,1000,1000,1000,1.5,1000,1,5
639,l,TRUE,0.05,09:16,15:10,15:15,15,0,1.5,-100,100,40,3,0,1000,30,-4,0,0,1000,TRUE,1000,1000,1000,1.5,1000,1,5
640,l,TRUE,0.05,09:16,15:10,15:15,15,0,1.5,-100,100,40,3,0,1000,30,-4,-1,0,1000,TRUE,1000,1000,1000,1.5,1000,1,5
641,l,TRUE,0.05,09:16,15:10,15:15,15,0,1.5,-100,100,40,3,0,1000,30,-4,-2,0,1000,TRUE,1000,1000,1000,1.5,1000,1,5
642,l,TRUE,0.05,09:16,15:10,15:15,15,0,1.5,-100,100,40,3,0,1000,30,-4,-3,0,1000,TRUE,1000,1000,1000,1.5,1000,1,5
643,l,TRUE,0.05,09:16,15:10,15:15,15,0,1.5,-100,100,50,2,0,1000,15,-4,0,0,1000,TRUE,1000,1000,1000,1.5,1000,1,5
644,l,TRUE,0.05,09:16,15:10,15:15,15,0,1.5,-100,100,50,2,0,1000,15,-4,-1,0,1000,TRUE,1000,1000,1000,1.5,1000,1,5
645,l,TRUE,0.05,09:16,15:10,15:15,15,0,1.5,-100,100,50,2,0,1000,15,-4,-2,0,1000,TRUE,1000,1000,1000,1.5,1000,1,5
646,l,TRUE,0.05,09:16,15:10,15:15,15,0,1.5,-100,100,50,2,0,1000,15,-4,-3,0,1000,TRUE,1000,1000,1000,1.5,1000,1,5
647,l,TRUE,0.05,09:16,15:10,15:15,15,0,1.5,-100,100,50,2,0,1000,20,-4,0,0,1000,TRUE,1000,1000,1000,1.5,1000,1,5
648,l,TRUE,0.05,09:16,15:10,15:15,15,0,1.5,-100,100,50,2,0,1000,20,-4,-1,0,1000,TRUE,1000,1000,1000,1.5,1000,1,5
649,l,TRUE,0.05,09:16,15:10,15:15,15,0,1.5,-100,100,50,2,0,1000,20,-4,-2,0,1000,TRUE,1000,1000,1000,1.5,1000,1,5
650,l,TRUE,0.05,09:16,15:10,15:15,15,0,1.5,-100,100,50,2,0,1000,20,-4,-3,0,1000,TRUE,1000,1000,1000,1.5,1000,1,5
651,l,TRUE,0.05,09:16,15:10,15:15,15,0,1.5,-100,100,50,2,0,1000,30,-4,0,0,1000,TRUE,1000,1000,1000,1.5,1000,1,5
652,l,TRUE,0.05,09:16,15:10,15:15,15,0,1.5,-100,100,50,2,0,1000,30,-4,-1,0,1000,TRUE,1000,1000,1000,1.5,1000,1,5
653,l,TRUE,0.05,09:16,15:10,15:15,15,0,1.5,-100,100,50,2,0,1000,30,-4,-2,0,1000,TRUE,1000,1000,1000,1.5,1000,1,5
654,l,TRUE,0.05,09:16,15:10,15:15,15,0,1.5,-100,100,50,2,0,1000,30,-4,-3,0,1000,TRUE,1000,1000,1000,1.5,1000,1,5
655,l,TRUE,0.05,09:16,15:10,15:15,15,0,1.5,-100,100,50,3,0,1000,15,-4,0,0,1000,TRUE,1000,1000,1000,1.5,1000,1,5
656,l,TRUE,0.05,09:16,15:10,15:15,15,0,1.5,-100,100,50,3,0,1000,15,-4,-1,0,1000,TRUE,1000,1000,1000,1.5,1000,1,5
657,l,TRUE,0.05,09:16,15:10,15:15,15,0,1.5,-100,100,50,3,0,1000,15,-4,-2,0,1000,TRUE,1000,1000,1000,1.5,1000,1,5
658,l,TRUE,0.05,09:16,15:10,15:15,15,0,1.5,-100,100,50,3,0,1000,15,-4,-3,0,1000,TRUE,1000,1000,1000,1.5,1000,1,5
659,l,TRUE,0.05,09:16,15:10,15:15,15,0,1.5,-100,100,50,3,0,1000,20,-4,0,0,1000,TRUE,1000,1000,1000,1.5,1000,1,5
660,l,TRUE,0.05,09:16,15:10,15:15,15,0,1.5,-100,100,50,3,0,1000,20,-4,-1,0,1000,TRUE,1000,1000,1000,1.5,1000,1,5
661,l,TRUE,0.05,09:16,15:10,15:15,15,0,1.5,-100,100,50,3,0,1000,20,-4,-2,0,1000,TRUE,1000,1000,1000,1.5,1000,1,5
662,l,TRUE,0.05,09:16,15:10,15:15,15,0,1.5,-100,100,50,3,0,1000,20,-4,-3,0,1000,TRUE,1000,1000,1000,1.5,1000,1,5
663,l,TRUE,0.05,09:16,15:10,15:15,15,0,1.5,-100,100,50,3,0,1000,30,-4,0,0,1000,TRUE,1000,1000,1000,1.5,1000,1,5
664,l,TRUE,0.05,09:16,15:10,15:15,15,0,1.5,-100,100,50,3,0,1000,30,-4,-1,0,1000,TRUE,1000,1000,1000,1.5,1000,1,5
665,l,TRUE,0.05,09:16,15:10,15:15,15,0,1.5,-100,100,50,3,0,1000,30,-4,-2,0,1000,TRUE,1000,1000,1000,1.5,1000,1,5
666,l,TRUE,0.05,09:16,15:10,15:15,15,0,1.5,-100,100,50,3,0,1000,30,-4,-3,0,1000,TRUE,1000,1000,1000,1.5,1000,1,5
667,l,TRUE,0.05,09:16,15:10,15:15,15,0,1.5,-100,100,60,2,0,1000,15,-4,0,0,1000,TRUE,1000,1000,1000,1.5,1000,1,5
668,l,TRUE,0.05,09:16,15:10,15:15,15,0,1.5,-100,100,60,2,0,1000,15,-4,-1,0,1000,TRUE,1000,1000,1000,1.5,1000,1,5
669,l,TRUE,0.05,09:16,15:10,15:15,15,0,1.5,-100,100,60,2,0,1000,15,-4,-2,0,1000,TRUE,1000,1000,1000,1.5,1000,1,5
670,l,TRUE,0.05,09:16,15:10,15:15,15,0,1.5,-100,100,60,2,0,1000,15,-4,-3,0,1000,TRUE,1000,1000,1000,1.5,1000,1,5
671,l,TRUE,0.05,09:16,15:10,15:15,15,0,1.5,-100,100,60,2,0,1000,20,-4,0,0,1000,TRUE,1000,1000,1000,1.5,1000,1,5
672,l,TRUE,0.05,09:16,15:10,15:15,15,0,1.5,-100,100,60,2,0,1000,20,-4,-1,0,1000,TRUE,1000,1000,1000,1.5,1000,1,5
673,l,TRUE,0.05,09:16,15:10,15:15,15,0,1.5,-100,100,60,2,0,1000,20,-4,-2,0,1000,TRUE,1000,1000,1000,1.5,1000,1,5
674,l,TRUE,0.05,09:16,15:10,15:15,15,0,1.5,-100,100,60,2,0,1000,20,-4,-3,0,1000,TRUE,1000,1000,1000,1.5,1000,1,5
675,l,TRUE,0.05,09:16,15:10,15:15,15,0,1.5,-100,100,60,2,0,1000,30,-4,0,0,1000,TRUE,1000,1000,1000,1.5,1000,1,5
676,l,TRUE,0.05,09:16,15:10,15:15,15,0,1.5,-100,100,60,2,0,1000,30,-4,-1,0,1000,TRUE,1000,1000,1000,1.5,1000,1,5
677,l,TRUE,0.05,09:16,15:10,15:15,15,0,1.5,-100,100,60,2,0,1000,30,-4,-2,0,1000,TRUE,1000,1000,1000,1.5,1000,1,5
678,l,TRUE,0.05,09:16,15:10,15:15,15,0,1.5,-100,100,60,2,0,1000,30,-4,-3,0,1000,TRUE,1000,1000,1000,1.5,1000,1,5
679,l,TRUE,0.05,09:16,15:10,15:15,15,0,1.5,-100,100,60,3,0,1000,15,-4,0,0,1000,TRUE,1000,1000,1000,1.5,1000,1,5
680,l,TRUE,0.05,09:16,15:10,15:15,15,0,1.5,-100,100,60,3,0,1000,15,-4,-1,0,1000,TRUE,1000,1000,1000,1.5,1000,1,5
681,l,TRUE,0.05,09:16,15:10,15:15,15,0,1.5,-100,100,60,3,0,1000,15,-4,-2,0,1000,TRUE,1000,1000,1000,1.5,1000,1,5
682,l,TRUE,0.05,09:16,15:10,15:15,15,0,1.5,-100,100,60,3,0,1000,15,-4,-3,0,1000,TRUE,1000,1000,1000,1.5,1000,1,5
683,l,TRUE,0.05,09:16,15:10,15:15,15,0,1.5,-100,100,60,3,0,1000,20,-4,0,0,1000,TRUE,1000,1000,1000,1.5,1000,1,5
684,l,TRUE,0.05,09:16,15:10,15:15,15,0,1.5,-100,100,60,3,0,1000,20,-4,-1,0,1000,TRUE,1000,1000,1000,1.5,1000,1,5
685,l,TRUE,0.05,09:16,15:10,15:15,15,0,1.5,-100,100,60,3,0,1000,20,-4,-2,0,1000,TRUE,1000,1000,1000,1.5,1000,1,5
686,l,TRUE,0.05,09:16,15:10,15:15,15,0,1.5,-100,100,60,3,0,1000,20,-4,-3,0,1000,TRUE,1000,1000,1000,1.5,1000,1,5
687,l,TRUE,0.05,09:16,15:10,15:15,15,0,1.5,-100,100,60,3,0,1000,30,-4,0,0,1000,TRUE,1000,1000,1000,1.5,1000,1,5
688,l,TRUE,0.05,09:16,15:10,15:15,15,0,1.5,-100,100,60,3,0,1000,30,-4,-1,0,1000,TRUE,1000,1000,1000,1.5,1000,1,5
689,l,TRUE,0.05,09:16,15:10,15:15,15,0,1.5,-100,100,60,3,0,1000,30,-4,-2,0,1000,TRUE,1000,1000,1000,1.5,1000,1,5
690,l,TRUE,0.05,09:16,15:10,15:15,15,0,1.5,-100,100,60,3,0,1000,30,-4,-3,0,1000,TRUE,1000,1000,1000,1.5,1000,1,5
691,l,TRUE,0.05,09:16,15:10,15:15,15,0,1.5,-100,100,20,2,0,1000,15,-5,0,0,1000,TRUE,1000,1000,1000,1.5,1000,1,5
692,l,TRUE,0.05,09:16,15:10,15:15,15,0,1.5,-100,100,20,2,0,1000,15,-5,-1,0,1000,TRUE,1000,1000,1000,1.5,1000,1,5
693,l,TRUE,0.05,09:16,15:10,15:15,15,0,1.5,-100,100,20,2,0,1000,15,-5,-2,0,1000,TRUE,1000,1000,1000,1.5,1000,1,5
694,l,TRUE,0.05,09:16,15:10,15:15,15,0,1.5,-100,100,20,2,0,1000,15,-5,-3,0,1000,TRUE,1000,1000,1000,1.5,1000,1,5
695,l,TRUE,0.05,09:16,15:10,15:15,15,0,1.5,-100,100,20,2,0,1000,15,-5,-4,0,1000,TRUE,1000,1000,1000,1.5,1000,1,5
696,l,TRUE,0.05,09:16,15:10,15:15,15,0,1.5,-100,100,20,2,0,1000,20,-5,0,0,1000,TRUE,1000,1000,1000,1.5,1000,1,5
697,l,TRUE,0.05,09:16,15:10,15:15,15,0,1.5,-100,100,20,2,0,1000,20,-5,-1,0,1000,TRUE,1000,1000,1000,1.5,1000,1,5
698,l,TRUE,0.05,09:16,15:10,15:15,15,0,1.5,-100,100,20,2,0,1000,20,-5,-2,0,1000,TRUE,1000,1000,1000,1.5,1000,1,5
699,l,TRUE,0.05,09:16,15:10,15:15,15,0,1.5,-100,100,20,2,0,1000,20,-5,-3,0,1000,TRUE,1000,1000,1000,1.5,1000,1,5
700,l,TRUE,0.05,09:16,15:10,15:15,15,0,1.5,-100,100,20,2,0,1000,20,-5,-4,0,1000,TRUE,1000,1000,1000,1.5,1000,1,5
701,l,TRUE,0.05,09:16,15:10,15:15,15,0,1.5,-100,100,20,2,0,1000,30,-5,0,0,1000,TRUE,1000,1000,1000,1.5,1000,1,5
702,l,TRUE,0.05,09:16,15:10,15:15,15,0,1.5,-100,100,20,2,0,1000,30,-5,-1,0,1000,TRUE,1000,1000,1000,1.5,1000,1,5
703,l,TRUE,0.05,09:16,15:10,15:15,15,0,1.5,-100,100,20,2,0,1000,30,-5,-2,0,1000,TRUE,1000,1000,1000,1.5,1000,1,5
704,l,TRUE,0.05,09:16,15:10,15:15,15,0,1.5,-100,100,20,2,0,1000,30,-5,-3,0,1000,TRUE,1000,1000,1000,1.5,1000,1,5
705,l,TRUE,0.05,09:16,15:10,15:15,15,0,1.5,-100,100,20,2,0,1000,30,-5,-4,0,1000,TRUE,1000,1000,1000,1.5,1000,1,5
706,l,TRUE,0.05,09:16,15:10,15:15,15,0,1.5,-100,100,20,3,0,1000,15,-5,0,0,1000,TRUE,1000,1000,1000,1.5,1000,1,5
707,l,TRUE,0.05,09:16,15:10,15:15,15,0,1.5,-100,100,20,3,0,1000,15,-5,-1,0,1000,TRUE,1000,1000,1000,1.5,1000,1,5
708,l,TRUE,0.05,09:16,15:10,15:15,15,0,1.5,-100,100,20,3,0,1000,15,-5,-2,0,1000,TRUE,1000,1000,1000,1.5,1000,1,5
709,l,TRUE,0.05,09:16,15:10,15:15,15,0,1.5,-100,100,20,3,0,1000,15,-5,-3,0,1000,TRUE,1000,1000,1000,1.5,1000,1,5
710,l,TRUE,0.05,09:16,15:10,15:15,15,0,1.5,-100,100,20,3,0,1000,15,-5,-4,0,1000,TRUE,1000,1000,1000,1.5,1000,1,5
711,l,TRUE,0.05,09:16,15:10,15:15,15,0,1.5,-100,100,20,3,0,1000,20,-5,0,0,1000,TRUE,1000,1000,1000,1.5,1000,1,5
712,l,TRUE,0.05,09:16,15:10,15:15,15,0,1.5,-100,100,20,3,0,1000,20,-5,-1,0,1000,TRUE,1000,1000,1000,1.5,1000,1,5
713,l,TRUE,0.05,09:16,15:10,15:15,15,0,1.5,-100,100,20,3,0,1000,20,-5,-2,0,1000,TRUE,1000,1000,1000,1.5,1000,1,5
714,l,TRUE,0.05,09:16,15:10,15:15,15,0,1.5,-100,100,20,3,0,1000,20,-5,-3,0,1000,TRUE,1000,1000,1000,1.5,1000,1,5
715,l,TRUE,0.05,09:16,15:10,15:15,15,0,1.5,-100,100,20,3,0,1000,20,-5,-4,0,1000,TRUE,1000,1000,1000,1.5,1000,1,5
716,l,TRUE,0.05,09:16,15:10,15:15,15,0,1.5,-100,100,20,3,0,1000,30,-5,0,0,1000,TRUE,1000,1000,1000,1.5,1000,1,5
717,l,TRUE,0.05,09:16,15:10,15:15,15,0,1.5,-100,100,20,3,0,1000,30,-5,-1,0,1000,TRUE,1000,1000,1000,1.5,1000,1,5
718,l,TRUE,0.05,09:16,15:10,15:15,15,0,1.5,-100,100,20,3,0,1000,30,-5,-2,0,1000,TRUE,1000,1000,1000,1.5,1000,1,5
719,l,TRUE,0.05,09:16,15:10,15:15,15,0,1.5,-100,100,20,3,0,1000,30,-5,-3,0,1000,TRUE,1000,1000,1000,1.5,1000,1,5
720,l,TRUE,0.05,09:16,15:10,15:15,15,0,1.5,-100,100,20,3,0,1000,30,-5,-4,0,1000,TRUE,1000,1000,1000,1.5,1000,1,5
721,l,TRUE,0.05,09:16,15:10,15:15,15,0,1.5,-100,100,30,2,0,1000,15,-5,0,0,1000,TRUE,1000,1000,1000,1.5,1000,1,5
722,l,TRUE,0.05,09:16,15:10,15:15,15,0,1.5,-100,100,30,2,0,1000,15,-5,-1,0,1000,TRUE,1000,1000,1000,1.5,1000,1,5
723,l,TRUE,0.05,09:16,15:10,15:15,15,0,1.5,-100,100,30,2,0,1000,15,-5,-2,0,1000,TRUE,1000,1000,1000,1.5,1000,1,5
724,l,TRUE,0.05,09:16,15:10,15:15,15,0,1.5,-100,100,30,2,0,1000,15,-5,-3,0,1000,TRUE,1000,1000,1000,1.5,1000,1,5
725,l,TRUE,0.05,09:16,15:10,15:15,15,0,1.5,-100,100,30,2,0,1000,15,-5,-4,0,1000,TRUE,1000,1000,1000,1.5,1000,1,5
726,l,TRUE,0.05,09:16,15:10,15:15,15,0,1.5,-100,100,30,2,0,1000,20,-5,0,0,1000,TRUE,1000,1000,1000,1.5,1000,1,5
727,l,TRUE,0.05,09:16,15:10,15:15,15,0,1.5,-100,100,30,2,0,1000,20,-5,-1,0,1000,TRUE,1000,1000,1000,1.5,1000,1,5
728,l,TRUE,0.05,09:16,15:10,15:15,15,0,1.5,-100,100,30,2,0,1000,20,-5,-2,0,1000,TRUE,1000,1000,1000,1.5,1000,1,5
729,l,TRUE,0.05,09:16,15:10,15:15,15,0,1.5,-100,100,30,2,0,1000,20,-5,-3,0,1000,TRUE,1000,1000,1000,1.5,1000,1,5
730,l,TRUE,0.05,09:16,15:10,15:15,15,0,1.5,-100,100,30,2,0,1000,20,-5,-4,0,1000,TRUE,1000,1000,1000,1.5,1000,1,5
731,l,TRUE,0.05,09:16,15:10,15:15,15,0,1.5,-100,100,30,2,0,1000,30,-5,0,0,1000,TRUE,1000,1000,1000,1.5,1000,1,5
732,l,TRUE,0.05,09:16,15:10,15:15,15,0,1.5,-100,100,30,2,0,1000,30,-5,-1,0,1000,TRUE,1000,1000,1000,1.5,1000,1,5
733,l,TRUE,0.05,09:16,15:10,15:15,15,0,1.5,-100,100,30,2,0,1000,30,-5,-2,0,1000,TRUE,1000,1000,1000,1.5,1000,1,5
734,l,TRUE,0.05,09:16,15:10,15:15,15,0,1.5,-100,100,30,2,0,1000,30,-5,-3,0,1000,TRUE,1000,1000,1000,1.5,1000,1,5
735,l,TRUE,0.05,09:16,15:10,15:15,15,0,1.5,-100,100,30,2,0,1000,30,-5,-4,0,1000,TRUE,1000,1000,1000,1.5,1000,1,5
736,l,TRUE,0.05,09:16,15:10,15:15,15,0,1.5,-100,100,30,3,0,1000,15,-5,0,0,1000,TRUE,1000,1000,1000,1.5,1000,1,5
737,l,TRUE,0.05,09:16,15:10,15:15,15,0,1.5,-100,100,30,3,0,1000,15,-5,-1,0,1000,TRUE,1000,1000,1000,1.5,1000,1,5
738,l,TRUE,0.05,09:16,15:10,15:15,15,0,1.5,-100,100,30,3,0,1000,15,-5,-2,0,1000,TRUE,1000,1000,1000,1.5,1000,1,5
739,l,TRUE,0.05,09:16,15:10,15:15,15,0,1.5,-100,100,30,3,0,1000,15,-5,-3,0,1000,TRUE,1000,1000,1000,1.5,1000,1,5
740,l,TRUE,0.05,09:16,15:10,15:15,15,0,1.5,-100,100,30,3,0,1000,15,-5,-4,0,1000,TRUE,1000,1000,1000,1.5,1000,1,5
741,l,TRUE,0.05,09:16,15:10,15:15,15,0,1.5,-100,100,30,3,0,1000,20,-5,0,0,1000,TRUE,1000,1000,1000,1.5,1000,1,5
742,l,TRUE,0.05,09:16,15:10,15:15,15,0,1.5,-100,100,30,3,0,1000,20,-5,-1,0,1000,TRUE,1000,1000,1000,1.5,1000,1,5
743,l,TRUE,0.05,09:16,15:10,15:15,15,0,1.5,-100,100,30,3,0,1000,20,-5,-2,0,1000,TRUE,1000,1000,1000,1.5,1000,1,5
744,l,TRUE,0.05,09:16,15:10,15:15,15,0,1.5,-100,100,30,3,0,1000,20,-5,-3,0,1000,TRUE,1000,1000,1000,1.5,1000,1,5
745,l,TRUE,0.05,09:16,15:10,15:15,15,0,1.5,-100,100,30,3,0,1000,20,-5,-4,0,1000,TRUE,1000,1000,1000,1.5,1000,1,5
746,l,TRUE,0.05,09:16,15:10,15:15,15,0,1.5,-100,100,30,3,0,1000,30,-5,0,0,1000,TRUE,1000,1000,1000,1.5,1000,1,5
747,l,TRUE,0.05,09:16,15:10,15:15,15,0,1.5,-100,100,30,3,0,1000,30,-5,-1,0,1000,TRUE,1000,1000,1000,1.5,1000,1,5
748,l,TRUE,0.05,09:16,15:10,15:15,15,0,1.5,-100,100,30,3,0,1000,30,-5,-2,0,1000,TRUE,1000,1000,1000,1.5,1000,1,5
749,l,TRUE,0.05,09:16,15:10,15:15,15,0,1.5,-100,100,30,3,0,1000,30,-5,-3,0,1000,TRUE,1000,1000,1000,1.5,1000,1,5
750,l,TRUE,0.05,09:16,15:10,15:15,15,0,1.5,-100,100,30,3,0,1000,30,-5,-4,0,1000,TRUE,1000,1000,1000,1.5,1000,1,5
751,l,TRUE,0.05,09:16,15:10,15:15,15,0,1.5,-100,100,40,2,0,1000,15,-5,0,0,1000,TRUE,1000,1000,1000,1.5,1000,1,5
752,l,TRUE,0.05,09:16,15:10,15:15,15,0,1.5,-100,100,40,2,0,1000,15,-5,-1,0,1000,TRUE,1000,1000,1000,1.5,1000,1,5
753,l,TRUE,0.05,09:16,15:10,15:15,15,0,1.5,-100,100,40,2,0,1000,15,-5,-2,0,1000,TRUE,1000,1000,1000,1.5,1000,1,5
754,l,TRUE,0.05,09:16,15:10,15:15,15,0,1.5,-100,100,40,2,0,1000,15,-5,-3,0,1000,TRUE,1000,1000,1000,1.5,1000,1,5
755,l,TRUE,0.05,09:16,15:10,15:15,15,0,1.5,-100,100,40,2,0,1000,15,-5,-4,0,1000,TRUE,1000,1000,1000,1.5,1000,1,5
756,l,TRUE,0.05,09:16,15:10,15:15,15,0,1.5,-100,100,40,2,0,1000,20,-5,0,0,1000,TRUE,1000,1000,1000,1.5,1000,1,5
757,l,TRUE,0.05,09:16,15:10,15:15,15,0,1.5,-100,100,40,2,0,1000,20,-5,-1,0,1000,TRUE,1000,1000,1000,1.5,1000,1,5
758,l,TRUE,0.05,09:16,15:10,15:15,15,0,1.5,-100,100,40,2,0,1000,20,-5,-2,0,1000,TRUE,1000,1000,1000,1.5,1000,1,5
759,l,TRUE,0.05,09:16,15:10,15:15,15,0,1.5,-100,100,40,2,0,1000,20,-5,-3,0,1000,TRUE,1000,1000,1000,1.5,1000,1,5
760,l,TRUE,0.05,09:16,15:10,15:15,15,0,1.5,-100,100,40,2,0,1000,20,-5,-4,0,1000,TRUE,1000,1000,1000,1.5,1000,1,5
761,l,TRUE,0.05,09:16,15:10,15:15,15,0,1.5,-100,100,40,2,0,1000,30,-5,0,0,1000,TRUE,1000,1000,1000,1.5,1000,1,5
762,l,TRUE,0.05,09:16,15:10,15:15,15,0,1.5,-100,100,40,2,0,1000,30,-5,-1,0,1000,TRUE,1000,1000,1000,1.5,1000,1,5
763,l,TRUE,0.05,09:16,15:10,15:15,15,0,1.5,-100,100,40,2,0,1000,30,-5,-2,0,1000,TRUE,1000,1000,1000,1.5,1000,1,5
764,l,TRUE,0.05,09:16,15:10,15:15,15,0,1.5,-100,100,40,2,0,1000,30,-5,-3,0,1000,TRUE,1000,1000,1000,1.5,1000,1,5
765,l,TRUE,0.05,09:16,15:10,15:15,15,0,1.5,-100,100,40,2,0,1000,30,-5,-4,0,1000,TRUE,1000,1000,1000,1.5,1000,1,5
766,l,TRUE,0.05,09:16,15:10,15:15,15,0,1.5,-100,100,40,3,0,1000,15,-5,0,0,1000,TRUE,1000,1000,1000,1.5,1000,1,5
767,l,TRUE,0.05,09:16,15:10,15:15,15,0,1.5,-100,100,40,3,0,1000,15,-5,-1,0,1000,TRUE,1000,1000,1000,1.5,1000,1,5
768,l,TRUE,0.05,09:16,15:10,15:15,15,0,1.5,-100,100,40,3,0,1000,15,-5,-2,0,1000,TRUE,1000,1000,1000,1.5,1000,1,5
769,l,TRUE,0.05,09:16,15:10,15:15,15,0,1.5,-100,100,40,3,0,1000,15,-5,-3,0,1000,TRUE,1000,1000,1000,1.5,1000,1,5
770,l,TRUE,0.05,09:16,15:10,15:15,15,0,1.5,-100,100,40,3,0,1000,15,-5,-4,0,1000,TRUE,1000,1000,1000,1.5,1000,1,5
771,l,TRUE,0.05,09:16,15:10,15:15,15,0,1.5,-100,100,40,3,0,1000,20,-5,0,0,1000,TRUE,1000,1000,1000,1.5,1000,1,5
772,l,TRUE,0.05,09:16,15:10,15:15,15,0,1.5,-100,100,40,3,0,1000,20,-5,-1,0,1000,TRUE,1000,1000,1000,1.5,1000,1,5
773,l,TRUE,0.05,09:16,15:10,15:15,15,0,1.5,-100,100,40,3,0,1000,20,-5,-2,0,1000,TRUE,1000,1000,1000,1.5,1000,1,5
774,l,TRUE,0.05,09:16,15:10,15:15,15,0,1.5,-100,100,40,3,0,1000,20,-5,-3,0,1000,TRUE,1000,1000,1000,1.5,1000,1,5
775,l,TRUE,0.05,09:16,15:10,15:15,15,0,1.5,-100,100,40,3,0,1000,20,-5,-4,0,1000,TRUE,1000,1000,1000,1.5,1000,1,5
776,l,TRUE,0.05,09:16,15:10,15:15,15,0,1.5,-100,100,40,3,0,1000,30,-5,0,0,1000,TRUE,1000,1000,1000,1.5,1000,1,5
777,l,TRUE,0.05,09:16,15:10,15:15,15,0,1.5,-100,100,40,3,0,1000,30,-5,-1,0,1000,TRUE,1000,1000,1000,1.5,1000,1,5
778,l,TRUE,0.05,09:16,15:10,15:15,15,0,1.5,-100,100,40,3,0,1000,30,-5,-2,0,1000,TRUE,1000,1000,1000,1.5,1000,1,5
779,l,TRUE,0.05,09:16,15:10,15:15,15,0,1.5,-100,100,40,3,0,1000,30,-5,-3,0,1000,TRUE,1000,1000,1000,1.5,1000,1,5
780,l,TRUE,0.05,09:16,15:10,15:15,15,0,1.5,-100,100,40,3,0,1000,30,-5,-4,0,1000,TRUE,1000,1000,1000,1.5,1000,1,5
781,l,TRUE,0.05,09:16,15:10,15:15,15,0,1.5,-100,100,50,2,0,1000,15,-5,0,0,1000,TRUE,1000,1000,1000,1.5,1000,1,5
782,l,TRUE,0.05,09:16,15:10,15:15,15,0,1.5,-100,100,50,2,0,1000,15,-5,-1,0,1000,TRUE,1000,1000,1000,1.5,1000,1,5
783,l,TRUE,0.05,09:16,15:10,15:15,15,0,1.5,-100,100,50,2,0,1000,15,-5,-2,0,1000,TRUE,1000,1000,1000,1.5,1000,1,5
784,l,TRUE,0.05,09:16,15:10,15:15,15,0,1.5,-100,100,50,2,0,1000,15,-5,-3,0,1000,TRUE,1000,1000,1000,1.5,1000,1,5
785,l,TRUE,0.05,09:16,15:10,15:15,15,0,1.5,-100,100,50,2,0,1000,15,-5,-4,0,1000,TRUE,1000,1000,1000,1.5,1000,1,5
786,l,TRUE,0.05,09:16,15:10,15:15,15,0,1.5,-100,100,50,2,0,1000,20,-5,0,0,1000,TRUE,1000,1000,1000,1.5,1000,1,5
787,l,TRUE,0.05,09:16,15:10,15:15,15,0,1.5,-100,100,50,2,0,1000,20,-5,-1,0,1000,TRUE,1000,1000,1000,1.5,1000,1,5
788,l,TRUE,0.05,09:16,15:10,15:15,15,0,1.5,-100,100,50,2,0,1000,20,-5,-2,0,1000,TRUE,1000,1000,1000,1.5,1000,1,5
789,l,TRUE,0.05,09:16,15:10,15:15,15,0,1.5,-100,100,50,2,0,1000,20,-5,-3,0,1000,TRUE,1000,1000,1000,1.5,1000,1,5
790,l,TRUE,0.05,09:16,15:10,15:15,15,0,1.5,-100,100,50,2,0,1000,20,-5,-4,0,1000,TRUE,1000,1000,1000,1.5,1000,1,5
791,l,TRUE,0.05,09:16,15:10,15:15,15,0,1.5,-100,100,50,2,0,1000,30,-5,0,0,1000,TRUE,1000,1000,1000,1.5,1000,1,5
792,l,TRUE,0.05,09:16,15:10,15:15,15,0,1.5,-100,100,50,2,0,1000,30,-5,-1,0,1000,TRUE,1000,1000,1000,1.5,1000,1,5
793,l,TRUE,0.05,09:16,15:10,15:15,15,0,1.5,-100,100,50,2,0,1000,30,-5,-2,0,1000,TRUE,1000,1000,1000,1.5,1000,1,5
794,l,TRUE,0.05,09:16,15:10,15:15,15,0,1.5,-100,100,50,2,0,1000,30,-5,-3,0,1000,TRUE,1000,1000,1000,1.5,1000,1,5
795,l,TRUE,0.05,09:16,15:10,15:15,15,0,1.5,-100,100,50,2,0,1000,30,-5,-4,0,1000,TRUE,1000,1000,1000,1.5,1000,1,5
796,l,TRUE,0.05,09:16,15:10,15:15,15,0,1.5,-100,100,50,3,0,1000,15,-5,0,0,1000,TRUE,1000,1000,1000,1.5,1000,1,5
797,l,TRUE,0.05,09:16,15:10,15:15,15,0,1.5,-100,100,50,3,0,1000,15,-5,-1,0,1000,TRUE,1000,1000,1000,1.5,1000,1,5
798,l,TRUE,0.05,09:16,15:10,15:15,15,0,1.5,-100,100,50,3,0,1000,15,-5,-2,0,1000,TRUE,1000,1000,1000,1.5,1000,1,5
799,l,TRUE,0.05,09:16,15:10,15:15,15,0,1.5,-100,100,50,3,0,1000,15,-5,-3,0,1000,TRUE,1000,1000,1000,1.5,1000,1,5
800,l,TRUE,0.05,09:16,15:10,15:15,15,0,1.5,-100,100,50,3,0,1000,15,-5,-4,0,1000,TRUE,1000,1000,1000,1.5,1000,1,5
801,l,TRUE,0.05,09:16,15:10,15:15,15,0,1.5,-100,100,50,3,0,1000,20,-5,0,0,1000,TRUE,1000,1000,1000,1.5,1000,1,5
802,l,TRUE,0.05,09:16,15:10,15:15,15,0,1.5,-100,100,50,3,0,1000,20,-5,-1,0,1000,TRUE,1000,1000,1000,1.5,1000,1,5
803,l,TRUE,0.05,09:16,15:10,15:15,15,0,1.5,-100,100,50,3,0,1000,20,-5,-2,0,1000,TRUE,1000,1000,1000,1.5,1000,1,5
804,l,TRUE,0.05,09:16,15:10,15:15,15,0,1.5,-100,100,50,3,0,1000,20,-5,-3,0,1000,TRUE,1000,1000,1000,1.5,1000,1,5
805,l,TRUE,0.05,09:16,15:10,15:15,15,0,1.5,-100,100,50,3,0,1000,20,-5,-4,0,1000,TRUE,1000,1000,1000,1.5,1000,1,5
806,l,TRUE,0.05,09:16,15:10,15:15,15,0,1.5,-100,100,50,3,0,1000,30,-5,0,0,1000,TRUE,1000,1000,1000,1.5,1000,1,5
807,l,TRUE,0.05,09:16,15:10,15:15,15,0,1.5,-100,100,50,3,0,1000,30,-5,-1,0,1000,TRUE,1000,1000,1000,1.5,1000,1,5
808,l,TRUE,0.05,09:16,15:10,15:15,15,0,1.5,-100,100,50,3,0,1000,30,-5,-2,0,1000,TRUE,1000,1000,1000,1.5,1000,1,5
809,l,TRUE,0.05,09:16,15:10,15:15,15,0,1.5,-100,100,50,3,0,1000,30,-5,-3,0,1000,TRUE,1000,1000,1000,1.5,1000,1,5
810,l,TRUE,0.05,09:16,15:10,15:15,15,0,1.5,-100,100,50,3,0,1000,30,-5,-4,0,1000,TRUE,1000,1000,1000,1.5,1000,1,5
811,l,TRUE,0.05,09:16,15:10,15:15,15,0,1.5,-100,100,60,2,0,1000,15,-5,0,0,1000,TRUE,1000,1000,1000,1.5,1000,1,5
812,l,TRUE,0.05,09:16,15:10,15:15,15,0,1.5,-100,100,60,2,0,1000,15,-5,-1,0,1000,TRUE,1000,1000,1000,1.5,1000,1,5
813,l,TRUE,0.05,09:16,15:10,15:15,15,0,1.5,-100,100,60,2,0,1000,15,-5,-2,0,1000,TRUE,1000,1000,1000,1.5,1000,1,5
814,l,TRUE,0.05,09:16,15:10,15:15,15,0,1.5,-100,100,60,2,0,1000,15,-5,-3,0,1000,TRUE,1000,1000,1000,1.5,1000,1,5
815,l,TRUE,0.05,09:16,15:10,15:15,15,0,1.5,-100,100,60,2,0,1000,15,-5,-4,0,1000,TRUE,1000,1000,1000,1.5,1000,1,5
816,l,TRUE,0.05,09:16,15:10,15:15,15,0,1.5,-100,100,60,2,0,1000,20,-5,0,0,1000,TRUE,1000,1000,1000,1.5,1000,1,5
817,l,TRUE,0.05,09:16,15:10,15:15,15,0,1.5,-100,100,60,2,0,1000,20,-5,-1,0,1000,TRUE,1000,1000,1000,1.5,1000,1,5
818,l,TRUE,0.05,09:16,15:10,15:15,15,0,1.5,-100,100,60,2,0,1000,20,-5,-2,0,1000,TRUE,1000,1000,1000,1.5,1000,1,5
819,l,TRUE,0.05,09:16,15:10,15:15,15,0,1.5,-100,100,60,2,0,1000,20,-5,-3,0,1000,TRUE,1000,1000,1000,1.5,1000,1,5
820,l,TRUE,0.05,09:16,15:10,15:15,15,0,1.5,-100,100,60,2,0,1000,20,-5,-4,0,1000,TRUE,1000,1000,1000,1.5,1000,1,5
821,l,TRUE,0.05,09:16,15:10,15:15,15,0,1.5,-100,100,60,2,0,1000,30,-5,0,0,1000,TRUE,1000,1000,1000,1.5,1000,1,5
822,l,TRUE,0.05,09:16,15:10,15:15,15,0,1.5,-100,100,60,2,0,1000,30,-5,-1,0,1000,TRUE,1000,1000,1000,1.5,1000,1,5
823,l,TRUE,0.05,09:16,15:10,15:15,15,0,1.5,-100,100,60,2,0,1000,30,-5,-2,0,1000,TRUE,1000,1000,1000,1.5,1000,1,5
824,l,TRUE,0.05,09:16,15:10,15:15,15,0,1.5,-100,100,60,2,0,1000,30,-5,-3,0,1000,TRUE,1000,1000,1000,1.5,1000,1,5
825,l,TRUE,0.05,09:16,15:10,15:15,15,0,1.5,-100,100,60,2,0,1000,30,-5,-4,0,1000,TRUE,1000,1000,1000,1.5,1000,1,5
826,l,TRUE,0.05,09:16,15:10,15:15,15,0,1.5,-100,100,60,3,0,1000,15,-5,0,0,1000,TRUE,1000,1000,1000,1.5,1000,1,5
827,l,TRUE,0.05,09:16,15:10,15:15,15,0,1.5,-100,100,60,3,0,1000,15,-5,-1,0,1000,TRUE,1000,1000,1000,1.5,1000,1,5
828,l,TRUE,0.05,09:16,15:10,15:15,15,0,1.5,-100,100,60,3,0,1000,15,-5,-2,0,1000,TRUE,1000,1000,1000,1.5,1000,1,5
829,l,TRUE,0.05,09:16,15:10,15:15,15,0,1.5,-100,100,60,3,0,1000,15,-5,-3,0,1000,TRUE,1000,1000,1000,1.5,1000,1,5
830,l,TRUE,0.05,09:16,15:10,15:15,15,0,1.5,-100,100,60,3,0,1000,15,-5,-4,0,1000,TRUE,1000,1000,1000,1.5,1000,1,5
831,l,TRUE,0.05,09:16,15:10,15:15,15,0,1.5,-100,100,60,3,0,1000,20,-5,0,0,1000,TRUE,1000,1000,1000,1.5,1000,1,5
832,l,TRUE,0.05,09:16,15:10,15:15,15,0,1.5,-100,100,60,3,0,1000,20,-5,-1,0,1000,TRUE,1000,1000,1000,1.5,1000,1,5
833,l,TRUE,0.05,09:16,15:10,15:15,15,0,1.5,-100,100,60,3,0,1000,20,-5,-2,0,1000,TRUE,1000,1000,1000,1.5,1000,1,5
834,l,TRUE,0.05,09:16,15:10,15:15,15,0,1.5,-100,100,60,3,0,1000,20,-5,-3,0,1000,TRUE,1000,1000,1000,1.5,1000,1,5
835,l,TRUE,0.05,09:16,15:10,15:15,15,0,1.5,-100,100,60,3,0,1000,20,-5,-4,0,1000,TRUE,1000,1000,1000,1.5,1000,1,5
836,l,TRUE,0.05,09:16,15:10,15:15,15,0,1.5,-100,100,60,3,0,1000,30,-5,0,0,1000,TRUE,1000,1000,1000,1.5,1000,1,5
837,l,TRUE,0.05,09:16,15:10,15:15,15,0,1.5,-100,100,60,3,0,1000,30,-5,-1,0,1000,TRUE,1000,1000,1000,1.5,1000,1,5
838,l,TRUE,0.05,09:16,15:10,15:15,15,0,1.5,-100,100,60,3,0,1000,30,-5,-2,0,1000,TRUE,1000,1000,1000,1.5,1000,1,5
839,l,TRUE,0.05,09:16,15:10,15:15,15,0,1.5,-100,100,60,3,0,1000,30,-5,-3,0,1000,TRUE,1000,1000,1000,1.5,1000,1,5
840,l,TRUE,0.05,09:16,15:10,15:15,15,0,1.5,-100,100,60,3,0,1000,30,-5,-4,0,1000,TRUE,1000,1000,1000,1.5,1000,1,5
841,l,TRUE,0.05,09:16,15:10,15:15,15,0,1.5,-100,100,20,2,0,1000,15,-7,0,0,1000,TRUE,1000,1000,1000,1.5,1000,1,5
842,l,TRUE,0.05,09:16,15:10,15:15,15,0,1.5,-100,100,20,2,0,1000,15,-7,-1,0,1000,TRUE,1000,1000,1000,1.5,1000,1,5
843,l,TRUE,0.05,09:16,15:10,15:15,15,0,1.5,-100,100,20,2,0,1000,15,-7,-2,0,1000,TRUE,1000,1000,1000,1.5,1000,1,5
844,l,TRUE,0.05,09:16,15:10,15:15,15,0,1.5,-100,100,20,2,0,1000,15,-7,-3,0,1000,TRUE,1000,1000,1000,1.5,1000,1,5
845,l,TRUE,0.05,09:16,15:10,15:15,15,0,1.5,-100,100,20,2,0,1000,15,-7,-4,0,1000,TRUE,1000,1000,1000,1.5,1000,1,5
846,l,TRUE,0.05,09:16,15:10,15:15,15,0,1.5,-100,100,20,2,0,1000,15,-7,-5,0,1000,TRUE,1000,1000,1000,1.5,1000,1,5
847,l,TRUE,0.05,09:16,15:10,15:15,15,0,1.5,-100,100,20,2,0,1000,15,-7,-6,0,1000,TRUE,1000,1000,1000,1.5,1000,1,5
848,l,TRUE,0.05,09:16,15:10,15:15,15,0,1.5,-100,100,20,2,0,1000,20,-7,0,0,1000,TRUE,1000,1000,1000,1.5,1000,1,5
849,l,TRUE,0.05,09:16,15:10,15:15,15,0,1.5,-100,100,20,2,0,1000,20,-7,-1,0,1000,TRUE,1000,1000,1000,1.5,1000,1,5
850,l,TRUE,0.05,09:16,15:10,15:15,15,0,1.5,-100,100,20,2,0,1000,20,-7,-2,0,1000,TRUE,1000,1000,1000,1.5,1000,1,5
851,l,TRUE,0.05,09:16,15:10,15:15,15,0,1.5,-100,100,20,2,0,1000,20,-7,-3,0,1000,TRUE,1000,1000,1000,1.5,1000,1,5
852,l,TRUE,0.05,09:16,15:10,15:15,15,0,1.5,-100,100,20,2,0,1000,20,-7,-4,0,1000,TRUE,1000,1000,1000,1.5,1000,1,5
853,l,TRUE,0.05,09:16,15:10,15:15,15,0,1.5,-100,100,20,2,0,1000,20,-7,-5,0,1000,TRUE,1000,1000,1000,1.5,1000,1,5
854,l,TRUE,0.05,09:16,15:10,15:15,15,0,1.5,-100,100,20,2,0,1000,20,-7,-6,0,1000,TRUE,1000,1000,1000,1.5,1000,1,5
855,l,TRUE,0.05,09:16,15:10,15:15,15,0,1.5,-100,100,20,2,0,1000,30,-7,0,0,1000,TRUE,1000,1000,1000,1.5,1000,1,5
856,l,TRUE,0.05,09:16,15:10,15:15,15,0,1.5,-100,100,20,2,0,1000,30,-7,-1,0,1000,TRUE,1000,1000,1000,1.5,1000,1,5
857,l,TRUE,0.05,09:16,15:10,15:15,15,0,1.5,-100,100,20,2,0,1000,30,-7,-2,0,1000,TRUE,1000,1000,1000,1.5,1000,1,5
858,l,TRUE,0.05,09:16,15:10,15:15,15,0,1.5,-100,100,20,2,0,1000,30,-7,-3,0,1000,TRUE,1000,1000,1000,1.5,1000,1,5
859,l,TRUE,0.05,09:16,15:10,15:15,15,0,1.5,-100,100,20,2,0,1000,30,-7,-4,0,1000,TRUE,1000,1000,1000,1.5,1000,1,5
860,l,TRUE,0.05,09:16,15:10,15:15,15,0,1.5,-100,100,20,2,0,1000,30,-7,-5,0,1000,TRUE,1000,1000,1000,1.5,1000,1,5
861,l,TRUE,0.05,09:16,15:10,15:15,15,0,1.5,-100,100,20,2,0,1000,30,-7,-6,0,1000,TRUE,1000,1000,1000,1.5,1000,1,5
862,l,TRUE,0.05,09:16,15:10,15:15,15,0,1.5,-100,100,20,3,0,1000,15,-7,0,0,1000,TRUE,1000,1000,1000,1.5,1000,1,5
863,l,TRUE,0.05,09:16,15:10,15:15,15,0,1.5,-100,100,20,3,0,1000,15,-7,-1,0,1000,TRUE,1000,1000,1000,1.5,1000,1,5
864,l,TRUE,0.05,09:16,15:10,15:15,15,0,1.5,-100,100,20,3,0,1000,15,-7,-2,0,1000,TRUE,1000,1000,1000,1.5,1000,1,5
865,l,TRUE,0.05,09:16,15:10,15:15,15,0,1.5,-100,100,20,3,0,1000,15,-7,-3,0,1000,TRUE,1000,1000,1000,1.5,1000,1,5
866,l,TRUE,0.05,09:16,15:10,15:15,15,0,1.5,-100,100,20,3,0,1000,15,-7,-4,0,1000,TRUE,1000,1000,1000,1.5,1000,1,5
867,l,TRUE,0.05,09:16,15:10,15:15,15,0,1.5,-100,100,20,3,0,1000,15,-7,-5,0,1000,TRUE,1000,1000,1000,1.5,1000,1,5
868,l,TRUE,0.05,09:16,15:10,15:15,15,0,1.5,-100,100,20,3,0,1000,15,-7,-6,0,1000,TRUE,1000,1000,1000,1.5,1000,1,5
869,l,TRUE,0.05,09:16,15:10,15:15,15,0,1.5,-100,100,20,3,0,1000,20,-7,0,0,1000,TRUE,1000,1000,1000,1.5,1000,1,5
870,l,TRUE,0.05,09:16,15:10,15:15,15,0,1.5,-100,100,20,3,0,1000,20,-7,-1,0,1000,TRUE,1000,1000,1000,1.5,1000,1,5
871,l,TRUE,0.05,09:16,15:10,15:15,15,0,1.5,-100,100,20,3,0,1000,20,-7,-2,0,1000,TRUE,1000,1000,1000,1.5,1000,1,5
872,l,TRUE,0.05,09:16,15:10,15:15,15,0,1.5,-100,100,20,3,0,1000,20,-7,-3,0,1000,TRUE,1000,1000,1000,1.5,1000,1,5
873,l,TRUE,0.05,09:16,15:10,15:15,15,0,1.5,-100,100,20,3,0,1000,20,-7,-4,0,1000,TRUE,1000,1000,1000,1.5,1000,1,5
874,l,TRUE,0.05,09:16,15:10,15:15,15,0,1.5,-100,100,20,3,0,1000,20,-7,-5,0,1000,TRUE,1000,1000,1000,1.5,1000,1,5
875,l,TRUE,0.05,09:16,15:10,15:15,15,0,1.5,-100,100,20,3,0,1000,20,-7,-6,0,1000,TRUE,1000,1000,1000,1.5,1000,1,5
876,l,TRUE,0.05,09:16,15:10,15:15,15,0,1.5,-100,100,20,3,0,1000,30,-7,0,0,1000,TRUE,1000,1000,1000,1.5,1000,1,5
877,l,TRUE,0.05,09:16,15:10,15:15,15,0,1.5,-100,100,20,3,0,1000,30,-7,-1,0,1000,TRUE,1000,1000,1000,1.5,1000,1,5
878,l,TRUE,0.05,09:16,15:10,15:15,15,0,1.5,-100,100,20,3,0,1000,30,-7,-2,0,1000,TRUE,1000,1000,1000,1.5,1000,1,5
879,l,TRUE,0.05,09:16,15:10,15:15,15,0,1.5,-100,100,20,3,0,1000,30,-7,-3,0,1000,TRUE,1000,1000,1000,1.5,1000,1,5
880,l,TRUE,0.05,09:16,15:10,15:15,15,0,1.5,-100,100,20,3,0,1000,30,-7,-4,0,1000,TRUE,1000,1000,1000,1.5,1000,1,5
881,l,TRUE,0.05,09:16,15:10,15:15,15,0,1.5,-100,100,20,3,0,1000,30,-7,-5,0,1000,TRUE,1000,1000,1000,1.5,1000,1,5
882,l,TRUE,0.05,09:16,15:10,15:15,15,0,1.5,-100,100,20,3,0,1000,30,-7,-6,0,1000,TRUE,1000,1000,1000,1.5,1000,1,5
883,l,TRUE,0.05,09:16,15:10,15:15,15,0,1.5,-100,100,30,2,0,1000,15,-7,0,0,1000,TRUE,1000,1000,1000,1.5,1000,1,5
884,l,TRUE,0.05,09:16,15:10,15:15,15,0,1.5,-100,100,30,2,0,1000,15,-7,-1,0,1000,TRUE,1000,1000,1000,1.5,1000,1,5
885,l,TRUE,0.05,09:16,15:10,15:15,15,0,1.5,-100,100,30,2,0,1000,15,-7,-2,0,1000,TRUE,1000,1000,1000,1.5,1000,1,5
886,l,TRUE,0.05,09:16,15:10,15:15,15,0,1.5,-100,100,30,2,0,1000,15,-7,-3,0,1000,TRUE,1000,1000,1000,1.5,1000,1,5
887,l,TRUE,0.05,09:16,15:10,15:15,15,0,1.5,-100,100,30,2,0,1000,15,-7,-4,0,1000,TRUE,1000,1000,1000,1.5,1000,1,5
888,l,TRUE,0.05,09:16,15:10,15:15,15,0,1.5,-100,100,30,2,0,1000,15,-7,-5,0,1000,TRUE,1000,1000,1000,1.5,1000,1,5
889,l,TRUE,0.05,09:16,15:10,15:15,15,0,1.5,-100,100,30,2,0,1000,15,-7,-6,0,1000,TRUE,1000,1000,1000,1.5,1000,1,5
890,l,TRUE,0.05,09:16,15:10,15:15,15,0,1.5,-100,100,30,2,0,1000,20,-7,0,0,1000,TRUE,1000,1000,1000,1.5,1000,1,5
891,l,TRUE,0.05,09:16,15:10,15:15,15,0,1.5,-100,100,30,2,0,1000,20,-7,-1,0,1000,TRUE,1000,1000,1000,1.5,1000,1,5
892,l,TRUE,0.05,09:16,15:10,15:15,15,0,1.5,-100,100,30,2,0,1000,20,-7,-2,0,1000,TRUE,1000,1000,1000,1.5,1000,1,5
893,l,TRUE,0.05,09:16,15:10,15:15,15,0,1.5,-100,100,30,2,0,1000,20,-7,-3,0,1000,TRUE,1000,1000,1000,1.5,1000,1,5
894,l,TRUE,0.05,09:16,15:10,15:15,15,0,1.5,-100,100,30,2,0,1000,20,-7,-4,0,1000,TRUE,1000,1000,1000,1.5,1000,1,5
895,l,TRUE,0.05,09:16,15:10,15:15,15,0,1.5,-100,100,30,2,0,1000,20,-7,-5,0,1000,TRUE,1000,1000,1000,1.5,1000,1,5
896,l,TRUE,0.05,09:16,15:10,15:15,15,0,1.5,-100,100,30,2,0,1000,20,-7,-6,0,1000,TRUE,1000,1000,1000,1.5,1000,1,5
897,l,TRUE,0.05,09:16,15:10,15:15,15,0,1.5,-100,100,30,2,0,1000,30,-7,0,0,1000,TRUE,1000,1000,1000,1.5,1000,1,5
898,l,TRUE,0.05,09:16,15:10,15:15,15,0,1.5,-100,100,30,2,0,1000,30,-7,-1,0,1000,TRUE,1000,1000,1000,1.5,1000,1,5
899,l,TRUE,0.05,09:16,15:10,15:15,15,0,1.5,-100,100,30,2,0,1000,30,-7,-2,0,1000,TRUE,1000,1000,1000,1.5,1000,1,5
900,l,TRUE,0.05,09:16,15:10,15:15,15,0,1.5,-100,100,30,2,0,1000,30,-7,-3,0,1000,TRUE,1000,1000,1000,1.5,1000,1,5
901,l,TRUE,0.05,09:16,15:10,15:15,15,0,1.5,-100,100,30,2,0,1000,30,-7,-4,0,1000,TRUE,1000,1000,1000,1.5,1000,1,5
902,l,TRUE,0.05,09:16,15:10,15:15,15,0,1.5,-100,100,30,2,0,1000,30,-7,-5,0,1000,TRUE,1000,1000,1000,1.5,1000,1,5
903,l,TRUE,0.05,09:16,15:10,15:15,15,0,1.5,-100,100,30,2,0,1000,30,-7,-6,0,1000,TRUE,1000,1000,1000,1.5,1000,1,5
904,l,TRUE,0.05,09:16,15:10,15:15,15,0,1.5,-100,100,30,3,0,1000,15,-7,0,0,1000,TRUE,1000,1000,1000,1.5,1000,1,5
905,l,TRUE,0.05,09:16,15:10,15:15,15,0,1.5,-100,100,30,3,0,1000,15,-7,-1,0,1000,TRUE,1000,1000,1000,1.5,1000,1,5
906,l,TRUE,0.05,09:16,15:10,15:15,15,0,1.5,-100,100,30,3,0,1000,15,-7,-2,0,1000,TRUE,1000,1000,1000,1.5,1000,1,5
907,l,TRUE,0.05,09:16,15:10,15:15,15,0,1.5,-100,100,30,3,0,1000,15,-7,-3,0,1000,TRUE,1000,1000,1000,1.5,1000,1,5
908,l,TRUE,0.05,09:16,15:10,15:15,15,0,1.5,-100,100,30,3,0,1000,15,-7,-4,0,1000,TRUE,1000,1000,1000,1.5,1000,1,5
909,l,TRUE,0.05,09:16,15:10,15:15,15,0,1.5,-100,100,30,3,0,1000,15,-7,-5,0,1000,TRUE,1000,1000,1000,1.5,1000,1,5
910,l,TRUE,0.05,09:16,15:10,15:15,15,0,1.5,-100,100,30,3,0,1000,15,-7,-6,0,1000,TRUE,1000,1000,1000,1.5,1000,1,5
911,l,TRUE,0.05,09:16,15:10,15:15,15,0,1.5,-100,100,30,3,0,1000,20,-7,0,0,1000,TRUE,1000,1000,1000,1.5,1000,1,5
912,l,TRUE,0.05,09:16,15:10,15:15,15,0,1.5,-100,100,30,3,0,1000,20,-7,-1,0,1000,TRUE,1000,1000,1000,1.5,1000,1,5
913,l,TRUE,0.05,09:16,15:10,15:15,15,0,1.5,-100,100,30,3,0,1000,20,-7,-2,0,1000,TRUE,1000,1000,1000,1.5,1000,1,5
914,l,TRUE,0.05,09:16,15:10,15:15,15,0,1.5,-100,100,30,3,0,1000,20,-7,-3,0,1000,TRUE,1000,1000,1000,1.5,1000,1,5
915,l,TRUE,0.05,09:16,15:10,15:15,15,0,1.5,-100,100,30,3,0,1000,20,-7,-4,0,1000,TRUE,1000,1000,1000,1.5,1000,1,5
916,l,TRUE,0.05,09:16,15:10,15:15,15,0,1.5,-100,100,30,3,0,1000,20,-7,-5,0,1000,TRUE,1000,1000,1000,1.5,1000,1,5
917,l,TRUE,0.05,09:16,15:10,15:15,15,0,1.5,-100,100,30,3,0,1000,20,-7,-6,0,1000,TRUE,1000,1000,1000,1.5,1000,1,5
918,l,TRUE,0.05,09:16,15:10,15:15,15,0,1.5,-100,100,30,3,0,1000,30,-7,0,0,1000,TRUE,1000,1000,1000,1.5,1000,1,5
919,l,TRUE,0.05,09:16,15:10,15:15,15,0,1.5,-100,100,30,3,0,1000,30,-7,-1,0,1000,TRUE,1000,1000,1000,1.5,1000,1,5
920,l,TRUE,0.05,09:16,15:10,15:15,15,0,1.5,-100,100,30,3,0,1000,30,-7,-2,0,1000,TRUE,1000,1000,1000,1.5,1000,1,5
921,l,TRUE,0.05,09:16,15:10,15:15,15,0,1.5,-100,100,30,3,0,1000,30,-7,-3,0,1000,TRUE,1000,1000,1000,1.5,1000,1,5
922,l,TRUE,0.05,09:16,15:10,15:15,15,0,1.5,-100,100,30,3,0,1000,30,-7,-4,0,1000,TRUE,1000,1000,1000,1.5,1000,1,5
923,l,TRUE,0.05,09:16,15:10,15:15,15,0,1.5,-100,100,30,3,0,1000,30,-7,-5,0,1000,TRUE,1000,1000,1000,1.5,1000,1,5
924,l,TRUE,0.05,09:16,15:10,15:15,15,0,1.5,-100,100,30,3,0,1000,30,-7,-6,0,1000,TRUE,1000,1000,1000,1.5,1000,1,5
925,l,TRUE,0.05,09:16,15:10,15:15,15,0,1.5,-100,100,40,2,0,1000,15,-7,0,0,1000,TRUE,1000,1000,1000,1.5,1000,1,5
926,l,TRUE,0.05,09:16,15:10,15:15,15,0,1.5,-100,100,40,2,0,1000,15,-7,-1,0,1000,TRUE,1000,1000,1000,1.5,1000,1,5
927,l,TRUE,0.05,09:16,15:10,15:15,15,0,1.5,-100,100,40,2,0,1000,15,-7,-2,0,1000,TRUE,1000,1000,1000,1.5,1000,1,5
928,l,TRUE,0.05,09:16,15:10,15:15,15,0,1.5,-100,100,40,2,0,1000,15,-7,-3,0,1000,TRUE,1000,1000,1000,1.5,1000,1,5
929,l,TRUE,0.05,09:16,15:10,15:15,15,0,1.5,-100,100,40,2,0,1000,15,-7,-4,0,1000,TRUE,1000,1000,1000,1.5,1000,1,5
930,l,TRUE,0.05,09:16,15:10,15:15,15,0,1.5,-100,100,40,2,0,1000,15,-7,-5,0,1000,TRUE,1000,1000,1000,1.5,1000,1,5
931,l,TRUE,0.05,09:16,15:10,15:15,15,0,1.5,-100,100,40,2,0,1000,15,-7,-6,0,1000,TRUE,1000,1000,1000,1.5,1000,1,5
932,l,TRUE,0.05,09:16,15:10,15:15,15,0,1.5,-100,100,40,2,0,1000,20,-7,0,0,1000,TRUE,1000,1000,1000,1.5,1000,1,5
933,l,TRUE,0.05,09:16,15:10,15:15,15,0,1.5,-100,100,40,2,0,1000,20,-7,-1,0,1000,TRUE,1000,1000,1000,1.5,1000,1,5
934,l,TRUE,0.05,09:16,15:10,15:15,15,0,1.5,-100,100,40,2,0,1000,20,-7,-2,0,1000,TRUE,1000,1000,1000,1.5,1000,1,5
935,l,TRUE,0.05,09:16,15:10,15:15,15,0,1.5,-100,100,40,2,0,1000,20,-7,-3,0,1000,TRUE,1000,1000,1000,1.5,1000,1,5
936,l,TRUE,0.05,09:16,15:10,15:15,15,0,1.5,-100,100,40,2,0,1000,20,-7,-4,0,1000,TRUE,1000,1000,1000,1.5,1000,1,5
937,l,TRUE,0.05,09:16,15:10,15:15,15,0,1.5,-100,100,40,2,0,1000,20,-7,-5,0,1000,TRUE,1000,1000,1000,1.5,1000,1,5
938,l,TRUE,0.05,09:16,15:10,15:15,15,0,1.5,-100,100,40,2,0,1000,20,-7,-6,0,1000,TRUE,1000,1000,1000,1.5,1000,1,5
939,l,TRUE,0.05,09:16,15:10,15:15,15,0,1.5,-100,100,40,2,0,1000,30,-7,0,0,1000,TRUE,1000,1000,1000,1.5,1000,1,5
940,l,TRUE,0.05,09:16,15:10,15:15,15,0,1.5,-100,100,40,2,0,1000,30,-7,-1,0,1000,TRUE,1000,1000,1000,1.5,1000,1,5
941,l,TRUE,0.05,09:16,15:10,15:15,15,0,1.5,-100,100,40,2,0,1000,30,-7,-2,0,1000,TRUE,1000,1000,1000,1.5,1000,1,5
942,l,TRUE,0.05,09:16,15:10,15:15,15,0,1.5,-100,100,40,2,0,1000,30,-7,-3,0,1000,TRUE,1000,1000,1000,1.5,1000,1,5
943,l,TRUE,0.05,09:16,15:10,15:15,15,0,1.5,-100,100,40,2,0,1000,30,-7,-4,0,1000,TRUE,1000,1000,1000,1.5,1000,1,5
944,l,TRUE,0.05,09:16,15:10,15:15,15,0,1.5,-100,100,40,2,0,1000,30,-7,-5,0,1000,TRUE,1000,1000,1000,1.5,1000,1,5
945,l,TRUE,0.05,09:16,15:10,15:15,15,0,1.5,-100,100,40,2,0,1000,30,-7,-6,0,1000,TRUE,1000,1000,1000,1.5,1000,1,5
946,l,TRUE,0.05,09:16,15:10,15:15,15,0,1.5,-100,100,40,3,0,1000,15,-7,0,0,1000,TRUE,1000,1000,1000,1.5,1000,1,5
947,l,TRUE,0.05,09:16,15:10,15:15,15,0,1.5,-100,100,40,3,0,1000,15,-7,-1,0,1000,TRUE,1000,1000,1000,1.5,1000,1,5
948,l,TRUE,0.05,09:16,15:10,15:15,15,0,1.5,-100,100,40,3,0,1000,15,-7,-2,0,1000,TRUE,1000,1000,1000,1.5,1000,1,5
949,l,TRUE,0.05,09:16,15:10,15:15,15,0,1.5,-100,100,40,3,0,1000,15,-7,-3,0,1000,TRUE,1000,1000,1000,1.5,1000,1,5
950,l,TRUE,0.05,09:16,15:10,15:15,15,0,1.5,-100,100,40,3,0,1000,15,-7,-4,0,1000,TRUE,1000,1000,1000,1.5,1000,1,5
951,l,TRUE,0.05,09:16,15:10,15:15,15,0,1.5,-100,100,40,3,0,1000,15,-7,-5,0,1000,TRUE,1000,1000,1000,1.5,1000,1,5
952,l,TRUE,0.05,09:16,15:10,15:15,15,0,1.5,-100,100,40,3,0,1000,15,-7,-6,0,1000,TRUE,1000,1000,1000,1.5,1000,1,5
953,l,TRUE,0.05,09:16,15:10,15:15,15,0,1.5,-100,100,40,3,0,1000,20,-7,0,0,1000,TRUE,1000,1000,1000,1.5,1000,1,5
954,l,TRUE,0.05,09:16,15:10,15:15,15,0,1.5,-100,100,40,3,0,1000,20,-7,-1,0,1000,TRUE,1000,1000,1000,1.5,1000,1,5
955,l,TRUE,0.05,09:16,15:10,15:15,15,0,1.5,-100,100,40,3,0,1000,20,-7,-2,0,1000,TRUE,1000,1000,1000,1.5,1000,1,5
956,l,TRUE,0.05,09:16,15:10,15:15,15,0,1.5,-100,100,40,3,0,1000,20,-7,-3,0,1000,TRUE,1000,1000,1000,1.5,1000,1,5
957,l,TRUE,0.05,09:16,15:10,15:15,15,0,1.5,-100,100,40,3,0,1000,20,-7,-4,0,1000,TRUE,1000,1000,1000,1.5,1000,1,5
958,l,TRUE,0.05,09:16,15:10,15:15,15,0,1.5,-100,100,40,3,0,1000,20,-7,-5,0,1000,TRUE,1000,1000,1000,1.5,1000,1,5
959,l,TRUE,0.05,09:16,15:10,15:15,15,0,1.5,-100,100,40,3,0,1000,20,-7,-6,0,1000,TRUE,1000,1000,1000,1.5,1000,1,5
960,l,TRUE,0.05,09:16,15:10,15:15,15,0,1.5,-100,100,40,3,0,1000,30,-7,0,0,1000,TRUE,1000,1000,1000,1.5,1000,1,5
961,l,TRUE,0.05,09:16,15:10,15:15,15,0,1.5,-100,100,40,3,0,1000,30,-7,-1,0,1000,TRUE,1000,1000,1000,1.5,1000,1,5
962,l,TRUE,0.05,09:16,15:10,15:15,15,0,1.5,-100,100,40,3,0,1000,30,-7,-2,0,1000,TRUE,1000,1000,1000,1.5,1000,1,5
963,l,TRUE,0.05,09:16,15:10,15:15,15,0,1.5,-100,100,40,3,0,1000,30,-7,-3,0,1000,TRUE,1000,1000,1000,1.5,1000,1,5
964,l,TRUE,0.05,09:16,15:10,15:15,15,0,1.5,-100,100,40,3,0,1000,30,-7,-4,0,1000,TRUE,1000,1000,1000,1.5,1000,1,5
965,l,TRUE,0.05,09:16,15:10,15:15,15,0,1.5,-100,100,40,3,0,1000,30,-7,-5,0,1000,TRUE,1000,1000,1000,1.5,1000,1,5
966,l,TRUE,0.05,09:16,15:10,15:15,15,0,1.5,-100,100,40,3,0,1000,30,-7,-6,0,1000,TRUE,1000,1000,1000,1.5,1000,1,5
967,l,TRUE,0.05,09:16,15:10,15:15,15,0,1.5,-100,100,50,2,0,1000,15,-7,0,0,1000,TRUE,1000,1000,1000,1.5,1000,1,5
968,l,TRUE,0.05,09:16,15:10,15:15,15,0,1.5,-100,100,50,2,0,1000,15,-7,-1,0,1000,TRUE,1000,1000,1000,1.5,1000,1,5
969,l,TRUE,0.05,09:16,15:10,15:15,15,0,1.5,-100,100,50,2,0,1000,15,-7,-2,0,1000,TRUE,1000,1000,1000,1.5,1000,1,5
970,l,TRUE,0.05,09:16,15:10,15:15,15,0,1.5,-100,100,50,2,0,1000,15,-7,-3,0,1000,TRUE,1000,1000,1000,1.5,1000,1,5
971,l,TRUE,0.05,09:16,15:10,15:15,15,0,1.5,-100,100,50,2,0,1000,15,-7,-4,0,1000,TRUE,1000,1000,1000,1.5,1000,1,5
972,l,TRUE,0.05,09:16,15:10,15:15,15,0,1.5,-100,100,50,2,0,1000,15,-7,-5,0,1000,TRUE,1000,1000,1000,1.5,1000,1,5
973,l,TRUE,0.05,09:16,15:10,15:15,15,0,1.5,-100,100,50,2,0,1000,15,-7,-6,0,1000,TRUE,1000,1000,1000,1.5,1000,1,5
974,l,TRUE,0.05,09:16,15:10,15:15,15,0,1.5,-100,100,50,2,0,1000,20,-7,0,0,1000,TRUE,1000,1000,1000,1.5,1000,1,5
975,l,TRUE,0.05,09:16,15:10,15:15,15,0,1.5,-100,100,50,2,0,1000,20,-7,-1,0,1000,TRUE,1000,1000,1000,1.5,1000,1,5
976,l,TRUE,0.05,09:16,15:10,15:15,15,0,1.5,-100,100,50,2,0,1000,20,-7,-2,0,1000,TRUE,1000,1000,1000,1.5,1000,1,5
977,l,TRUE,0.05,09:16,15:10,15:15,15,0,1.5,-100,100,50,2,0,1000,20,-7,-3,0,1000,TRUE,1000,1000,1000,1.5,1000,1,5
978,l,TRUE,0.05,09:16,15:10,15:15,15,0,1.5,-100,100,50,2,0,1000,20,-7,-4,0,1000,TRUE,1000,1000,1000,1.5,1000,1,5
979,l,TRUE,0.05,09:16,15:10,15:15,15,0,1.5,-100,100,50,2,0,1000,20,-7,-5,0,1000,TRUE,1000,1000,1000,1.5,1000,1,5
980,l,TRUE,0.05,09:16,15:10,15:15,15,0,1.5,-100,100,50,2,0,1000,20,-7,-6,0,1000,TRUE,1000,1000,1000,1.5,1000,1,5
981,l,TRUE,0.05,09:16,15:10,15:15,15,0,1.5,-100,100,50,2,0,1000,30,-7,0,0,1000,TRUE,1000,1000,1000,1.5,1000,1,5
982,l,TRUE,0.05,09:16,15:10,15:15,15,0,1.5,-100,100,50,2,0,1000,30,-7,-1,0,1000,TRUE,1000,1000,1000,1.5,1000,1,5
983,l,TRUE,0.05,09:16,15:10,15:15,15,0,1.5,-100,100,50,2,0,1000,30,-7,-2,0,1000,TRUE,1000,1000,1000,1.5,1000,1,5
984,l,TRUE,0.05,09:16,15:10,15:15,15,0,1.5,-100,100,50,2,0,1000,30,-7,-3,0,1000,TRUE,1000,1000,1000,1.5,1000,1,5
985,l,TRUE,0.05,09:16,15:10,15:15,15,0,1.5,-100,100,50,2,0,1000,30,-7,-4,0,1000,TRUE,1000,1000,1000,1.5,1000,1,5
986,l,TRUE,0.05,09:16,15:10,15:15,15,0,1.5,-100,100,50,2,0,1000,30,-7,-5,0,1000,TRUE,1000,1000,1000,1.5,1000,1,5
987,l,TRUE,0.05,09:16,15:10,15:15,15,0,1.5,-100,100,50,2,0,1000,30,-7,-6,0,1000,TRUE,1000,1000,1000,1.5,1000,1,5
988,l,TRUE,0.05,09:16,15:10,15:15,15,0,1.5,-100,100,50,3,0,1000,15,-7,0,0,1000,TRUE,1000,1000,1000,1.5,1000,1,5
989,l,TRUE,0.05,09:16,15:10,15:15,15,0,1.5,-100,100,50,3,0,1000,15,-7,-1,0,1000,TRUE,1000,1000,1000,1.5,1000,1,5
990,l,TRUE,0.05,09:16,15:10,15:15,15,0,1.5,-100,100,50,3,0,1000,15,-7,-2,0,1000,TRUE,1000,1000,1000,1.5,1000,1,5
991,l,TRUE,0.05,09:16,15:10,15:15,15,0,1.5,-100,100,50,3,0,1000,15,-7,-3,0,1000,TRUE,1000,1000,1000,1.5,1000,1,5
992,l,TRUE,0.05,09:16,15:10,15:15,15,0,1.5,-100,100,50,3,0,1000,15,-7,-4,0,1000,TRUE,1000,1000,1000,1.5,1000,1,5
993,l,TRUE,0.05,09:16,15:10,15:15,15,0,1.5,-100,100,50,3,0,1000,15,-7,-5,0,1000,TRUE,1000,1000,1000,1.5,1000,1,5
994,l,TRUE,0.05,09:16,15:10,15:15,15,0,1.5,-100,100,50,3,0,1000,15,-7,-6,0,1000,TRUE,1000,1000,1000,1.5,1000,1,5
995,l,TRUE,0.05,09:16,15:10,15:15,15,0,1.5,-100,100,50,3,0,1000,20,-7,0,0,1000,TRUE,1000,1000,1000,1.5,1000,1,5
996,l,TRUE,0.05,09:16,15:10,15:15,15,0,1.5,-100,100,50,3,0,1000,20,-7,-1,0,1000,TRUE,1000,1000,1000,1.5,1000,1,5
997,l,TRUE,0.05,09:16,15:10,15:15,15,0,1.5,-100,100,50,3,0,1000,20,-7,-2,0,1000,TRUE,1000,1000,1000,1.5,1000,1,5
998,l,TRUE,0.05,09:16,15:10,15:15,15,0,1.5,-100,100,50,3,0,1000,20,-7,-3,0,1000,TRUE,1000,1000,1000,1.5,1000,1,5
999,l,TRUE,0.05,09:16,15:10,15:15,15,0,1.5,-100,100,50,3,0,1000,20,-7,-4,0,1000,TRUE,1000,1000,1000,1.5,1000,1,5
1000,l,TRUE,0.05,09:16,15:10,15:15,15,0,1.5,-100,100,50,3,0,1000,20,-7,-5,0,1000,TRUE,1000,1000,1000,1.5,1000,1,5
1001,l,TRUE,0.05,09:16,15:10,15:15,15,0,1.5,-100,100,50,3,0,1000,20,-7,-6,0,1000,TRUE,1000,1000,1000,1.5,1000,1,5
1002,l,TRUE,0.05,09:16,15:10,15:15,15,0,1.5,-100,100,50,3,0,1000,30,-7,0,0,1000,TRUE,1000,1000,1000,1.5,1000,1,5
1003,l,TRUE,0.05,09:16,15:10,15:15,15,0,1.5,-100,100,50,3,0,1000,30,-7,-1,0,1000,TRUE,1000,1000,1000,1.5,1000,1,5
1004,l,TRUE,0.05,09:16,15:10,15:15,15,0,1.5,-100,100,50,3,0,1000,30,-7,-2,0,1000,TRUE,1000,1000,1000,1.5,1000,1,5
1005,l,TRUE,0.05,09:16,15:10,15:15,15,0,1.5,-100,100,50,3,0,1000,30,-7,-3,0,1000,TRUE,1000,1000,1000,1.5,1000,1,5
1006,l,TRUE,0.05,09:16,15:10,15:15,15,0,1.5,-100,100,50,3,0,1000,30,-7,-4,0,1000,TRUE,1000,1000,1000,1.5,1000,1,5
1007,l,TRUE,0.05,09:16,15:10,15:15,15,0,1.5,-100,100,50,3,0,1000,30,-7,-5,0,1000,TRUE,1000,1000,1000,1.5,1000,1,5
1008,l,TRUE,0.05,09:16,15:10,15:15,15,0,1.5,-100,100,50,3,0,1000,30,-7,-6,0,1000,TRUE,1000,1000,1000,1.5,1000,1,5
1009,l,TRUE,0.05,09:16,15:10,15:15,15,0,1.5,-100,100,60,2,0,1000,15,-7,0,0,1000,TRUE,1000,1000,1000,1.5,1000,1,5
1010,l,TRUE,0.05,09:16,15:10,15:15,15,0,1.5,-100,100,60,2,0,1000,15,-7,-1,0,1000,TRUE,1000,1000,1000,1.5,1000,1,5
1011,l,TRUE,0.05,09:16,15:10,15:15,15,0,1.5,-100,100,60,2,0,1000,15,-7,-2,0,1000,TRUE,1000,1000,1000,1.5,1000,1,5
1012,l,TRUE,0.05,09:16,15:10,15:15,15,0,1.5,-100,100,60,2,0,1000,15,-7,-3,0,1000,TRUE,1000,1000,1000,1.5,1000,1,5
1013,l,TRUE,0.05,09:16,15:10,15:15,15,0,1.5,-100,100,60,2,0,1000,15,-7,-4,0,1000,TRUE,1000,1000,1000,1.5,1000,1,5
1014,l,TRUE,0.05,09:16,15:10,15:15,15,0,1.5,-100,100,60,2,0,1000,15,-7,-5,0,1000,TRUE,1000,1000,1000,1.5,1000,1,5
1015,l,TRUE,0.05,09:16,15:10,15:15,15,0,1.5,-100,100,60,2,0,1000,15,-7,-6,0,1000,TRUE,1000,1000,1000,1.5,1000,1,5
1016,l,TRUE,0.05,09:16,15:10,15:15,15,0,1.5,-100,100,60,2,0,1000,20,-7,0,0,1000,TRUE,1000,1000,1000,1.5,1000,1,5
1017,l,TRUE,0.05,09:16,15:10,15:15,15,0,1.5,-100,100,60,2,0,1000,20,-7,-1,0,1000,TRUE,1000,1000,1000,1.5,1000,1,5
1018,l,TRUE,0.05,09:16,15:10,15:15,15,0,1.5,-100,100,60,2,0,1000,20,-7,-2,0,1000,TRUE,1000,1000,1000,1.5,1000,1,5
1019,l,TRUE,0.05,09:16,15:10,15:15,15,0,1.5,-100,100,60,2,0,1000,20,-7,-3,0,1000,TRUE,1000,1000,1000,1.5,1000,1,5
1020,l,TRUE,0.05,09:16,15:10,15:15,15,0,1.5,-100,100,60,2,0,1000,20,-7,-4,0,1000,TRUE,1000,1000,1000,1.5,1000,1,5
1021,l,TRUE,0.05,09:16,15:10,15:15,15,0,1.5,-100,100,60,2,0,1000,20,-7,-5,0,1000,TRUE,1000,1000,1000,1.5,1000,1,5
1022,l,TRUE,0.05,09:16,15:10,15:15,15,0,1.5,-100,100,60,2,0,1000,20,-7,-6,0,1000,TRUE,1000,1000,1000,1.5,1000,1,5
1023,l,TRUE,0.05,09:16,15:10,15:15,15,0,1.5,-100,100,60,2,0,1000,30,-7,0,0,1000,TRUE,1000,1000,1000,1.5,1000,1,5
1024,l,TRUE,0.05,09:16,15:10,15:15,15,0,1.5,-100,100,60,2,0,1000,30,-7,-1,0,1000,TRUE,1000,1000,1000,1.5,1000,1,5
1025,l,TRUE,0.05,09:16,15:10,15:15,15,0,1.5,-100,100,60,2,0,1000,30,-7,-2,0,1000,TRUE,1000,1000,1000,1.5,1000,1,5
1026,l,TRUE,0.05,09:16,15:10,15:15,15,0,1.5,-100,100,60,2,0,1000,30,-7,-3,0,1000,TRUE,1000,1000,1000,1.5,1000,1,5
1027,l,TRUE,0.05,09:16,15:10,15:15,15,0,1.5,-100,100,60,2,0,1000,30,-7,-4,0,1000,TRUE,1000,1000,1000,1.5,1000,1,5
1028,l,TRUE,0.05,09:16,15:10,15:15,15,0,1.5,-100,100,60,2,0,1000,30,-7,-5,0,1000,TRUE,1000,1000,1000,1.5,1000,1,5
1029,l,TRUE,0.05,09:16,15:10,15:15,15,0,1.5,-100,100,60,2,0,1000,30,-7,-6,0,1000,TRUE,1000,1000,1000,1.5,1000,1,5
1030,l,TRUE,0.05,09:16,15:10,15:15,15,0,1.5,-100,100,60,3,0,1000,15,-7,0,0,1000,TRUE,1000,1000,1000,1.5,1000,1,5
1031,l,TRUE,0.05,09:16,15:10,15:15,15,0,1.5,-100,100,60,3,0,1000,15,-7,-1,0,1000,TRUE,1000,1000,1000,1.5,1000,1,5
1032,l,TRUE,0.05,09:16,15:10,15:15,15,0,1.5,-100,100,60,3,0,1000,15,-7,-2,0,1000,TRUE,1000,1000,1000,1.5,1000,1,5
1033,l,TRUE,0.05,09:16,15:10,15:15,15,0,1.5,-100,100,60,3,0,1000,15,-7,-3,0,1000,TRUE,1000,1000,1000,1.5,1000,1,5
1034,l,TRUE,0.05,09:16,15:10,15:15,15,0,1.5,-100,100,60,3,0,1000,15,-7,-4,0,1000,TRUE,1000,1000,1000,1.5,1000,1,5
1035,l,TRUE,0.05,09:16,15:10,15:15,15,0,1.5,-100,100,60,3,0,1000,15,-7,-5,0,1000,TRUE,1000,1000,1000,1.5,1000,1,5
1036,l,TRUE,0.05,09:16,15:10,15:15,15,0,1.5,-100,100,60,3,0,1000,15,-7,-6,0,1000,TRUE,1000,1000,1000,1.5,1000,1,5
1037,l,TRUE,0.05,09:16,15:10,15:15,15,0,1.5,-100,100,60,3,0,1000,20,-7,0,0,1000,TRUE,1000,1000,1000,1.5,1000,1,5
1038,l,TRUE,0.05,09:16,15:10,15:15,15,0,1.5,-100,100,60,3,0,1000,20,-7,-1,0,1000,TRUE,1000,1000,1000,1.5,1000,1,5
1039,l,TRUE,0.05,09:16,15:10,15:15,15,0,1.5,-100,100,60,3,0,1000,20,-7,-2,0,1000,TRUE,1000,1000,1000,1.5,1000,1,5
1040,l,TRUE,0.05,09:16,15:10,15:15,15,0,1.5,-100,100,60,3,0,1000,20,-7,-3,0,1000,TRUE,1000,1000,1000,1.5,1000,1,5
1041,l,TRUE,0.05,09:16,15:10,15:15,15,0,1.5,-100,100,60,3,0,1000,20,-7,-4,0,1000,TRUE,1000,1000,1000,1.5,1000,1,5
1042,l,TRUE,0.05,09:16,15:10,15:15,15,0,1.5,-100,100,60,3,0,1000,20,-7,-5,0,1000,TRUE,1000,1000,1000,1.5,1000,1,5
1043,l,TRUE,0.05,09:16,15:10,15:15,15,0,1.5,-100,100,60,3,0,1000,20,-7,-6,0,1000,TRUE,1000,1000,1000,1.5,1000,1,5
1044,l,TRUE,0.05,09:16,15:10,15:15,15,0,1.5,-100,100,60,3,0,1000,30,-7,0,0,1000,TRUE,1000,1000,1000,1.5,1000,1,5
1045,l,TRUE,0.05,09:16,15:10,15:15,15,0,1.5,-100,100,60,3,0,1000,30,-7,-1,0,1000,TRUE,1000,1000,1000,1.5,1000,1,5
1046,l,TRUE,0.05,09:16,15:10,15:15,15,0,1.5,-100,100,60,3,0,1000,30,-7,-2,0,1000,TRUE,1000,1000,1000,1.5,1000,1,5
1047,l,TRUE,0.05,09:16,15:10,15:15,15,0,1.5,-100,100,60,3,0,1000,30,-7,-3,0,1000,TRUE,1000,1000,1000,1.5,1000,1,5
1048,l,TRUE,0.05,09:16,15:10,15:15,15,0,1.5,-100,100,60,3,0,1000,30,-7,-4,0,1000,TRUE,1000,1000,1000,1.5,1000,1,5
1049,l,TRUE,0.05,09:16,15:10,15:15,15,0,1.5,-100,100,60,3,0,1000,30,-7,-5,0,1000,TRUE,1000,1000,1000,1.5,1000,1,5
1050,l,TRUE,0.05,09:16,15:10,15:15,15,0,1.5,-100,100,60,3,0,1000,30,-7,-6,0,1000,TRUE,1000,1000,1000,1.5,1000,1,5
1051,l,TRUE,0.05,09:16,15:10,15:15,15,0,1.5,-100,100,20,2,0,1000,15,-10,0,0,1000,TRUE,1000,1000,1000,1.5,1000,1,5
1052,l,TRUE,0.05,09:16,15:10,15:15,15,0,1.5,-100,100,20,2,0,1000,15,-10,-1,0,1000,TRUE,1000,1000,1000,1.5,1000,1,5
1053,l,TRUE,0.05,09:16,15:10,15:15,15,0,1.5,-100,100,20,2,0,1000,15,-10,-2,0,1000,TRUE,1000,1000,1000,1.5,1000,1,5
1054,l,TRUE,0.05,09:16,15:10,15:15,15,0,1.5,-100,100,20,2,0,1000,15,-10,-3,0,1000,TRUE,1000,1000,1000,1.5,1000,1,5
1055,l,TRUE,0.05,09:16,15:10,15:15,15,0,1.5,-100,100,20,2,0,1000,15,-10,-4,0,1000,TRUE,1000,1000,1000,1.5,1000,1,5
1056,l,TRUE,0.05,09:16,15:10,15:15,15,0,1.5,-100,100,20,2,0,1000,15,-10,-5,0,1000,TRUE,1000,1000,1000,1.5,1000,1,5
1057,l,TRUE,0.05,09:16,15:10,15:15,15,0,1.5,-100,100,20,2,0,1000,15,-10,-6,0,1000,TRUE,1000,1000,1000,1.5,1000,1,5
1058,l,TRUE,0.05,09:16,15:10,15:15,15,0,1.5,-100,100,20,2,0,1000,15,-10,-7,0,1000,TRUE,1000,1000,1000,1.5,1000,1,5
1059,l,TRUE,0.05,09:16,15:10,15:15,15,0,1.5,-100,100,20,2,0,1000,15,-10,-8,0,1000,TRUE,1000,1000,1000,1.5,1000,1,5
1060,l,TRUE,0.05,09:16,15:10,15:15,15,0,1.5,-100,100,20,2,0,1000,15,-10,-9,0,1000,TRUE,1000,1000,1000,1.5,1000,1,5
1061,l,TRUE,0.05,09:16,15:10,15:15,15,0,1.5,-100,100,20,2,0,1000,20,-10,0,0,1000,TRUE,1000,1000,1000,1.5,1000,1,5
1062,l,TRUE,0.05,09:16,15:10,15:15,15,0,1.5,-100,100,20,2,0,1000,20,-10,-1,0,1000,TRUE,1000,1000,1000,1.5,1000,1,5
1063,l,TRUE,0.05,09:16,15:10,15:15,15,0,1.5,-100,100,20,2,0,1000,20,-10,-2,0,1000,TRUE,1000,1000,1000,1.5,1000,1,5
1064,l,TRUE,0.05,09:16,15:10,15:15,15,0,1.5,-100,100,20,2,0,1000,20,-10,-3,0,1000,TRUE,1000,1000,1000,1.5,1000,1,5
1065,l,TRUE,0.05,09:16,15:10,15:15,15,0,1.5,-100,100,20,2,0,1000,20,-10,-4,0,1000,TRUE,1000,1000,1000,1.5,1000,1,5
1066,l,TRUE,0.05,09:16,15:10,15:15,15,0,1.5,-100,100,20,2,0,1000,20,-10,-5,0,1000,TRUE,1000,1000,1000,1.5,1000,1,5
1067,l,TRUE,0.05,09:16,15:10,15:15,15,0,1.5,-100,100,20,2,0,1000,20,-10,-6,0,1000,TRUE,1000,1000,1000,1.5,1000,1,5
1068,l,TRUE,0.05,09:16,15:10,15:15,15,0,1.5,-100,100,20,2,0,1000,20,-10,-7,0,1000,TRUE,1000,1000,1000,1.5,1000,1,5
1069,l,TRUE,0.05,09:16,15:10,15:15,15,0,1.5,-100,100,20,2,0,1000,20,-10,-8,0,1000,TRUE,1000,1000,1000,1.5,1000,1,5
1070,l,TRUE,0.05,09:16,15:10,15:15,15,0,1.5,-100,100,20,2,0,1000,20,-10,-9,0,1000,TRUE,1000,1000,1000,1.5,1000,1,5
1071,l,TRUE,0.05,09:16,15:10,15:15,15,0,1.5,-100,100,20,2,0,1000,30,-10,0,0,1000,TRUE,1000,1000,1000,1.5,1000,1,5
1072,l,TRUE,0.05,09:16,15:10,15:15,15,0,1.5,-100,100,20,2,0,1000,30,-10,-1,0,1000,TRUE,1000,1000,1000,1.5,1000,1,5
1073,l,TRUE,0.05,09:16,15:10,15:15,15,0,1.5,-100,100,20,2,0,1000,30,-10,-2,0,1000,TRUE,1000,1000,1000,1.5,1000,1,5
1074,l,TRUE,0.05,09:16,15:10,15:15,15,0,1.5,-100,100,20,2,0,1000,30,-10,-3,0,1000,TRUE,1000,1000,1000,1.5,1000,1,5
1075,l,TRUE,0.05,09:16,15:10,15:15,15,0,1.5,-100,100,20,2,0,1000,30,-10,-4,0,1000,TRUE,1000,1000,1000,1.5,1000,1,5
1076,l,TRUE,0.05,09:16,15:10,15:15,15,0,1.5,-100,100,20,2,0,1000,30,-10,-5,0,1000,TRUE,1000,1000,1000,1.5,1000,1,5
1077,l,TRUE,0.05,09:16,15:10,15:15,15,0,1.5,-100,100,20,2,0,1000,30,-10,-6,0,1000,TRUE,1000,1000,1000,1.5,1000,1,5
1078,l,TRUE,0.05,09:16,15:10,15:15,15,0,1.5,-100,100,20,2,0,1000,30,-10,-7,0,1000,TRUE,1000,1000,1000,1.5,1000,1,5
1079,l,TRUE,0.05,09:16,15:10,15:15,15,0,1.5,-100,100,20,2,0,1000,30,-10,-8,0,1000,TRUE,1000,1000,1000,1.5,1000,1,5
1080,l,TRUE,0.05,09:16,15:10,15:15,15,0,1.5,-100,100,20,2,0,1000,30,-10,-9,0,1000,TRUE,1000,1000,1000,1.5,1000,1,5
1081,l,TRUE,0.05,09:16,15:10,15:15,15,0,1.5,-100,100,20,3,0,1000,15,-10,0,0,1000,TRUE,1000,1000,1000,1.5,1000,1,5
1082,l,TRUE,0.05,09:16,15:10,15:15,15,0,1.5,-100,100,20,3,0,1000,15,-10,-1,0,1000,TRUE,1000,1000,1000,1.5,1000,1,5
1083,l,TRUE,0.05,09:16,15:10,15:15,15,0,1.5,-100,100,20,3,0,1000,15,-10,-2,0,1000,TRUE,1000,1000,1000,1.5,1000,1,5
1084,l,TRUE,0.05,09:16,15:10,15:15,15,0,1.5,-100,100,20,3,0,1000,15,-10,-3,0,1000,TRUE,1000,1000,1000,1.5,1000,1,5
1085,l,TRUE,0.05,09:16,15:10,15:15,15,0,1.5,-100,100,20,3,0,1000,15,-10,-4,0,1000,TRUE,1000,1000,1000,1.5,1000,1,5
1086,l,TRUE,0.05,09:16,15:10,15:15,15,0,1.5,-100,100,20,3,0,1000,15,-10,-5,0,1000,TRUE,1000,1000,1000,1.5,1000,1,5
1087,l,TRUE,0.05,09:16,15:10,15:15,15,0,1.5,-100,100,20,3,0,1000,15,-10,-6,0,1000,TRUE,1000,1000,1000,1.5,1000,1,5
1088,l,TRUE,0.05,09:16,15:10,15:15,15,0,1.5,-100,100,20,3,0,1000,15,-10,-7,0,1000,TRUE,1000,1000,1000,1.5,1000,1,5
1089,l,TRUE,0.05,09:16,15:10,15:15,15,0,1.5,-100,100,20,3,0,1000,15,-10,-8,0,1000,TRUE,1000,1000,1000,1.5,1000,1,5
1090,l,TRUE,0.05,09:16,15:10,15:15,15,0,1.5,-100,100,20,3,0,1000,15,-10,-9,0,1000,TRUE,1000,1000,1000,1.5,1000,1,5
1091,l,TRUE,0.05,09:16,15:10,15:15,15,0,1.5,-100,100,20,3,0,1000,20,-10,0,0,1000,TRUE,1000,1000,1000,1.5,1000,1,5
1092,l,TRUE,0.05,09:16,15:10,15:15,15,0,1.5,-100,100,20,3,0,1000,20,-10,-1,0,1000,TRUE,1000,1000,1000,1.5,1000,1,5
1093,l,TRUE,0.05,09:16,15:10,15:15,15,0,1.5,-100,100,20,3,0,1000,20,-10,-2,0,1000,TRUE,1000,1000,1000,1.5,1000,1,5
1094,l,TRUE,0.05,09:16,15:10,15:15,15,0,1.5,-100,100,20,3,0,1000,20,-10,-3,0,1000,TRUE,1000,1000,1000,1.5,1000,1,5
1095,l,TRUE,0.05,09:16,15:10,15:15,15,0,1.5,-100,100,20,3,0,1000,20,-10,-4,0,1000,TRUE,1000,1000,1000,1.5,1000,1,5
1096,l,TRUE,0.05,09:16,15:10,15:15,15,0,1.5,-100,100,20,3,0,1000,20,-10,-5,0,1000,TRUE,1000,1000,1000,1.5,1000,1,5
1097,l,TRUE,0.05,09:16,15:10,15:15,15,0,1.5,-100,100,20,3,0,1000,20,-10,-6,0,1000,TRUE,1000,1000,1000,1.5,1000,1,5
1098,l,TRUE,0.05,09:16,15:10,15:15,15,0,1.5,-100,100,20,3,0,1000,20,-10,-7,0,1000,TRUE,1000,1000,1000,1.5,1000,1,5
1099,l,TRUE,0.05,09:16,15:10,15:15,15,0,1.5,-100,100,20,3,0,1000,20,-10,-8,0,1000,TRUE,1000,1000,1000,1.5,1000,1,5
1100,l,TRUE,0.05,09:16,15:10,15:15,15,0,1.5,-100,100,20,3,0,1000,20,-10,-9,0,1000,TRUE,1000,1000,1000,1.5,1000,1,5
1101,l,TRUE,0.05,09:16,15:10,15:15,15,0,1.5,-100,100,20,3,0,1000,30,-10,0,0,1000,TRUE,1000,1000,1000,1.5,1000,1,5
1102,l,TRUE,0.05,09:16,15:10,15:15,15,0,1.5,-100,100,20,3,0,1000,30,-10,-1,0,1000,TRUE,1000,1000,1000,1.5,1000,1,5
1103,l,TRUE,0.05,09:16,15:10,15:15,15,0,1.5,-100,100,20,3,0,1000,30,-10,-2,0,1000,TRUE,1000,1000,1000,1.5,1000,1,5
1104,l,TRUE,0.05,09:16,15:10,15:15,15,0,1.5,-100,100,20,3,0,1000,30,-10,-3,0,1000,TRUE,1000,1000,1000,1.5,1000,1,5
1105,l,TRUE,0.05,09:16,15:10,15:15,15,0,1.5,-100,100,20,3,0,1000,30,-10,-4,0,1000,TRUE,1000,1000,1000,1.5,1000,1,5
1106,l,TRUE,0.05,09:16,15:10,15:15,15,0,1.5,-100,100,20,3,0,1000,30,-10,-5,0,1000,TRUE,1000,1000,1000,1.5,1000,1,5
1107,l,TRUE,0.05,09:16,15:10,15:15,15,0,1.5,-100,100,20,3,0,1000,30,-10,-6,0,1000,TRUE,1000,1000,1000,1.5,1000,1,5
1108,l,TRUE,0.05,09:16,15:10,15:15,15,0,1.5,-100,100,20,3,0,1000,30,-10,-7,0,1000,TRUE,1000,1000,1000,1.5,1000,1,5
1109,l,TRUE,0.05,09:16,15:10,15:15,15,0,1.5,-100,100,20,3,0,1000,30,-10,-8,0,1000,TRUE,1000,1000,1000,1.5,1000,1,5
1110,l,TRUE,0.05,09:16,15:10,15:15,15,0,1.5,-100,100,20,3,0,1000,30,-10,-9,0,1000,TRUE,1000,1000,1000,1.5,1000,1,5
1111,l,TRUE,0.05,09:16,15:10,15:15,15,0,1.5,-100,100,30,2,0,1000,15,-10,0,0,1000,TRUE,1000,1000,1000,1.5,1000,1,5
1112,l,TRUE,0.05,09:16,15:10,15:15,15,0,1.5,-100,100,30,2,0,1000,15,-10,-1,0,1000,TRUE,1000,1000,1000,1.5,1000,1,5
1113,l,TRUE,0.05,09:16,15:10,15:15,15,0,1.5,-100,100,30,2,0,1000,15,-10,-2,0,1000,TRUE,1000,1000,1000,1.5,1000,1,5
1114,l,TRUE,0.05,09:16,15:10,15:15,15,0,1.5,-100,100,30,2,0,1000,15,-10,-3,0,1000,TRUE,1000,1000,1000,1.5,1000,1,5
1115,l,TRUE,0.05,09:16,15:10,15:15,15,0,1.5,-100,100,30,2,0,1000,15,-10,-4,0,1000,TRUE,1000,1000,1000,1.5,1000,1,5
1116,l,TRUE,0.05,09:16,15:10,15:15,15,0,1.5,-100,100,30,2,0,1000,15,-10,-5,0,1000,TRUE,1000,1000,1000,1.5,1000,1,5
1117,l,TRUE,0.05,09:16,15:10,15:15,15,0,1.5,-100,100,30,2,0,1000,15,-10,-6,0,1000,TRUE,1000,1000,1000,1.5,1000,1,5
1118,l,TRUE,0.05,09:16,15:10,15:15,15,0,1.5,-100,100,30,2,0,1000,15,-10,-7,0,1000,TRUE,1000,1000,1000,1.5,1000,1,5
1119,l,TRUE,0.05,09:16,15:10,15:15,15,0,1.5,-100,100,30,2,0,1000,15,-10,-8,0,1000,TRUE,1000,1000,1000,1.5,1000,1,5
1120,l,TRUE,0.05,09:16,15:10,15:15,15,0,1.5,-100,100,30,2,0,1000,15,-10,-9,0,1000,TRUE,1000,1000,1000,1.5,1000,1,5
1121,l,TRUE,0.05,09:16,15:10,15:15,15,0,1.5,-100,100,30,2,0,1000,20,-10,0,0,1000,TRUE,1000,1000,1000,1.5,1000,1,5
1122,l,TRUE,0.05,09:16,15:10,15:15,15,0,1.5,-100,100,30,2,0,1000,20,-10,-1,0,1000,TRUE,1000,1000,1000,1.5,1000,1,5
1123,l,TRUE,0.05,09:16,15:10,15:15,15,0,1.5,-100,100,30,2,0,1000,20,-10,-2,0,1000,TRUE,1000,1000,1000,1.5,1000,1,5
1124,l,TRUE,0.05,09:16,15:10,15:15,15,0,1.5,-100,100,30,2,0,1000,20,-10,-3,0,1000,TRUE,1000,1000,1000,1.5,1000,1,5
1125,l,TRUE,0.05,09:16,15:10,15:15,15,0,1.5,-100,100,30,2,0,1000,20,-10,-4,0,1000,TRUE,1000,1000,1000,1.5,1000,1,5
1126,l,TRUE,0.05,09:16,15:10,15:15,15,0,1.5,-100,100,30,2,0,1000,20,-10,-5,0,1000,TRUE,1000,1000,1000,1.5,1000,1,5
1127,l,TRUE,0.05,09:16,15:10,15:15,15,0,1.5,-100,100,30,2,0,1000,20,-10,-6,0,1000,TRUE,1000,1000,1000,1.5,1000,1,5
1128,l,TRUE,0.05,09:16,15:10,15:15,15,0,1.5,-100,100,30,2,0,1000,20,-10,-7,0,1000,TRUE,1000,1000,1000,1.5,1000,1,5
1129,l,TRUE,0.05,09:16,15:10,15:15,15,0,1.5,-100,100,30,2,0,1000,20,-10,-8,0,1000,TRUE,1000,1000,1000,1.5,1000,1,5
1130,l,TRUE,0.05,09:16,15:10,15:15,15,0,1.5,-100,100,30,2,0,1000,20,-10,-9,0,1000,TRUE,1000,1000,1000,1.5,1000,1,5
1131,l,TRUE,0.05,09:16,15:10,15:15,15,0,1.5,-100,100,30,2,0,1000,30,-10,0,0,1000,TRUE,1000,1000,1000,1.5,1000,1,5
1132,l,TRUE,0.05,09:16,15:10,15:15,15,0,1.5,-100,100,30,2,0,1000,30,-10,-1,0,1000,TRUE,1000,1000,1000,1.5,1000,1,5
1133,l,TRUE,0.05,09:16,15:10,15:15,15,0,1.5,-100,100,30,2,0,1000,30,-10,-2,0,1000,TRUE,1000,1000,1000,1.5,1000,1,5
1134,l,TRUE,0.05,09:16,15:10,15:15,15,0,1.5,-100,100,30,2,0,1000,30,-10,-3,0,1000,TRUE,1000,1000,1000,1.5,1000,1,5
1135,l,TRUE,0.05,09:16,15:10,15:15,15,0,1.5,-100,100,30,2,0,1000,30,-10,-4,0,1000,TRUE,1000,1000,1000,1.5,1000,1,5
1136,l,TRUE,0.05,09:16,15:10,15:15,15,0,1.5,-100,100,30,2,0,1000,30,-10,-5,0,1000,TRUE,1000,1000,1000,1.5,1000,1,5
1137,l,TRUE,0.05,09:16,15:10,15:15,15,0,1.5,-100,100,30,2,0,1000,30,-10,-6,0,1000,TRUE,1000,1000,1000,1.5,1000,1,5
1138,l,TRUE,0.05,09:16,15:10,15:15,15,0,1.5,-100,100,30,2,0,1000,30,-10,-7,0,1000,TRUE,1000,1000,1000,1.5,1000,1,5
1139,l,TRUE,0.05,09:16,15:10,15:15,15,0,1.5,-100,100,30,2,0,1000,30,-10,-8,0,1000,TRUE,1000,1000,1000,1.5,1000,1,5
1140,l,TRUE,0.05,09:16,15:10,15:15,15,0,1.5,-100,100,30,2,0,1000,30,-10,-9,0,1000,TRUE,1000,1000,1000,1.5,1000,1,5
1141,l,TRUE,0.05,09:16,15:10,15:15,15,0,1.5,-100,100,30,3,0,1000,15,-10,0,0,1000,TRUE,1000,1000,1000,1.5,1000,1,5
1142,l,TRUE,0.05,09:16,15:10,15:15,15,0,1.5,-100,100,30,3,0,1000,15,-10,-1,0,1000,TRUE,1000,1000,1000,1.5,1000,1,5
1143,l,TRUE,0.05,09:16,15:10,15:15,15,0,1.5,-100,100,30,3,0,1000,15,-10,-2,0,1000,TRUE,1000,1000,1000,1.5,1000,1,5
1144,l,TRUE,0.05,09:16,15:10,15:15,15,0,1.5,-100,100,30,3,0,1000,15,-10,-3,0,1000,TRUE,1000,1000,1000,1.5,1000,1,5
1145,l,TRUE,0.05,09:16,15:10,15:15,15,0,1.5,-100,100,30,3,0,1000,15,-10,-4,0,1000,TRUE,1000,1000,1000,1.5,1000,1,5
1146,l,TRUE,0.05,09:16,15:10,15:15,15,0,1.5,-100,100,30,3,0,1000,15,-10,-5,0,1000,TRUE,1000,1000,1000,1.5,1000,1,5
1147,l,TRUE,0.05,09:16,15:10,15:15,15,0,1.5,-100,100,30,3,0,1000,15,-10,-6,0,1000,TRUE,1000,1000,1000,1.5,1000,1,5
1148,l,TRUE,0.05,09:16,15:10,15:15,15,0,1.5,-100,100,30,3,0,1000,15,-10,-7,0,1000,TRUE,1000,1000,1000,1.5,1000,1,5
1149,l,TRUE,0.05,09:16,15:10,15:15,15,0,1.5,-100,100,30,3,0,1000,15,-10,-8,0,1000,TRUE,1000,1000,1000,1.5,1000,1,5
1150,l,TRUE,0.05,09:16,15:10,15:15,15,0,1.5,-100,100,30,3,0,1000,15,-10,-9,0,1000,TRUE,1000,1000,1000,1.5,1000,1,5
1151,l,TRUE,0.05,09:16,15:10,15:15,15,0,1.5,-100,100,30,3,0,1000,20,-10,0,0,1000,TRUE,1000,1000,1000,1.5,1000,1,5
1152,l,TRUE,0.05,09:16,15:10,15:15,15,0,1.5,-100,100,30,3,0,1000,20,-10,-1,0,1000,TRUE,1000,1000,1000,1.5,1000,1,5
1153,l,TRUE,0.05,09:16,15:10,15:15,15,0,1.5,-100,100,30,3,0,1000,20,-10,-2,0,1000,TRUE,1000,1000,1000,1.5,1000,1,5
1154,l,TRUE,0.05,09:16,15:10,15:15,15,0,1.5,-100,100,30,3,0,1000,20,-10,-3,0,1000,TRUE,1000,1000,1000,1.5,1000,1,5
1155,l,TRUE,0.05,09:16,15:10,15:15,15,0,1.5,-100,100,30,3,0,1000,20,-10,-4,0,1000,TRUE,1000,1000,1000,1.5,1000,1,5
1156,l,TRUE,0.05,09:16,15:10,15:15,15,0,1.5,-100,100,30,3,0,1000,20,-10,-5,0,1000,TRUE,1000,1000,1000,1.5,1000,1,5
1157,l,TRUE,0.05,09:16,15:10,15:15,15,0,1.5,-100,100,30,3,0,1000,20,-10,-6,0,1000,TRUE,1000,1000,1000,1.5,1000,1,5
1158,l,TRUE,0.05,09:16,15:10,15:15,15,0,1.5,-100,100,30,3,0,1000,20,-10,-7,0,1000,TRUE,1000,1000,1000,1.5,1000,1,5
1159,l,TRUE,0.05,09:16,15:10,15:15,15,0,1.5,-100,100,30,3,0,1000,20,-10,-8,0,1000,TRUE,1000,1000,1000,1.5,1000,1,5
1160,l,TRUE,0.05,09:16,15:10,15:15,15,0,1.5,-100,100,30,3,0,1000,20,-10,-9,0,1000,TRUE,1000,1000,1000,1.5,1000,1,5
1161,l,TRUE,0.05,09:16,15:10,15:15,15,0,1.5,-100,100,30,3,0,1000,30,-10,0,0,1000,TRUE,1000,1000,1000,1.5,1000,1,5
1162,l,TRUE,0.05,09:16,15:10,15:15,15,0,1.5,-100,100,30,3,0,1000,30,-10,-1,0,1000,TRUE,1000,1000,1000,1.5,1000,1,5
1163,l,TRUE,0.05,09:16,15:10,15:15,15,0,1.5,-100,100,30,3,0,1000,30,-10,-2,0,1000,TRUE,1000,1000,1000,1.5,1000,1,5
1164,l,TRUE,0.05,09:16,15:10,15:15,15,0,1.5,-100,100,30,3,0,1000,30,-10,-3,0,1000,TRUE,1000,1000,1000,1.5,1000,1,5
1165,l,TRUE,0.05,09:16,15:10,15:15,15,0,1.5,-100,100,30,3,0,1000,30,-10,-4,0,1000,TRUE,1000,1000,1000,1.5,1000,1,5
1166,l,TRUE,0.05,09:16,15:10,15:15,15,0,1.5,-100,100,30,3,0,1000,30,-10,-5,0,1000,TRUE,1000,1000,1000,1.5,1000,1,5
1167,l,TRUE,0.05,09:16,15:10,15:15,15,0,1.5,-100,100,30,3,0,1000,30,-10,-6,0,1000,TRUE,1000,1000,1000,1.5,1000,1,5
1168,l,TRUE,0.05,09:16,15:10,15:15,15,0,1.5,-100,100,30,3,0,1000,30,-10,-7,0,1000,TRUE,1000,1000,1000,1.5,1000,1,5
1169,l,TRUE,0.05,09:16,15:10,15:15,15,0,1.5,-100,100,30,3,0,1000,30,-10,-8,0,1000,TRUE,1000,1000,1000,1.5,1000,1,5
1170,l,TRUE,0.05,09:16,15:10,15:15,15,0,1.5,-100,100,30,3,0,1000,30,-10,-9,0,1000,TRUE,1000,1000,1000,1.5,1000,1,5
1171,l,TRUE,0.05,09:16,15:10,15:15,15,0,1.5,-100,100,40,2,0,1000,15,-10,0,0,1000,TRUE,1000,1000,1000,1.5,1000,1,5
1172,l,TRUE,0.05,09:16,15:10,15:15,15,0,1.5,-100,100,40,2,0,1000,15,-10,-1,0,1000,TRUE,1000,1000,1000,1.5,1000,1,5
1173,l,TRUE,0.05,09:16,15:10,15:15,15,0,1.5,-100,100,40,2,0,1000,15,-10,-2,0,1000,TRUE,1000,1000,1000,1.5,1000,1,5
1174,l,TRUE,0.05,09:16,15:10,15:15,15,0,1.5,-100,100,40,2,0,1000,15,-10,-3,0,1000,TRUE,1000,1000,1000,1.5,1000,1,5
1175,l,TRUE,0.05,09:16,15:10,15:15,15,0,1.5,-100,100,40,2,0,1000,15,-10,-4,0,1000,TRUE,1000,1000,1000,1.5,1000,1,5
1176,l,TRUE,0.05,09:16,15:10,15:15,15,0,1.5,-100,100,40,2,0,1000,15,-10,-5,0,1000,TRUE,1000,1000,1000,1.5,1000,1,5
1177,l,TRUE,0.05,09:16,15:10,15:15,15,0,1.5,-100,100,40,2,0,1000,15,-10,-6,0,1000,TRUE,1000,1000,1000,1.5,1000,1,5
1178,l,TRUE,0.05,09:16,15:10,15:15,15,0,1.5,-100,100,40,2,0,1000,15,-10,-7,0,1000,TRUE,1000,1000,1000,1.5,1000,1,5
1179,l,TRUE,0.05,09:16,15:10,15:15,15,0,1.5,-100,100,40,2,0,1000,15,-10,-8,0,1000,TRUE,1000,1000,1000,1.5,1000,1,5
1180,l,TRUE,0.05,09:16,15:10,15:15,15,0,1.5,-100,100,40,2,0,1000,15,-10,-9,0,1000,TRUE,1000,1000,1000,1.5,1000,1,5
1181,l,TRUE,0.05,09:16,15:10,15:15,15,0,1.5,-100,100,40,2,0,1000,20,-10,0,0,1000,TRUE,1000,1000,1000,1.5,1000,1,5
1182,l,TRUE,0.05,09:16,15:10,15:15,15,0,1.5,-100,100,40,2,0,1000,20,-10,-1,0,1000,TRUE,1000,1000,1000,1.5,1000,1,5
1183,l,TRUE,0.05,09:16,15:10,15:15,15,0,1.5,-100,100,40,2,0,1000,20,-10,-2,0,1000,TRUE,1000,1000,1000,1.5,1000,1,5
1184,l,TRUE,0.05,09:16,15:10,15:15,15,0,1.5,-100,100,40,2,0,1000,20,-10,-3,0,1000,TRUE,1000,1000,1000,1.5,1000,1,5
1185,l,TRUE,0.05,09:16,15:10,15:15,15,0,1.5,-100,100,40,2,0,1000,20,-10,-4,0,1000,TRUE,1000,1000,1000,1.5,1000,1,5
1186,l,TRUE,0.05,09:16,15:10,15:15,15,0,1.5,-100,100,40,2,0,1000,20,-10,-5,0,1000,TRUE,1000,1000,1000,1.5,1000,1,5
1187,l,TRUE,0.05,09:16,15:10,15:15,15,0,1.5,-100,100,40,2,0,1000,20,-10,-6,0,1000,TRUE,1000,1000,1000,1.5,1000,1,5
1188,l,TRUE,0.05,09:16,15:10,15:15,15,0,1.5,-100,100,40,2,0,1000,20,-10,-7,0,1000,TRUE,1000,1000,1000,1.5,1000,1,5
1189,l,TRUE,0.05,09:16,15:10,15:15,15,0,1.5,-100,100,40,2,0,1000,20,-10,-8,0,1000,TRUE,1000,1000,1000,1.5,1000,1,5
1190,l,TRUE,0.05,09:16,15:10,15:15,15,0,1.5,-100,100,40,2,0,1000,20,-10,-9,0,1000,TRUE,1000,1000,1000,1.5,1000,1,5
1191,l,TRUE,0.05,09:16,15:10,15:15,15,0,1.5,-100,100,40,2,0,1000,30,-10,0,0,1000,TRUE,1000,1000,1000,1.5,1000,1,5
1192,l,TRUE,0.05,09:16,15:10,15:15,15,0,1.5,-100,100,40,2,0,1000,30,-10,-1,0,1000,TRUE,1000,1000,1000,1.5,1000,1,5
1193,l,TRUE,0.05,09:16,15:10,15:15,15,0,1.5,-100,100,40,2,0,1000,30,-10,-2,0,1000,TRUE,1000,1000,1000,1.5,1000,1,5
1194,l,TRUE,0.05,09:16,15:10,15:15,15,0,1.5,-100,100,40,2,0,1000,30,-10,-3,0,1000,TRUE,1000,1000,1000,1.5,1000,1,5
1195,l,TRUE,0.05,09:16,15:10,15:15,15,0,1.5,-100,100,40,2,0,1000,30,-10,-4,0,1000,TRUE,1000,1000,1000,1.5,1000,1,5
1196,l,TRUE,0.05,09:16,15:10,15:15,15,0,1.5,-100,100,40,2,0,1000,30,-10,-5,0,1000,TRUE,1000,1000,1000,1.5,1000,1,5
1197,l,TRUE,0.05,09:16,15:10,15:15,15,0,1.5,-100,100,40,2,0,1000,30,-10,-6,0,1000,TRUE,1000,1000,1000,1.5,1000,1,5
1198,l,TRUE,0.05,09:16,15:10,15:15,15,0,1.5,-100,100,40,2,0,1000,30,-10,-7,0,1000,TRUE,1000,1000,1000,1.5,1000,1,5
1199,l,TRUE,0.05,09:16,15:10,15:15,15,0,1.5,-100,100,40,2,0,1000,30,-10,-8,0,1000,TRUE,1000,1000,1000,1.5,1000,1,5
1200,l,TRUE,0.05,09:16,15:10,15:15,15,0,1.5,-100,100,40,2,0,1000,30,-10,-9,0,1000,TRUE,1000,1000,1000,1.5,1000,1,5
1201,l,TRUE,0.05,09:16,15:10,15:15,15,0,1.5,-100,100,40,3,0,1000,15,-10,0,0,1000,TRUE,1000,1000,1000,1.5,1000,1,5
1202,l,TRUE,0.05,09:16,15:10,15:15,15,0,1.5,-100,100,40,3,0,1000,15,-10,-1,0,1000,TRUE,1000,1000,1000,1.5,1000,1,5
1203,l,TRUE,0.05,09:16,15:10,15:15,15,0,1.5,-100,100,40,3,0,1000,15,-10,-2,0,1000,TRUE,1000,1000,1000,1.5,1000,1,5
1204,l,TRUE,0.05,09:16,15:10,15:15,15,0,1.5,-100,100,40,3,0,1000,15,-10,-3,0,1000,TRUE,1000,1000,1000,1.5,1000,1,5
1205,l,TRUE,0.05,09:16,15:10,15:15,15,0,1.5,-100,100,40,3,0,1000,15,-10,-4,0,1000,TRUE,1000,1000,1000,1.5,1000,1,5
1206,l,TRUE,0.05,09:16,15:10,15:15,15,0,1.5,-100,100,40,3,0,1000,15,-10,-5,0,1000,TRUE,1000,1000,1000,1.5,1000,1,5
1207,l,TRUE,0.05,09:16,15:10,15:15,15,0,1.5,-100,100,40,3,0,1000,15,-10,-6,0,1000,TRUE,1000,1000,1000,1.5,1000,1,5
1208,l,TRUE,0.05,09:16,15:10,15:15,15,0,1.5,-100,100,40,3,0,1000,15,-10,-7,0,1000,TRUE,1000,1000,1000,1.5,1000,1,5
1209,l,TRUE,0.05,09:16,15:10,15:15,15,0,1.5,-100,100,40,3,0,1000,15,-10,-8,0,1000,TRUE,1000,1000,1000,1.5,1000,1,5
1210,l,TRUE,0.05,09:16,15:10,15:15,15,0,1.5,-100,100,40,3,0,1000,15,-10,-9,0,1000,TRUE,1000,1000,1000,1.5,1000,1,5
1211,l,TRUE,0.05,09:16,15:10,15:15,15,0,1.5,-100,100,40,3,0,1000,20,-10,0,0,1000,TRUE,1000,1000,1000,1.5,1000,1,5
1212,l,TRUE,0.05,09:16,15:10,15:15,15,0,1.5,-100,100,40,3,0,1000,20,-10,-1,0,1000,TRUE,1000,1000,1000,1.5,1000,1,5
1213,l,TRUE,0.05,09:16,15:10,15:15,15,0,1.5,-100,100,40,3,0,1000,20,-10,-2,0,1000,TRUE,1000,1000,1000,1.5,1000,1,5
1214,l,TRUE,0.05,09:16,15:10,15:15,15,0,1.5,-100,100,40,3,0,1000,20,-10,-3,0,1000,TRUE,1000,1000,1000,1.5,1000,1,5
1215,l,TRUE,0.05,09:16,15:10,15:15,15,0,1.5,-100,100,40,3,0,1000,20,-10,-4,0,1000,TRUE,1000,1000,1000,1.5,1000,1,5
1216,l,TRUE,0.05,09:16,15:10,15:15,15,0,1.5,-100,100,40,3,0,1000,20,-10,-5,0,1000,TRUE,1000,1000,1000,1.5,1000,1,5
1217,l,TRUE,0.05,09:16,15:10,15:15,15,0,1.5,-100,100,40,3,0,1000,20,-10,-6,0,1000,TRUE,1000,1000,1000,1.5,1000,1,5
1218,l,TRUE,0.05,09:16,15:10,15:15,15,0,1.5,-100,100,40,3,0,1000,20,-10,-7,0,1000,TRUE,1000,1000,1000,1.5,1000,1,5
1219,l,TRUE,0.05,09:16,15:10,15:15,15,0,1.5,-100,100,40,3,0,1000,20,-10,-8,0,1000,TRUE,1000,1000,1000,1.5,1000,1,5
1220,l,TRUE,0.05,09:16,15:10,15:15,15,0,1.5,-100,100,40,3,0,1000,20,-10,-9,0,1000,TRUE,1000,1000,1000,1.5,1000,1,5
1221,l,TRUE,0.05,09:16,15:10,15:15,15,0,1.5,-100,100,40,3,0,1000,30,-10,0,0,1000,TRUE,1000,1000,1000,1.5,1000,1,5
1222,l,TRUE,0.05,09:16,15:10,15:15,15,0,1.5,-100,100,40,3,0,1000,30,-10,-1,0,1000,TRUE,1000,1000,1000,1.5,1000,1,5
1223,l,TRUE,0.05,09:16,15:10,15:15,15,0,1.5,-100,100,40,3,0,1000,30,-10,-2,0,1000,TRUE,1000,1000,1000,1.5,1000,1,5
1224,l,TRUE,0.05,09:16,15:10,15:15,15,0,1.5,-100,100,40,3,0,1000,30,-10,-3,0,1000,TRUE,1000,1000,1000,1.5,1000,1,5
1225,l,TRUE,0.05,09:16,15:10,15:15,15,0,1.5,-100,100,40,3,0,1000,30,-10,-4,0,1000,TRUE,1000,1000,1000,1.5,1000,1,5
1226,l,TRUE,0.05,09:16,15:10,15:15,15,0,1.5,-100,100,40,3,0,1000,30,-10,-5,0,1000,TRUE,1000,1000,1000,1.5,1000,1,5
1227,l,TRUE,0.05,09:16,15:10,15:15,15,0,1.5,-100,100,40,3,0,1000,30,-10,-6,0,1000,TRUE,1000,1000,1000,1.5,1000,1,5
1228,l,TRUE,0.05,09:16,15:10,15:15,15,0,1.5,-100,100,40,3,0,1000,30,-10,-7,0,1000,TRUE,1000,1000,1000,1.5,1000,1,5
1229,l,TRUE,0.05,09:16,15:10,15:15,15,0,1.5,-100,100,40,3,0,1000,30,-10,-8,0,1000,TRUE,1000,1000,1000,1.5,1000,1,5
1230,l,TRUE,0.05,09:16,15:10,15:15,15,0,1.5,-100,100,40,3,0,1000,30,-10,-9,0,1000,TRUE,1000,1000,1000,1.5,1000,1,5
1231,l,TRUE,0.05,09:16,15:10,15:15,15,0,1.5,-100,100,50,2,0,1000,15,-10,0,0,1000,TRUE,1000,1000,1000,1.5,1000,1,5
1232,l,TRUE,0.05,09:16,15:10,15:15,15,0,1.5,-100,100,50,2,0,1000,15,-10,-1,0,1000,TRUE,1000,1000,1000,1.5,1000,1,5
1233,l,TRUE,0.05,09:16,15:10,15:15,15,0,1.5,-100,100,50,2,0,1000,15,-10,-2,0,1000,TRUE,1000,1000,1000,1.5,1000,1,5
1234,l,TRUE,0.05,09:16,15:10,15:15,15,0,1.5,-100,100,50,2,0,1000,15,-10,-3,0,1000,TRUE,1000,1000,1000,1.5,1000,1,5
1235,l,TRUE,0.05,09:16,15:10,15:15,15,0,1.5,-100,100,50,2,0,1000,15,-10,-4,0,1000,TRUE,1000,1000,1000,1.5,1000,1,5
1236,l,TRUE,0.05,09:16,15:10,15:15,15,0,1.5,-100,100,50,2,0,1000,15,-10,-5,0,1000,TRUE,1000,1000,1000,1.5,1000,1,5
1237,l,TRUE,0.05,09:16,15:10,15:15,15,0,1.5,-100,100,50,2,0,1000,15,-10,-6,0,1000,TRUE,1000,1000,1000,1.5,1000,1,5
1238,l,TRUE,0.05,09:16,15:10,15:15,15,0,1.5,-100,100,50,2,0,1000,15,-10,-7,0,1000,TRUE,1000,1000,1000,1.5,1000,1,5
1239,l,TRUE,0.05,09:16,15:10,15:15,15,0,1.5,-100,100,50,2,0,1000,15,-10,-8,0,1000,TRUE,1000,1000,1000,1.5,1000,1,5
1240,l,TRUE,0.05,09:16,15:10,15:15,15,0,1.5,-100,100,50,2,0,1000,15,-10,-9,0,1000,TRUE,1000,1000,1000,1.5,1000,1,5
1241,l,TRUE,0.05,09:16,15:10,15:15,15,0,1.5,-100,100,50,2,0,1000,20,-10,0,0,1000,TRUE,1000,1000,1000,1.5,1000,1,5
1242,l,TRUE,0.05,09:16,15:10,15:15,15,0,1.5,-100,100,50,2,0,1000,20,-10,-1,0,1000,TRUE,1000,1000,1000,1.5,1000,1,5
1243,l,TRUE,0.05,09:16,15:10,15:15,15,0,1.5,-100,100,50,2,0,1000,20,-10,-2,0,1000,TRUE,1000,1000,1000,1.5,1000,1,5
1244,l,TRUE,0.05,09:16,15:10,15:15,15,0,1.5,-100,100,50,2,0,1000,20,-10,-3,0,1000,TRUE,1000,1000,1000,1.5,1000,1,5
1245,l,TRUE,0.05,09:16,15:10,15:15,15,0,1.5,-100,100,50,2,0,1000,20,-10,-4,0,1000,TRUE,1000,1000,1000,1.5,1000,1,5
1246,l,TRUE,0.05,09:16,15:10,15:15,15,0,1.5,-100,100,50,2,0,1000,20,-10,-5,0,1000,TRUE,1000,1000,1000,1.5,1000,1,5
1247,l,TRUE,0.05,09:16,15:10,15:15,15,0,1.5,-100,100,50,2,0,1000,20,-10,-6,0,1000,TRUE,1000,1000,1000,1.5,1000,1,5
1248,l,TRUE,0.05,09:16,15:10,15:15,15,0,1.5,-100,100,50,2,0,1000,20,-10,-7,0,1000,TRUE,1000,1000,1000,1.5,1000,1,5
1249,l,TRUE,0.05,09:16,15:10,15:15,15,0,1.5,-100,100,50,2,0,1000,20,-10,-8,0,1000,TRUE,1000,1000,1000,1.5,1000,1,5
1250,l,TRUE,0.05,09:16,15:10,15:15,15,0,1.5,-100,100,50,2,0,1000,20,-10,-9,0,1000,TRUE,1000,1000,1000,1.5,1000,1,5
1251,l,TRUE,0.05,09:16,15:10,15:15,15,0,1.5,-100,100,50,2,0,1000,30,-10,0,0,1000,TRUE,1000,1000,1000,1.5,1000,1,5
1252,l,TRUE,0.05,09:16,15:10,15:15,15,0,1.5,-100,100,50,2,0,1000,30,-10,-1,0,1000,TRUE,1000,1000,1000,1.5,1000,1,5
1253,l,TRUE,0.05,09:16,15:10,15:15,15,0,1.5,-100,100,50,2,0,1000,30,-10,-2,0,1000,TRUE,1000,1000,1000,1.5,1000,1,5
1254,l,TRUE,0.05,09:16,15:10,15:15,15,0,1.5,-100,100,50,2,0,1000,30,-10,-3,0,1000,TRUE,1000,1000,1000,1.5,1000,1,5
1255,l,TRUE,0.05,09:16,15:10,15:15,15,0,1.5,-100,100,50,2,0,1000,30,-10,-4,0,1000,TRUE,1000,1000,1000,1.5,1000,1,5
1256,l,TRUE,0.05,09:16,15:10,15:15,15,0,1.5,-100,100,50,2,0,1000,30,-10,-5,0,1000,TRUE,1000,1000,1000,1.5,1000,1,5
1257,l,TRUE,0.05,09:16,15:10,15:15,15,0,1.5,-100,100,50,2,0,1000,30,-10,-6,0,1000,TRUE,1000,1000,1000,1.5,1000,1,5
1258,l,TRUE,0.05,09:16,15:10,15:15,15,0,1.5,-100,100,50,2,0,1000,30,-10,-7,0,1000,TRUE,1000,1000,1000,1.5,1000,1,5
1259,l,TRUE,0.05,09:16,15:10,15:15,15,0,1.5,-100,100,50,2,0,1000,30,-10,-8,0,1000,TRUE,1000,1000,1000,1.5,1000,1,5
1260,l,TRUE,0.05,09:16,15:10,15:15,15,0,1.5,-100,100,50,2,0,1000,30,-10,-9,0,1000,TRUE,1000,1000,1000,1.5,1000,1,5
1261,l,TRUE,0.05,09:16,15:10,15:15,15,0,1.5,-100,100,50,3,0,1000,15,-10,0,0,1000,TRUE,1000,1000,1000,1.5,1000,1,5
1262,l,TRUE,0.05,09:16,15:10,15:15,15,0,1.5,-100,100,50,3,0,1000,15,-10,-1,0,1000,TRUE,1000,1000,1000,1.5,1000,1,5
1263,l,TRUE,0.05,09:16,15:10,15:15,15,0,1.5,-100,100,50,3,0,1000,15,-10,-2,0,1000,TRUE,1000,1000,1000,1.5,1000,1,5
1264,l,TRUE,0.05,09:16,15:10,15:15,15,0,1.5,-100,100,50,3,0,1000,15,-10,-3,0,1000,TRUE,1000,1000,1000,1.5,1000,1,5
1265,l,TRUE,0.05,09:16,15:10,15:15,15,0,1.5,-100,100,50,3,0,1000,15,-10,-4,0,1000,TRUE,1000,1000,1000,1.5,1000,1,5
1266,l,TRUE,0.05,09:16,15:10,15:15,15,0,1.5,-100,100,50,3,0,1000,15,-10,-5,0,1000,TRUE,1000,1000,1000,1.5,1000,1,5
1267,l,TRUE,0.05,09:16,15:10,15:15,15,0,1.5,-100,100,50,3,0,1000,15,-10,-6,0,1000,TRUE,1000,1000,1000,1.5,1000,1,5
1268,l,TRUE,0.05,09:16,15:10,15:15,15,0,1.5,-100,100,50,3,0,1000,15,-10,-7,0,1000,TRUE,1000,1000,1000,1.5,1000,1,5
1269,l,TRUE,0.05,09:16,15:10,15:15,15,0,1.5,-100,100,50,3,0,1000,15,-10,-8,0,1000,TRUE,1000,1000,1000,1.5,1000,1,5
1270,l,TRUE,0.05,09:16,15:10,15:15,15,0,1.5,-100,100,50,3,0,1000,15,-10,-9,0,1000,TRUE,1000,1000,1000,1.5,1000,1,5
1271,l,TRUE,0.05,09:16,15:10,15:15,15,0,1.5,-100,100,50,3,0,1000,20,-10,0,0,1000,TRUE,1000,1000,1000,1.5,1000,1,5
1272,l,TRUE,0.05,09:16,15:10,15:15,15,0,1.5,-100,100,50,3,0,1000,20,-10,-1,0,1000,TRUE,1000,1000,1000,1.5,1000,1,5
1273,l,TRUE,0.05,09:16,15:10,15:15,15,0,1.5,-100,100,50,3,0,1000,20,-10,-2,0,1000,TRUE,1000,1000,1000,1.5,1000,1,5
1274,l,TRUE,0.05,09:16,15:10,15:15,15,0,1.5,-100,100,50,3,0,1000,20,-10,-3,0,1000,TRUE,1000,1000,1000,1.5,1000,1,5
1275,l,TRUE,0.05,09:16,15:10,15:15,15,0,1.5,-100,100,50,3,0,1000,20,-10,-4,0,1000,TRUE,1000,1000,1000,1.5,1000,1,5
1276,l,TRUE,0.05,09:16,15:10,15:15,15,0,1.5,-100,100,50,3,0,1000,20,-10,-5,0,1000,TRUE,1000,1000,1000,1.5,1000,1,5
1277,l,TRUE,0.05,09:16,15:10,15:15,15,0,1.5,-100,100,50,3,0,1000,20,-10,-6,0,1000,TRUE,1000,1000,1000,1.5,1000,1,5
1278,l,TRUE,0.05,09:16,15:10,15:15,15,0,1.5,-100,100,50,3,0,1000,20,-10,-7,0,1000,TRUE,1000,1000,1000,1.5,1000,1,5
1279,l,TRUE,0.05,09:16,15:10,15:15,15,0,1.5,-100,100,50,3,0,1000,20,-10,-8,0,1000,TRUE,1000,1000,1000,1.5,1000,1,5
1280,l,TRUE,0.05,09:16,15:10,15:15,15,0,1.5,-100,100,50,3,0,1000,20,-10,-9,0,1000,TRUE,1000,1000,1000,1.5,1000,1,5
1281,l,TRUE,0.05,09:16,15:10,15:15,15,0,1.5,-100,100,50,3,0,1000,30,-10,0,0,1000,TRUE,1000,1000,1000,1.5,1000,1,5
1282,l,TRUE,0.05,09:16,15:10,15:15,15,0,1.5,-100,100,50,3,0,1000,30,-10,-1,0,1000,TRUE,1000,1000,1000,1.5,1000,1,5
1283,l,TRUE,0.05,09:16,15:10,15:15,15,0,1.5,-100,100,50,3,0,1000,30,-10,-2,0,1000,TRUE,1000,1000,1000,1.5,1000,1,5
1284,l,TRUE,0.05,09:16,15:10,15:15,15,0,1.5,-100,100,50,3,0,1000,30,-10,-3,0,1000,TRUE,1000,1000,1000,1.5,1000,1,5
1285,l,TRUE,0.05,09:16,15:10,15:15,15,0,1.5,-100,100,50,3,0,1000,30,-10,-4,0,1000,TRUE,1000,1000,1000,1.5,1000,1,5
1286,l,TRUE,0.05,09:16,15:10,15:15,15,0,1.5,-100,100,50,3,0,1000,30,-10,-5,0,1000,TRUE,1000,1000,1000,1.5,1000,1,5
1287,l,TRUE,0.05,09:16,15:10,15:15,15,0,1.5,-100,100,50,3,0,1000,30,-10,-6,0,1000,TRUE,1000,1000,1000,1.5,1000,1,5
1288,l,TRUE,0.05,09:16,15:10,15:15,15,0,1.5,-100,100,50,3,0,1000,30,-10,-7,0,1000,TRUE,1000,1000,1000,1.5,1000,1,5
1289,l,TRUE,0.05,09:16,15:10,15:15,15,0,1.5,-100,100,50,3,0,1000,30,-10,-8,0,1000,TRUE,1000,1000,1000,1.5,1000,1,5
1290,l,TRUE,0.05,09:16,15:10,15:15,15,0,1.5,-100,100,50,3,0,1000,30,-10,-9,0,1000,TRUE,1000,1000,1000,1.5,1000,1,5
1291,l,TRUE,0.05,09:16,15:10,15:15,15,0,1.5,-100,100,60,2,0,1000,15,-10,0,0,1000,TRUE,1000,1000,1000,1.5,1000,1,5
1292,l,TRUE,0.05,09:16,15:10,15:15,15,0,1.5,-100,100,60,2,0,1000,15,-10,-1,0,1000,TRUE,1000,1000,1000,1.5,1000,1,5
1293,l,TRUE,0.05,09:16,15:10,15:15,15,0,1.5,-100,100,60,2,0,1000,15,-10,-2,0,1000,TRUE,1000,1000,1000,1.5,1000,1,5
1294,l,TRUE,0.05,09:16,15:10,15:15,15,0,1.5,-100,100,60,2,0,1000,15,-10,-3,0,1000,TRUE,1000,1000,1000,1.5,1000,1,5
1295,l,TRUE,0.05,09:16,15:10,15:15,15,0,1.5,-100,100,60,2,0,1000,15,-10,-4,0,1000,TRUE,1000,1000,1000,1.5,1000,1,5
1296,l,TRUE,0.05,09:16,15:10,15:15,15,0,1.5,-100,100,60,2,0,1000,15,-10,-5,0,1000,TRUE,1000,1000,1000,1.5,1000,1,5
1297,l,TRUE,0.05,09:16,15:10,15:15,15,0,1.5,-100,100,60,2,0,1000,15,-10,-6,0,1000,TRUE,1000,1000,1000,1.5,1000,1,5
1298,l,TRUE,0.05,09:16,15:10,15:15,15,0,1.5,-100,100,60,2,0,1000,15,-10,-7,0,1000,TRUE,1000,1000,1000,1.5,1000,1,5
1299,l,TRUE,0.05,09:16,15:10,15:15,15,0,1.5,-100,100,60,2,0,1000,15,-10,-8,0,1000,TRUE,1000,1000,1000,1.5,1000,1,5
1300,l,TRUE,0.05,09:16,15:10,15:15,15,0,1.5,-100,100,60,2,0,1000,15,-10,-9,0,1000,TRUE,1000,1000,1000,1.5,1000,1,5
1301,l,TRUE,0.05,09:16,15:10,15:15,15,0,1.5,-100,100,60,2,0,1000,20,-10,0,0,1000,TRUE,1000,1000,1000,1.5,1000,1,5
1302,l,TRUE,0.05,09:16,15:10,15:15,15,0,1.5,-100,100,60,2,0,1000,20,-10,-1,0,1000,TRUE,1000,1000,1000,1.5,1000,1,5
1303,l,TRUE,0.05,09:16,15:10,15:15,15,0,1.5,-100,100,60,2,0,1000,20,-10,-2,0,1000,TRUE,1000,1000,1000,1.5,1000,1,5
1304,l,TRUE,0.05,09:16,15:10,15:15,15,0,1.5,-100,100,60,2,0,1000,20,-10,-3,0,1000,TRUE,1000,1000,1000,1.5,1000,1,5
1305,l,TRUE,0.05,09:16,15:10,15:15,15,0,1.5,-100,100,60,2,0,1000,20,-10,-4,0,1000,TRUE,1000,1000,1000,1.5,1000,1,5
1306,l,TRUE,0.05,09:16,15:10,15:15,15,0,1.5,-100,100,60,2,0,1000,20,-10,-5,0,1000,TRUE,1000,1000,1000,1.5,1000,1,5
1307,l,TRUE,0.05,09:16,15:10,15:15,15,0,1.5,-100,100,60,2,0,1000,20,-10,-6,0,1000,TRUE,1000,1000,1000,1.5,1000,1,5
1308,l,TRUE,0.05,09:16,15:10,15:15,15,0,1.5,-100,100,60,2,0,1000,20,-10,-7,0,1000,TRUE,1000,1000,1000,1.5,1000,1,5
1309,l,TRUE,0.05,09:16,15:10,15:15,15,0,1.5,-100,100,60,2,0,1000,20,-10,-8,0,1000,TRUE,1000,1000,1000,1.5,1000,1,5
1310,l,TRUE,0.05,09:16,15:10,15:15,15,0,1.5,-100,100,60,2,0,1000,20,-10,-9,0,1000,TRUE,1000,1000,1000,1.5,1000,1,5
1311,l,TRUE,0.05,09:16,15:10,15:15,15,0,1.5,-100,100,60,2,0,1000,30,-10,0,0,1000,TRUE,1000,1000,1000,1.5,1000,1,5
1312,l,TRUE,0.05,09:16,15:10,15:15,15,0,1.5,-100,100,60,2,0,1000,30,-10,-1,0,1000,TRUE,1000,1000,1000,1.5,1000,1,5
1313,l,TRUE,0.05,09:16,15:10,15:15,15,0,1.5,-100,100,60,2,0,1000,30,-10,-2,0,1000,TRUE,1000,1000,1000,1.5,1000,1,5
1314,l,TRUE,0.05,09:16,15:10,15:15,15,0,1.5,-100,100,60,2,0,1000,30,-10,-3,0,1000,TRUE,1000,1000,1000,1.5,1000,1,5
1315,l,TRUE,0.05,09:16,15:10,15:15,15,0,1.5,-100,100,60,2,0,1000,30,-10,-4,0,1000,TRUE,1000,1000,1000,1.5,1000,1,5
1316,l,TRUE,0.05,09:16,15:10,15:15,15,0,1.5,-100,100,60,2,0,1000,30,-10,-5,0,1000,TRUE,1000,1000,1000,1.5,1000,1,5
1317,l,TRUE,0.05,09:16,15:10,15:15,15,0,1.5,-100,100,60,2,0,1000,30,-10,-6,0,1000,TRUE,1000,1000,1000,1.5,1000,1,5
1318,l,TRUE,0.05,09:16,15:10,15:15,15,0,1.5,-100,100,60,2,0,1000,30,-10,-7,0,1000,TRUE,1000,1000,1000,1.5,1000,1,5
1319,l,TRUE,0.05,09:16,15:10,15:15,15,0,1.5,-100,100,60,2,0,1000,30,-10,-8,0,1000,TRUE,1000,1000,1000,1.5,1000,1,5
1320,l,TRUE,0.05,09:16,15:10,15:15,15,0,1.5,-100,100,60,2,0,1000,30,-10,-9,0,1000,TRUE,1000,1000,1000,1.5,1000,1,5
1321,l,TRUE,0.05,09:16,15:10,15:15,15,0,1.5,-100,100,60,3,0,1000,15,-10,0,0,1000,TRUE,1000,1000,1000,1.5,1000,1,5
1322,l,TRUE,0.05,09:16,15:10,15:15,15,0,1.5,-100,100,60,3,0,1000,15,-10,-1,0,1000,TRUE,1000,1000,1000,1.5,1000,1,5
1323,l,TRUE,0.05,09:16,15:10,15:15,15,0,1.5,-100,100,60,3,0,1000,15,-10,-2,0,1000,TRUE,1000,1000,1000,1.5,1000,1,5
1324,l,TRUE,0.05,09:16,15:10,15:15,15,0,1.5,-100,100,60,3,0,1000,15,-10,-3,0,1000,TRUE,1000,1000,1000,1.5,1000,1,5
1325,l,TRUE,0.05,09:16,15:10,15:15,15,0,1.5,-100,100,60,3,0,1000,15,-10,-4,0,1000,TRUE,1000,1000,1000,1.5,1000,1,5
1326,l,TRUE,0.05,09:16,15:10,15:15,15,0,1.5,-100,100,60,3,0,1000,15,-10,-5,0,1000,TRUE,1000,1000,1000,1.5,1000,1,5
1327,l,TRUE,0.05,09:16,15:10,15:15,15,0,1.5,-100,100,60,3,0,1000,15,-10,-6,0,1000,TRUE,1000,1000,1000,1.5,1000,1,5
1328,l,TRUE,0.05,09:16,15:10,15:15,15,0,1.5,-100,100,60,3,0,1000,15,-10,-7,0,1000,TRUE,1000,1000,1000,1.5,1000,1,5
1329,l,TRUE,0.05,09:16,15:10,15:15,15,0,1.5,-100,100,60,3,0,1000,15,-10,-8,0,1000,TRUE,1000,1000,1000,1.5,1000,1,5
1330,l,TRUE,0.05,09:16,15:10,15:15,15,0,1.5,-100,100,60,3,0,1000,15,-10,-9,0,1000,TRUE,1000,1000,1000,1.5,1000,1,5
1331,l,TRUE,0.05,09:16,15:10,15:15,15,0,1.5,-100,100,60,3,0,1000,20,-10,0,0,1000,TRUE,1000,1000,1000,1.5,1000,1,5
1332,l,TRUE,0.05,09:16,15:10,15:15,15,0,1.5,-100,100,60,3,0,1000,20,-10,-1,0,1000,TRUE,1000,1000,1000,1.5,1000,1,5
1333,l,TRUE,0.05,09:16,15:10,15:15,15,0,1.5,-100,100,60,3,0,1000,20,-10,-2,0,1000,TRUE,1000,1000,1000,1.5,1000,1,5
1334,l,TRUE,0.05,09:16,15:10,15:15,15,0,1.5,-100,100,60,3,0,1000,20,-10,-3,0,1000,TRUE,1000,1000,1000,1.5,1000,1,5
1335,l,TRUE,0.05,09:16,15:10,15:15,15,0,1.5,-100,100,60,3,0,1000,20,-10,-4,0,1000,TRUE,1000,1000,1000,1.5,1000,1,5
1336,l,TRUE,0.05,09:16,15:10,15:15,15,0,1.5,-100,100,60,3,0,1000,20,-10,-5,0,1000,TRUE,1000,1000,1000,1.5,1000,1,5
1337,l,TRUE,0.05,09:16,15:10,15:15,15,0,1.5,-100,100,60,3,0,1000,20,-10,-6,0,1000,TRUE,1000,1000,1000,1.5,1000,1,5
1338,l,TRUE,0.05,09:16,15:10,15:15,15,0,1.5,-100,100,60,3,0,1000,20,-10,-7,0,1000,TRUE,1000,1000,1000,1.5,1000,1,5
1339,l,TRUE,0.05,09:16,15:10,15:15,15,0,1.5,-100,100,60,3,0,1000,20,-10,-8,0,1000,TRUE,1000,1000,1000,1.5,1000,1,5
1340,l,TRUE,0.05,09:16,15:10,15:15,15,0,1.5,-100,100,60,3,0,1000,20,-10,-9,0,1000,TRUE,1000,1000,1000,1.5,1000,1,5
1341,l,TRUE,0.05,09:16,15:10,15:15,15,0,1.5,-100,100,60,3,0,1000,30,-10,0,0,1000,TRUE,1000,1000,1000,1.5,1000,1,5
1342,l,TRUE,0.05,09:16,15:10,15:15,15,0,1.5,-100,100,60,3,0,1000,30,-10,-1,0,1000,TRUE,1000,1000,1000,1.5,1000,1,5
1343,l,TRUE,0.05,09:16,15:10,15:15,15,0,1.5,-100,100,60,3,0,1000,30,-10,-2,0,1000,TRUE,1000,1000,1000,1.5,1000,1,5
1344,l,TRUE,0.05,09:16,15:10,15:15,15,0,1.5,-100,100,60,3,0,1000,30,-10,-3,0,1000,TRUE,1000,1000,1000,1.5,1000,1,5
1345,l,TRUE,0.05,09:16,15:10,15:15,15,0,1.5,-100,100,60,3,0,1000,30,-10,-4,0,1000,TRUE,1000,1000,1000,1.5,1000,1,5
1346,l,TRUE,0.05,09:16,15:10,15:15,15,0,1.5,-100,100,60,3,0,1000,30,-10,-5,0,1000,TRUE,1000,1000,1000,1.5,1000,1,5
1347,l,TRUE,0.05,09:16,15:10,15:15,15,0,1.5,-100,100,60,3,0,1000,30,-10,-6,0,1000,TRUE,1000,1000,1000,1.5,1000,1,5
1348,l,TRUE,0.05,09:16,15:10,15:15,15,0,1.5,-100,100,60,3,0,1000,30,-10,-7,0,1000,TRUE,1000,1000,1000,1.5,1000,1,5
1349,l,TRUE,0.05,09:16,15:10,15:15,15,0,1.5,-100,100,60,3,0,1000,30,-10,-8,0,1000,TRUE,1000,1000,1000,1.5,1000,1,5
1350,l,TRUE,0.05,09:16,15:10,15:15,15,0,1.5,-100,100,60,3,0,1000,30,-10,-9,0,1000,TRUE,1000,1000,1000,1.5,1000,1,5
1351,l,TRUE,0.05,09:16,15:10,15:15,15,0,1.5,-100,100,20,2,0,1000,15,-15,0,0,1000,TRUE,1000,1000,1000,1.5,1000,1,5
1352,l,TRUE,0.05,09:16,15:10,15:15,15,0,1.5,-100,100,20,2,0,1000,15,-15,-1,0,1000,TRUE,1000,1000,1000,1.5,1000,1,5
1353,l,TRUE,0.05,09:16,15:10,15:15,15,0,1.5,-100,100,20,2,0,1000,15,-15,-2,0,1000,TRUE,1000,1000,1000,1.5,1000,1,5
1354,l,TRUE,0.05,09:16,15:10,15:15,15,0,1.5,-100,100,20,2,0,1000,15,-15,-3,0,1000,TRUE,1000,1000,1000,1.5,1000,1,5
1355,l,TRUE,0.05,09:16,15:10,15:15,15,0,1.5,-100,100,20,2,0,1000,15,-15,-4,0,1000,TRUE,1000,1000,1000,1.5,1000,1,5
1356,l,TRUE,0.05,09:16,15:10,15:15,15,0,1.5,-100,100,20,2,0,1000,15,-15,-5,0,1000,TRUE,1000,1000,1000,1.5,1000,1,5
1357,l,TRUE,0.05,09:16,15:10,15:15,15,0,1.5,-100,100,20,2,0,1000,15,-15,-6,0,1000,TRUE,1000,1000,1000,1.5,1000,1,5
1358,l,TRUE,0.05,09:16,15:10,15:15,15,0,1.5,-100,100,20,2,0,1000,15,-15,-7,0,1000,TRUE,1000,1000,1000,1.5,1000,1,5
1359,l,TRUE,0.05,09:16,15:10,15:15,15,0,1.5,-100,100,20,2,0,1000,15,-15,-8,0,1000,TRUE,1000,1000,1000,1.5,1000,1,5
1360,l,TRUE,0.05,09:16,15:10,15:15,15,0,1.5,-100,100,20,2,0,1000,15,-15,-9,0,1000,TRUE,1000,1000,1000,1.5,1000,1,5
1361,l,TRUE,0.05,09:16,15:10,15:15,15,0,1.5,-100,100,20,2,0,1000,15,-15,-10,0,1000,TRUE,1000,1000,1000,1.5,1000,1,5
1362,l,TRUE,0.05,09:16,15:10,15:15,15,0,1.5,-100,100,20,2,0,1000,20,-15,0,0,1000,TRUE,1000,1000,1000,1.5,1000,1,5
1363,l,TRUE,0.05,09:16,15:10,15:15,15,0,1.5,-100,100,20,2,0,1000,20,-15,-1,0,1000,TRUE,1000,1000,1000,1.5,1000,1,5
1364,l,TRUE,0.05,09:16,15:10,15:15,15,0,1.5,-100,100,20,2,0,1000,20,-15,-2,0,1000,TRUE,1000,1000,1000,1.5,1000,1,5
1365,l,TRUE,0.05,09:16,15:10,15:15,15,0,1.5,-100,100,20,2,0,1000,20,-15,-3,0,1000,TRUE,1000,1000,1000,1.5,1000,1,5
1366,l,TRUE,0.05,09:16,15:10,15:15,15,0,1.5,-100,100,20,2,0,1000,20,-15,-4,0,1000,TRUE,1000,1000,1000,1.5,1000,1,5
1367,l,TRUE,0.05,09:16,15:10,15:15,15,0,1.5,-100,100,20,2,0,1000,20,-15,-5,0,1000,TRUE,1000,1000,1000,1.5,1000,1,5
1368,l,TRUE,0.05,09:16,15:10,15:15,15,0,1.5,-100,100,20,2,0,1000,20,-15,-6,0,1000,TRUE,1000,1000,1000,1.5,1000,1,5
1369,l,TRUE,0.05,09:16,15:10,15:15,15,0,1.5,-100,100,20,2,0,1000,20,-15,-7,0,1000,TRUE,1000,1000,1000,1.5,1000,1,5
1370,l,TRUE,0.05,09:16,15:10,15:15,15,0,1.5,-100,100,20,2,0,1000,20,-15,-8,0,1000,TRUE,1000,1000,1000,1.5,1000,1,5
1371,l,TRUE,0.05,09:16,15:10,15:15,15,0,1.5,-100,100,20,2,0,1000,20,-15,-9,0,1000,TRUE,1000,1000,1000,1.5,1000,1,5
1372,l,TRUE,0.05,09:16,15:10,15:15,15,0,1.5,-100,100,20,2,0,1000,20,-15,-10,0,1000,TRUE,1000,1000,1000,1.5,1000,1,5
1373,l,TRUE,0.05,09:16,15:10,15:15,15,0,1.5,-100,100,20,2,0,1000,30,-15,0,0,1000,TRUE,1000,1000,1000,1.5,1000,1,5
1374,l,TRUE,0.05,09:16,15:10,15:15,15,0,1.5,-100,100,20,2,0,1000,30,-15,-1,0,1000,TRUE,1000,1000,1000,1.5,1000,1,5
1375,l,TRUE,0.05,09:16,15:10,15:15,15,0,1.5,-100,100,20,2,0,1000,30,-15,-2,0,1000,TRUE,1000,1000,1000,1.5,1000,1,5
1376,l,TRUE,0.05,09:16,15:10,15:15,15,0,1.5,-100,100,20,2,0,1000,30,-15,-3,0,1000,TRUE,1000,1000,1000,1.5,1000,1,5
1377,l,TRUE,0.05,09:16,15:10,15:15,15,0,1.5,-100,100,20,2,0,1000,30,-15,-4,0,1000,TRUE,1000,1000,1000,1.5,1000,1,5
1378,l,TRUE,0.05,09:16,15:10,15:15,15,0,1.5,-100,100,20,2,0,1000,30,-15,-5,0,1000,TRUE,1000,1000,1000,1.5,1000,1,5
1379,l,TRUE,0.05,09:16,15:10,15:15,15,0,1.5,-100,100,20,2,0,1000,30,-15,-6,0,1000,TRUE,1000,1000,1000,1.5,1000,1,5
1380,l,TRUE,0.05,09:16,15:10,15:15,15,0,1.5,-100,100,20,2,0,1000,30,-15,-7,0,1000,TRUE,1000,1000,1000,1.5,1000,1,5
1381,l,TRUE,0.05,09:16,15:10,15:15,15,0,1.5,-100,100,20,2,0,1000,30,-15,-8,0,1000,TRUE,1000,1000,1000,1.5,1000,1,5
1382,l,TRUE,0.05,09:16,15:10,15:15,15,0,1.5,-100,100,20,2,0,1000,30,-15,-9,0,1000,TRUE,1000,1000,1000,1.5,1000,1,5
1383,l,TRUE,0.05,09:16,15:10,15:15,15,0,1.5,-100,100,20,2,0,1000,30,-15,-10,0,1000,TRUE,1000,1000,1000,1.5,1000,1,5
1384,l,TRUE,0.05,09:16,15:10,15:15,15,0,1.5,-100,100,20,3,0,1000,15,-15,0,0,1000,TRUE,1000,1000,1000,1.5,1000,1,5
1385,l,TRUE,0.05,09:16,15:10,15:15,15,0,1.5,-100,100,20,3,0,1000,15,-15,-1,0,1000,TRUE,1000,1000,1000,1.5,1000,1,5
1386,l,TRUE,0.05,09:16,15:10,15:15,15,0,1.5,-100,100,20,3,0,1000,15,-15,-2,0,1000,TRUE,1000,1000,1000,1.5,1000,1,5
1387,l,TRUE,0.05,09:16,15:10,15:15,15,0,1.5,-100,100,20,3,0,1000,15,-15,-3,0,1000,TRUE,1000,1000,1000,1.5,1000,1,5
1388,l,TRUE,0.05,09:16,15:10,15:15,15,0,1.5,-100,100,20,3,0,1000,15,-15,-4,0,1000,TRUE,1000,1000,1000,1.5,1000,1,5
1389,l,TRUE,0.05,09:16,15:10,15:15,15,0,1.5,-100,100,20,3,0,1000,15,-15,-5,0,1000,TRUE,1000,1000,1000,1.5,1000,1,5
1390,l,TRUE,0.05,09:16,15:10,15:15,15,0,1.5,-100,100,20,3,0,1000,15,-15,-6,0,1000,TRUE,1000,1000,1000,1.5,1000,1,5
1391,l,TRUE,0.05,09:16,15:10,15:15,15,0,1.5,-100,100,20,3,0,1000,15,-15,-7,0,1000,TRUE,1000,1000,1000,1.5,1000,1,5
1392,l,TRUE,0.05,09:16,15:10,15:15,15,0,1.5,-100,100,20,3,0,1000,15,-15,-8,0,1000,TRUE,1000,1000,1000,1.5,1000,1,5
1393,l,TRUE,0.05,09:16,15:10,15:15,15,0,1.5,-100,100,20,3,0,1000,15,-15,-9,0,1000,TRUE,1000,1000,1000,1.5,1000,1,5
1394,l,TRUE,0.05,09:16,15:10,15:15,15,0,1.5,-100,100,20,3,0,1000,15,-15,-10,0,1000,TRUE,1000,1000,1000,1.5,1000,1,5
1395,l,TRUE,0.05,09:16,15:10,15:15,15,0,1.5,-100,100,20,3,0,1000,20,-15,0,0,1000,TRUE,1000,1000,1000,1.5,1000,1,5
1396,l,TRUE,0.05,09:16,15:10,15:15,15,0,1.5,-100,100,20,3,0,1000,20,-15,-1,0,1000,TRUE,1000,1000,1000,1.5,1000,1,5
1397,l,TRUE,0.05,09:16,15:10,15:15,15,0,1.5,-100,100,20,3,0,1000,20,-15,-2,0,1000,TRUE,1000,1000,1000,1.5,1000,1,5
1398,l,TRUE,0.05,09:16,15:10,15:15,15,0,1.5,-100,100,20,3,0,1000,20,-15,-3,0,1000,TRUE,1000,1000,1000,1.5,1000,1,5
1399,l,TRUE,0.05,09:16,15:10,15:15,15,0,1.5,-100,100,20,3,0,1000,20,-15,-4,0,1000,TRUE,1000,1000,1000,1.5,1000,1,5
1400,l,TRUE,0.05,09:16,15:10,15:15,15,0,1.5,-100,100,20,3,0,1000,20,-15,-5,0,1000,TRUE,1000,1000,1000,1.5,1000,1,5
1401,l,TRUE,0.05,09:16,15:10,15:15,15,0,1.5,-100,100,20,3,0,1000,20,-15,-6,0,1000,TRUE,1000,1000,1000,1.5,1000,1,5
1402,l,TRUE,0.05,09:16,15:10,15:15,15,0,1.5,-100,100,20,3,0,1000,20,-15,-7,0,1000,TRUE,1000,1000,1000,1.5,1000,1,5
1403,l,TRUE,0.05,09:16,15:10,15:15,15,0,1.5,-100,100,20,3,0,1000,20,-15,-8,0,1000,TRUE,1000,1000,1000,1.5,1000,1,5
1404,l,TRUE,0.05,09:16,15:10,15:15,15,0,1.5,-100,100,20,3,0,1000,20,-15,-9,0,1000,TRUE,1000,1000,1000,1.5,1000,1,5
1405,l,TRUE,0.05,09:16,15:10,15:15,15,0,1.5,-100,100,20,3,0,1000,20,-15,-10,0,1000,TRUE,1000,1000,1000,1.5,1000,1,5
1406,l,TRUE,0.05,09:16,15:10,15:15,15,0,1.5,-100,100,20,3,0,1000,30,-15,0,0,1000,TRUE,1000,1000,1000,1.5,1000,1,5
1407,l,TRUE,0.05,09:16,15:10,15:15,15,0,1.5,-100,100,20,3,0,1000,30,-15,-1,0,1000,TRUE,1000,1000,1000,1.5,1000,1,5
1408,l,TRUE,0.05,09:16,15:10,15:15,15,0,1.5,-100,100,20,3,0,1000,30,-15,-2,0,1000,TRUE,1000,1000,1000,1.5,1000,1,5
1409,l,TRUE,0.05,09:16,15:10,15:15,15,0,1.5,-100,100,20,3,0,1000,30,-15,-3,0,1000,TRUE,1000,1000,1000,1.5,1000,1,5
1410,l,TRUE,0.05,09:16,15:10,15:15,15,0,1.5,-100,100,20,3,0,1000,30,-15,-4,0,1000,TRUE,1000,1000,1000,1.5,1000,1,5
1411,l,TRUE,0.05,09:16,15:10,15:15,15,0,1.5,-100,100,20,3,0,1000,30,-15,-5,0,1000,TRUE,1000,1000,1000,1.5,1000,1,5
1412,l,TRUE,0.05,09:16,15:10,15:15,15,0,1.5,-100,100,20,3,0,1000,30,-15,-6,0,1000,TRUE,1000,1000,1000,1.5,1000,1,5
1413,l,TRUE,0.05,09:16,15:10,15:15,15,0,1.5,-100,100,20,3,0,1000,30,-15,-7,0,1000,TRUE,1000,1000,1000,1.5,1000,1,5
1414,l,TRUE,0.05,09:16,15:10,15:15,15,0,1.5,-100,100,20,3,0,1000,30,-15,-8,0,1000,TRUE,1000,1000,1000,1.5,1000,1,5
1415,l,TRUE,0.05,09:16,15:10,15:15,15,0,1.5,-100,100,20,3,0,1000,30,-15,-9,0,1000,TRUE,1000,1000,1000,1.5,1000,1,5
1416,l,TRUE,0.05,09:16,15:10,15:15,15,0,1.5,-100,100,20,3,0,1000,30,-15,-10,0,1000,TRUE,1000,1000,1000,1.5,1000,1,5
1417,l,TRUE,0.05,09:16,15:10,15:15,15,0,1.5,-100,100,30,2,0,1000,15,-15,0,0,1000,TRUE,1000,1000,1000,1.5,1000,1,5
1418,l,TRUE,0.05,09:16,15:10,15:15,15,0,1.5,-100,100,30,2,0,1000,15,-15,-1,0,1000,TRUE,1000,1000,1000,1.5,1000,1,5
1419,l,TRUE,0.05,09:16,15:10,15:15,15,0,1.5,-100,100,30,2,0,1000,15,-15,-2,0,1000,TRUE,1000,1000,1000,1.5,1000,1,5
1420,l,TRUE,0.05,09:16,15:10,15:15,15,0,1.5,-100,100,30,2,0,1000,15,-15,-3,0,1000,TRUE,1000,1000,1000,1.5,1000,1,5
1421,l,TRUE,0.05,09:16,15:10,15:15,15,0,1.5,-100,100,30,2,0,1000,15,-15,-4,0,1000,TRUE,1000,1000,1000,1.5,1000,1,5
1422,l,TRUE,0.05,09:16,15:10,15:15,15,0,1.5,-100,100,30,2,0,1000,15,-15,-5,0,1000,TRUE,1000,1000,1000,1.5,1000,1,5
1423,l,TRUE,0.05,09:16,15:10,15:15,15,0,1.5,-100,100,30,2,0,1000,15,-15,-6,0,1000,TRUE,1000,1000,1000,1.5,1000,1,5
1424,l,TRUE,0.05,09:16,15:10,15:15,15,0,1.5,-100,100,30,2,0,1000,15,-15,-7,0,1000,TRUE,1000,1000,1000,1.5,1000,1,5
1425,l,TRUE,0.05,09:16,15:10,15:15,15,0,1.5,-100,100,30,2,0,1000,15,-15,-8,0,1000,TRUE,1000,1000,1000,1.5,1000,1,5
1426,l,TRUE,0.05,09:16,15:10,15:15,15,0,1.5,-100,100,30,2,0,1000,15,-15,-9,0,1000,TRUE,1000,1000,1000,1.5,1000,1,5
1427,l,TRUE,0.05,09:16,15:10,15:15,15,0,1.5,-100,100,30,2,0,1000,15,-15,-10,0,1000,TRUE,1000,1000,1000,1.5,1000,1,5
1428,l,TRUE,0.05,09:16,15:10,15:15,15,0,1.5,-100,100,30,2,0,1000,20,-15,0,0,1000,TRUE,1000,1000,1000,1.5,1000,1,5
1429,l,TRUE,0.05,09:16,15:10,15:15,15,0,1.5,-100,100,30,2,0,1000,20,-15,-1,0,1000,TRUE,1000,1000,1000,1.5,1000,1,5
1430,l,TRUE,0.05,09:16,15:10,15:15,15,0,1.5,-100,100,30,2,0,1000,20,-15,-2,0,1000,TRUE,1000,1000,1000,1.5,1000,1,5
1431,l,TRUE,0.05,09:16,15:10,15:15,15,0,1.5,-100,100,30,2,0,1000,20,-15,-3,0,1000,TRUE,1000,1000,1000,1.5,1000,1,5
1432,l,TRUE,0.05,09:16,15:10,15:15,15,0,1.5,-100,100,30,2,0,1000,20,-15,-4,0,1000,TRUE,1000,1000,1000,1.5,1000,1,5
1433,l,TRUE,0.05,09:16,15:10,15:15,15,0,1.5,-100,100,30,2,0,1000,20,-15,-5,0,1000,TRUE,1000,1000,1000,1.5,1000,1,5
1434,l,TRUE,0.05,09:16,15:10,15:15,15,0,1.5,-100,100,30,2,0,1000,20,-15,-6,0,1000,TRUE,1000,1000,1000,1.5,1000,1,5
1435,l,TRUE,0.05,09:16,15:10,15:15,15,0,1.5,-100,100,30,2,0,1000,20,-15,-7,0,1000,TRUE,1000,1000,1000,1.5,1000,1,5
1436,l,TRUE,0.05,09:16,15:10,15:15,15,0,1.5,-100,100,30,2,0,1000,20,-15,-8,0,1000,TRUE,1000,1000,1000,1.5,1000,1,5
1437,l,TRUE,0.05,09:16,15:10,15:15,15,0,1.5,-100,100,30,2,0,1000,20,-15,-9,0,1000,TRUE,1000,1000,1000,1.5,1000,1,5
1438,l,TRUE,0.05,09:16,15:10,15:15,15,0,1.5,-100,100,30,2,0,1000,20,-15,-10,0,1000,TRUE,1000,1000,1000,1.5,1000,1,5
1439,l,TRUE,0.05,09:16,15:10,15:15,15,0,1.5,-100,100,30,2,0,1000,30,-15,0,0,1000,TRUE,1000,1000,1000,1.5,1000,1,5
1440,l,TRUE,0.05,09:16,15:10,15:15,15,0,1.5,-100,100,30,2,0,1000,30,-15,-1,0,1000,TRUE,1000,1000,1000,1.5,1000,1,5
1441,l,TRUE,0.05,09:16,15:10,15:15,15,0,1.5,-100,100,30,2,0,1000,30,-15,-2,0,1000,TRUE,1000,1000,1000,1.5,1000,1,5
1442,l,TRUE,0.05,09:16,15:10,15:15,15,0,1.5,-100,100,30,2,0,1000,30,-15,-3,0,1000,TRUE,1000,1000,1000,1.5,1000,1,5
1443,l,TRUE,0.05,09:16,15:10,15:15,15,0,1.5,-100,100,30,2,0,1000,30,-15,-4,0,1000,TRUE,1000,1000,1000,1.5,1000,1,5
1444,l,TRUE,0.05,09:16,15:10,15:15,15,0,1.5,-100,100,30,2,0,1000,30,-15,-5,0,1000,TRUE,1000,1000,1000,1.5,1000,1,5
1445,l,TRUE,0.05,09:16,15:10,15:15,15,0,1.5,-100,100,30,2,0,1000,30,-15,-6,0,1000,TRUE,1000,1000,1000,1.5,1000,1,5
1446,l,TRUE,0.05,09:16,15:10,15:15,15,0,1.5,-100,100,30,2,0,1000,30,-15,-7,0,1000,TRUE,1000,1000,1000,1.5,1000,1,5
1447,l,TRUE,0.05,09:16,15:10,15:15,15,0,1.5,-100,100,30,2,0,1000,30,-15,-8,0,1000,TRUE,1000,1000,1000,1.5,1000,1,5
1448,l,TRUE,0.05,09:16,15:10,15:15,15,0,1.5,-100,100,30,2,0,1000,30,-15,-9,0,1000,TRUE,1000,1000,1000,1.5,1000,1,5
1449,l,TRUE,0.05,09:16,15:10,15:15,15,0,1.5,-100,100,30,2,0,1000,30,-15,-10,0,1000,TRUE,1000,1000,1000,1.5,1000,1,5
1450,l,TRUE,0.05,09:16,15:10,15:15,15,0,1.5,-100,100,30,3,0,1000,15,-15,0,0,1000,TRUE,1000,1000,1000,1.5,1000,1,5
1451,l,TRUE,0.05,09:16,15:10,15:15,15,0,1.5,-100,100,30,3,0,1000,15,-15,-1,0,1000,TRUE,1000,1000,1000,1.5,1000,1,5
1452,l,TRUE,0.05,09:16,15:10,15:15,15,0,1.5,-100,100,30,3,0,1000,15,-15,-2,0,1000,TRUE,1000,1000,1000,1.5,1000,1,5
1453,l,TRUE,0.05,09:16,15:10,15:15,15,0,1.5,-100,100,30,3,0,1000,15,-15,-3,0,1000,TRUE,1000,1000,1000,1.5,1000,1,5
1454,l,TRUE,0.05,09:16,15:10,15:15,15,0,1.5,-100,100,30,3,0,1000,15,-15,-4,0,1000,TRUE,1000,1000,1000,1.5,1000,1,5
1455,l,TRUE,0.05,09:16,15:10,15:15,15,0,1.5,-100,100,30,3,0,1000,15,-15,-5,0,1000,TRUE,1000,1000,1000,1.5,1000,1,5
1456,l,TRUE,0.05,09:16,15:10,15:15,15,0,1.5,-100,100,30,3,0,1000,15,-15,-6,0,1000,TRUE,1000,1000,1000,1.5,1000,1,5
1457,l,TRUE,0.05,09:16,15:10,15:15,15,0,1.5,-100,100,30,3,0,1000,15,-15,-7,0,1000,TRUE,1000,1000,1000,1.5,1000,1,5
1458,l,TRUE,0.05,09:16,15:10,15:15,15,0,1.5,-100,100,30,3,0,1000,15,-15,-8,0,1000,TRUE,1000,1000,1000,1.5,1000,1,5
1459,l,TRUE,0.05,09:16,15:10,15:15,15,0,1.5,-100,100,30,3,0,1000,15,-15,-9,0,1000,TRUE,1000,1000,1000,1.5,1000,1,5
1460,l,TRUE,0.05,09:16,15:10,15:15,15,0,1.5,-100,100,30,3,0,1000,15,-15,-10,0,1000,TRUE,1000,1000,1000,1.5,1000,1,5
1461,l,TRUE,0.05,09:16,15:10,15:15,15,0,1.5,-100,100,30,3,0,1000,20,-15,0,0,1000,TRUE,1000,1000,1000,1.5,1000,1,5
1462,l,TRUE,0.05,09:16,15:10,15:15,15,0,1.5,-100,100,30,3,0,1000,20,-15,-1,0,1000,TRUE,1000,1000,1000,1.5,1000,1,5
1463,l,TRUE,0.05,09:16,15:10,15:15,15,0,1.5,-100,100,30,3,0,1000,20,-15,-2,0,1000,TRUE,1000,1000,1000,1.5,1000,1,5
1464,l,TRUE,0.05,09:16,15:10,15:15,15,0,1.5,-100,100,30,3,0,1000,20,-15,-3,0,1000,TRUE,1000,1000,1000,1.5,1000,1,5
1465,l,TRUE,0.05,09:16,15:10,15:15,15,0,1.5,-100,100,30,3,0,1000,20,-15,-4,0,1000,TRUE,1000,1000,1000,1.5,1000,1,5
1466,l,TRUE,0.05,09:16,15:10,15:15,15,0,1.5,-100,100,30,3,0,1000,20,-15,-5,0,1000,TRUE,1000,1000,1000,1.5,1000,1,5
1467,l,TRUE,0.05,09:16,15:10,15:15,15,0,1.5,-100,100,30,3,0,1000,20,-15,-6,0,1000,TRUE,1000,1000,1000,1.5,1000,1,5
1468,l,TRUE,0.05,09:16,15:10,15:15,15,0,1.5,-100,100,30,3,0,1000,20,-15,-7,0,1000,TRUE,1000,1000,1000,1.5,1000,1,5
1469,l,TRUE,0.05,09:16,15:10,15:15,15,0,1.5,-100,100,30,3,0,1000,20,-15,-8,0,1000,TRUE,1000,1000,1000,1.5,1000,1,5
1470,l,TRUE,0.05,09:16,15:10,15:15,15,0,1.5,-100,100,30,3,0,1000,20,-15,-9,0,1000,TRUE,1000,1000,1000,1.5,1000,1,5
1471,l,TRUE,0.05,09:16,15:10,15:15,15,0,1.5,-100,100,30,3,0,1000,20,-15,-10,0,1000,TRUE,1000,1000,1000,1.5,1000,1,5
1472,l,TRUE,0.05,09:16,15:10,15:15,15,0,1.5,-100,100,30,3,0,1000,30,-15,0,0,1000,TRUE,1000,1000,1000,1.5,1000,1,5
1473,l,TRUE,0.05,09:16,15:10,15:15,15,0,1.5,-100,100,30,3,0,1000,30,-15,-1,0,1000,TRUE,1000,1000,1000,1.5,1000,1,5
1474,l,TRUE,0.05,09:16,15:10,15:15,15,0,1.5,-100,100,30,3,0,1000,30,-15,-2,0,1000,TRUE,1000,1000,1000,1.5,1000,1,5
1475,l,TRUE,0.05,09:16,15:10,15:15,15,0,1.5,-100,100,30,3,0,1000,30,-15,-3,0,1000,TRUE,1000,1000,1000,1.5,1000,1,5
1476,l,TRUE,0.05,09:16,15:10,15:15,15,0,1.5,-100,100,30,3,0,1000,30,-15,-4,0,1000,TRUE,1000,1000,1000,1.5,1000,1,5
1477,l,TRUE,0.05,09:16,15:10,15:15,15,0,1.5,-100,100,30,3,0,1000,30,-15,-5,0,1000,TRUE,1000,1000,1000,1.5,1000,1,5
1478,l,TRUE,0.05,09:16,15:10,15:15,15,0,1.5,-100,100,30,3,0,1000,30,-15,-6,0,1000,TRUE,1000,1000,1000,1.5,1000,1,5
1479,l,TRUE,0.05,09:16,15:10,15:15,15,0,1.5,-100,100,30,3,0,1000,30,-15,-7,0,1000,TRUE,1000,1000,1000,1.5,1000,1,5
1480,l,TRUE,0.05,09:16,15:10,15:15,15,0,1.5,-100,100,30,3,0,1000,30,-15,-8,0,1000,TRUE,1000,1000,1000,1.5,1000,1,5
1481,l,TRUE,0.05,09:16,15:10,15:15,15,0,1.5,-100,100,30,3,0,1000,30,-15,-9,0,1000,TRUE,1000,1000,1000,1.5,1000,1,5
1482,l,TRUE,0.05,09:16,15:10,15:15,15,0,1.5,-100,100,30,3,0,1000,30,-15,-10,0,1000,TRUE,1000,1000,1000,1.5,1000,1,5
1483,l,TRUE,0.05,09:16,15:10,15:15,15,0,1.5,-100,100,40,2,0,1000,15,-15,0,0,1000,TRUE,1000,1000,1000,1.5,1000,1,5
1484,l,TRUE,0.05,09:16,15:10,15:15,15,0,1.5,-100,100,40,2,0,1000,15,-15,-1,0,1000,TRUE,1000,1000,1000,1.5,1000,1,5
1485,l,TRUE,0.05,09:16,15:10,15:15,15,0,1.5,-100,100,40,2,0,1000,15,-15,-2,0,1000,TRUE,1000,1000,1000,1.5,1000,1,5
1486,l,TRUE,0.05,09:16,15:10,15:15,15,0,1.5,-100,100,40,2,0,1000,15,-15,-3,0,1000,TRUE,1000,1000,1000,1.5,1000,1,5
1487,l,TRUE,0.05,09:16,15:10,15:15,15,0,1.5,-100,100,40,2,0,1000,15,-15,-4,0,1000,TRUE,1000,1000,1000,1.5,1000,1,5
1488,l,TRUE,0.05,09:16,15:10,15:15,15,0,1.5,-100,100,40,2,0,1000,15,-15,-5,0,1000,TRUE,1000,1000,1000,1.5,1000,1,5
1489,l,TRUE,0.05,09:16,15:10,15:15,15,0,1.5,-100,100,40,2,0,1000,15,-15,-6,0,1000,TRUE,1000,1000,1000,1.5,1000,1,5
1490,l,TRUE,0.05,09:16,15:10,15:15,15,0,1.5,-100,100,40,2,0,1000,15,-15,-7,0,1000,TRUE,1000,1000,1000,1.5,1000,1,5
1491,l,TRUE,0.05,09:16,15:10,15:15,15,0,1.5,-100,100,40,2,0,1000,15,-15,-8,0,1000,TRUE,1000,1000,1000,1.5,1000,1,5
1492,l,TRUE,0.05,09:16,15:10,15:15,15,0,1.5,-100,100,40,2,0,1000,15,-15,-9,0,1000,TRUE,1000,1000,1000,1.5,1000,1,5
1493,l,TRUE,0.05,09:16,15:10,15:15,15,0,1.5,-100,100,40,2,0,1000,15,-15,-10,0,1000,TRUE,1000,1000,1000,1.5,1000,1,5
1494,l,TRUE,0.05,09:16,15:10,15:15,15,0,1.5,-100,100,40,2,0,1000,20,-15,0,0,1000,TRUE,1000,1000,1000,1.5,1000,1,5
1495,l,TRUE,0.05,09:16,15:10,15:15,15,0,1.5,-100,100,40,2,0,1000,20,-15,-1,0,1000,TRUE,1000,1000,1000,1.5,1000,1,5
1496,l,TRUE,0.05,09:16,15:10,15:15,15,0,1.5,-100,100,40,2,0,1000,20,-15,-2,0,1000,TRUE,1000,1000,1000,1.5,1000,1,5
1497,l,TRUE,0.05,09:16,15:10,15:15,15,0,1.5,-100,100,40,2,0,1000,20,-15,-3,0,1000,TRUE,1000,1000,1000,1.5,1000,1,5
1498,l,TRUE,0.05,09:16,15:10,15:15,15,0,1.5,-100,100,40,2,0,1000,20,-15,-4,0,1000,TRUE,1000,1000,1000,1.5,1000,1,5
1499,l,TRUE,0.05,09:16,15:10,15:15,15,0,1.5,-100,100,40,2,0,1000,20,-15,-5,0,1000,TRUE,1000,1000,1000,1.5,1000,1,5
1500,l,TRUE,0.05,09:16,15:10,15:15,15,0,1.5,-100,100,40,2,0,1000,20,-15,-6,0,1000,TRUE,1000,1000,1000,1.5,1000,1,5
1501,l,TRUE,0.05,09:16,15:10,15:15,15,0,1.5,-100,100,40,2,0,1000,20,-15,-7,0,1000,TRUE,1000,1000,1000,1.5,1000,1,5
1502,l,TRUE,0.05,09:16,15:10,15:15,15,0,1.5,-100,100,40,2,0,1000,20,-15,-8,0,1000,TRUE,1000,1000,1000,1.5,1000,1,5
1503,l,TRUE,0.05,09:16,15:10,15:15,15,0,1.5,-100,100,40,2,0,1000,20,-15,-9,0,1000,TRUE,1000,1000,1000,1.5,1000,1,5
1504,l,TRUE,0.05,09:16,15:10,15:15,15,0,1.5,-100,100,40,2,0,1000,20,-15,-10,0,1000,TRUE,1000,1000,1000,1.5,1000,1,5
1505,l,TRUE,0.05,09:16,15:10,15:15,15,0,1.5,-100,100,40,2,0,1000,30,-15,0,0,1000,TRUE,1000,1000,1000,1.5,1000,1,5
1506,l,TRUE,0.05,09:16,15:10,15:15,15,0,1.5,-100,100,40,2,0,1000,30,-15,-1,0,1000,TRUE,1000,1000,1000,1.5,1000,1,5
1507,l,TRUE,0.05,09:16,15:10,15:15,15,0,1.5,-100,100,40,2,0,1000,30,-15,-2,0,1000,TRUE,1000,1000,1000,1.5,1000,1,5
1508,l,TRUE,0.05,09:16,15:10,15:15,15,0,1.5,-100,100,40,2,0,1000,30,-15,-3,0,1000,TRUE,1000,1000,1000,1.5,1000,1,5
1509,l,TRUE,0.05,09:16,15:10,15:15,15,0,1.5,-100,100,40,2,0,1000,30,-15,-4,0,1000,TRUE,1000,1000,1000,1.5,1000,1,5
1510,l,TRUE,0.05,09:16,15:10,15:15,15,0,1.5,-100,100,40,2,0,1000,30,-15,-5,0,1000,TRUE,1000,1000,1000,1.5,1000,1,5
1511,l,TRUE,0.05,09:16,15:10,15:15,15,0,1.5,-100,100,40,2,0,1000,30,-15,-6,0,1000,TRUE,1000,1000,1000,1.5,1000,1,5
1512,l,TRUE,0.05,09:16,15:10,15:15,15,0,1.5,-100,100,40,2,0,1000,30,-15,-7,0,1000,TRUE,1000,1000,1000,1.5,1000,1,5
1513,l,TRUE,0.05,09:16,15:10,15:15,15,0,1.5,-100,100,40,2,0,1000,30,-15,-8,0,1000,TRUE,1000,1000,1000,1.5,1000,1,5
1514,l,TRUE,0.05,09:16,15:10,15:15,15,0,1.5,-100,100,40,2,0,1000,30,-15,-9,0,1000,TRUE,1000,1000,1000,1.5,1000,1,5
1515,l,TRUE,0.05,09:16,15:10,15:15,15,0,1.5,-100,100,40,2,0,1000,30,-15,-10,0,1000,TRUE,1000,1000,1000,1.5,1000,1,5
1516,l,TRUE,0.05,09:16,15:10,15:15,15,0,1.5,-100,100,40,3,0,1000,15,-15,0,0,1000,TRUE,1000,1000,1000,1.5,1000,1,5
1517,l,TRUE,0.05,09:16,15:10,15:15,15,0,1.5,-100,100,40,3,0,1000,15,-15,-1,0,1000,TRUE,1000,1000,1000,1.5,1000,1,5
1518,l,TRUE,0.05,09:16,15:10,15:15,15,0,1.5,-100,100,40,3,0,1000,15,-15,-2,0,1000,TRUE,1000,1000,1000,1.5,1000,1,5
1519,l,TRUE,0.05,09:16,15:10,15:15,15,0,1.5,-100,100,40,3,0,1000,15,-15,-3,0,1000,TRUE,1000,1000,1000,1.5,1000,1,5
1520,l,TRUE,0.05,09:16,15:10,15:15,15,0,1.5,-100,100,40,3,0,1000,15,-15,-4,0,1000,TRUE,1000,1000,1000,1.5,1000,1,5
1521,l,TRUE,0.05,09:16,15:10,15:15,15,0,1.5,-100,100,40,3,0,1000,15,-15,-5,0,1000,TRUE,1000,1000,1000,1.5,1000,1,5
1522,l,TRUE,0.05,09:16,15:10,15:15,15,0,1.5,-100,100,40,3,0,1000,15,-15,-6,0,1000,TRUE,1000,1000,1000,1.5,1000,1,5
1523,l,TRUE,0.05,09:16,15:10,15:15,15,0,1.5,-100,100,40,3,0,1000,15,-15,-7,0,1000,TRUE,1000,1000,1000,1.5,1000,1,5
1524,l,TRUE,0.05,09:16,15:10,15:15,15,0,1.5,-100,100,40,3,0,1000,15,-15,-8,0,1000,TRUE,1000,1000,1000,1.5,1000,1,5
1525,l,TRUE,0.05,09:16,15:10,15:15,15,0,1.5,-100,100,40,3,0,1000,15,-15,-9,0,1000,TRUE,1000,1000,1000,1.5,1000,1,5
1526,l,TRUE,0.05,09:16,15:10,15:15,15,0,1.5,-100,100,40,3,0,1000,15,-15,-10,0,1000,TRUE,1000,1000,1000,1.5,1000,1,5
1527,l,TRUE,0.05,09:16,15:10,15:15,15,0,1.5,-100,100,40,3,0,1000,20,-15,0,0,1000,TRUE,1000,1000,1000,1.5,1000,1,5
1528,l,TRUE,0.05,09:16,15:10,15:15,15,0,1.5,-100,100,40,3,0,1000,20,-15,-1,0,1000,TRUE,1000,1000,1000,1.5,1000,1,5
1529,l,TRUE,0.05,09:16,15:10,15:15,15,0,1.5,-100,100,40,3,0,1000,20,-15,-2,0,1000,TRUE,1000,1000,1000,1.5,1000,1,5
1530,l,TRUE,0.05,09:16,15:10,15:15,15,0,1.5,-100,100,40,3,0,1000,20,-15,-3,0,1000,TRUE,1000,1000,1000,1.5,1000,1,5
1531,l,TRUE,0.05,09:16,15:10,15:15,15,0,1.5,-100,100,40,3,0,1000,20,-15,-4,0,1000,TRUE,1000,1000,1000,1.5,1000,1,5
1532,l,TRUE,0.05,09:16,15:10,15:15,15,0,1.5,-100,100,40,3,0,1000,20,-15,-5,0,1000,TRUE,1000,1000,1000,1.5,1000,1,5
1533,l,TRUE,0.05,09:16,15:10,15:15,15,0,1.5,-100,100,40,3,0,1000,20,-15,-6,0,1000,TRUE,1000,1000,1000,1.5,1000,1,5
1534,l,TRUE,0.05,09:16,15:10,15:15,15,0,1.5,-100,100,40,3,0,1000,20,-15,-7,0,1000,TRUE,1000,1000,1000,1.5,1000,1,5
1535,l,TRUE,0.05,09:16,15:10,15:15,15,0,1.5,-100,100,40,3,0,1000,20,-15,-8,0,1000,TRUE,1000,1000,1000,1.5,1000,1,5
1536,l,TRUE,0.05,09:16,15:10,15:15,15,0,1.5,-100,100,40,3,0,1000,20,-15,-9,0,1000,TRUE,1000,1000,1000,1.5,1000,1,5
1537,l,TRUE,0.05,09:16,15:10,15:15,15,0,1.5,-100,100,40,3,0,1000,20,-15,-10,0,1000,TRUE,1000,1000,1000,1.5,1000,1,5
1538,l,TRUE,0.05,09:16,15:10,15:15,15,0,1.5,-100,100,40,3,0,1000,30,-15,0,0,1000,TRUE,1000,1000,1000,1.5,1000,1,5
1539,l,TRUE,0.05,09:16,15:10,15:15,15,0,1.5,-100,100,40,3,0,1000,30,-15,-1,0,1000,TRUE,1000,1000,1000,1.5,1000,1,5
1540,l,TRUE,0.05,09:16,15:10,15:15,15,0,1.5,-100,100,40,3,0,1000,30,-15,-2,0,1000,TRUE,1000,1000,1000,1.5,1000,1,5
1541,l,TRUE,0.05,09:16,15:10,15:15,15,0,1.5,-100,100,40,3,0,1000,30,-15,-3,0,1000,TRUE,1000,1000,1000,1.5,1000,1,5
1542,l,TRUE,0.05,09:16,15:10,15:15,15,0,1.5,-100,100,40,3,0,1000,30,-15,-4,0,1000,TRUE,1000,1000,1000,1.5,1000,1,5
1543,l,TRUE,0.05,09:16,15:10,15:15,15,0,1.5,-100,100,40,3,0,1000,30,-15,-5,0,1000,TRUE,1000,1000,1000,1.5,1000,1,5
1544,l,TRUE,0.05,09:16,15:10,15:15,15,0,1.5,-100,100,40,3,0,1000,30,-15,-6,0,1000,TRUE,1000,1000,1000,1.5,1000,1,5
1545,l,TRUE,0.05,09:16,15:10,15:15,15,0,1.5,-100,100,40,3,0,1000,30,-15,-7,0,1000,TRUE,1000,1000,1000,1.5,1000,1,5
1546,l,TRUE,0.05,09:16,15:10,15:15,15,0,1.5,-100,100,40,3,0,1000,30,-15,-8,0,1000,TRUE,1000,1000,1000,1.5,1000,1,5
1547,l,TRUE,0.05,09:16,15:10,15:15,15,0,1.5,-100,100,40,3,0,1000,30,-15,-9,0,1000,TRUE,1000,1000,1000,1.5,1000,1,5
1548,l,TRUE,0.05,09:16,15:10,15:15,15,0,1.5,-100,100,40,3,0,1000,30,-15,-10,0,1000,TRUE,1000,1000,1000,1.5,1000,1,5
1549,l,TRUE,0.05,09:16,15:10,15:15,15,0,1.5,-100,100,50,2,0,1000,15,-15,0,0,1000,TRUE,1000,1000,1000,1.5,1000,1,5
1550,l,TRUE,0.05,09:16,15:10,15:15,15,0,1.5,-100,100,50,2,0,1000,15,-15,-1,0,1000,TRUE,1000,1000,1000,1.5,1000,1,5
1551,l,TRUE,0.05,09:16,15:10,15:15,15,0,1.5,-100,100,50,2,0,1000,15,-15,-2,0,1000,TRUE,1000,1000,1000,1.5,1000,1,5
1552,l,TRUE,0.05,09:16,15:10,15:15,15,0,1.5,-100,100,50,2,0,1000,15,-15,-3,0,1000,TRUE,1000,1000,1000,1.5,1000,1,5
1553,l,TRUE,0.05,09:16,15:10,15:15,15,0,1.5,-100,100,50,2,0,1000,15,-15,-4,0,1000,TRUE,1000,1000,1000,1.5,1000,1,5
1554,l,TRUE,0.05,09:16,15:10,15:15,15,0,1.5,-100,100,50,2,0,1000,15,-15,-5,0,1000,TRUE,1000,1000,1000,1.5,1000,1,5
1555,l,TRUE,0.05,09:16,15:10,15:15,15,0,1.5,-100,100,50,2,0,1000,15,-15,-6,0,1000,TRUE,1000,1000,1000,1.5,1000,1,5
1556,l,TRUE,0.05,09:16,15:10,15:15,15,0,1.5,-100,100,50,2,0,1000,15,-15,-7,0,1000,TRUE,1000,1000,1000,1.5,1000,1,5
1557,l,TRUE,0.05,09:16,15:10,15:15,15,0,1.5,-100,100,50,2,0,1000,15,-15,-8,0,1000,TRUE,1000,1000,1000,1.5,1000,1,5
1558,l,TRUE,0.05,09:16,15:10,15:15,15,0,1.5,-100,100,50,2,0,1000,15,-15,-9,0,1000,TRUE,1000,1000,1000,1.5,1000,1,5
1559,l,TRUE,0.05,09:16,15:10,15:15,15,0,1.5,-100,100,50,2,0,1000,15,-15,-10,0,1000,TRUE,1000,1000,1000,1.5,1000,1,5
1560,l,TRUE,0.05,09:16,15:10,15:15,15,0,1.5,-100,100,50,2,0,1000,20,-15,0,0,1000,TRUE,1000,1000,1000,1.5,1000,1,5
1561,l,TRUE,0.05,09:16,15:10,15:15,15,0,1.5,-100,100,50,2,0,1000,20,-15,-1,0,1000,TRUE,1000,1000,1000,1.5,1000,1,5
1562,l,TRUE,0.05,09:16,15:10,15:15,15,0,1.5,-100,100,50,2,0,1000,20,-15,-2,0,1000,TRUE,1000,1000,1000,1.5,1000,1,5
1563,l,TRUE,0.05,09:16,15:10,15:15,15,0,1.5,-100,100,50,2,0,1000,20,-15,-3,0,1000,TRUE,1000,1000,1000,1.5,1000,1,5
1564,l,TRUE,0.05,09:16,15:10,15:15,15,0,1.5,-100,100,50,2,0,1000,20,-15,-4,0,1000,TRUE,1000,1000,1000,1.5,1000,1,5
1565,l,TRUE,0.05,09:16,15:10,15:15,15,0,1.5,-100,100,50,2,0,1000,20,-15,-5,0,1000,TRUE,1000,1000,1000,1.5,1000,1,5
1566,l,TRUE,0.05,09:16,15:10,15:15,15,0,1.5,-100,100,50,2,0,1000,20,-15,-6,0,1000,TRUE,1000,1000,1000,1.5,1000,1,5
1567,l,TRUE,0.05,09:16,15:10,15:15,15,0,1.5,-100,100,50,2,0,1000,20,-15,-7,0,1000,TRUE,1000,1000,1000,1.5,1000,1,5
1568,l,TRUE,0.05,09:16,15:10,15:15,15,0,1.5,-100,100,50,2,0,1000,20,-15,-8,0,1000,TRUE,1000,1000,1000,1.5,1000,1,5
1569,l,TRUE,0.05,09:16,15:10,15:15,15,0,1.5,-100,100,50,2,0,1000,20,-15,-9,0,1000,TRUE,1000,1000,1000,1.5,1000,1,5
1570,l,TRUE,0.05,09:16,15:10,15:15,15,0,1.5,-100,100,50,2,0,1000,20,-15,-10,0,1000,TRUE,1000,1000,1000,1.5,1000,1,5
1571,l,TRUE,0.05,09:16,15:10,15:15,15,0,1.5,-100,100,50,2,0,1000,30,-15,0,0,1000,TRUE,1000,1000,1000,1.5,1000,1,5
1572,l,TRUE,0.05,09:16,15:10,15:15,15,0,1.5,-100,100,50,2,0,1000,30,-15,-1,0,1000,TRUE,1000,1000,1000,1.5,1000,1,5
1573,l,TRUE,0.05,09:16,15:10,15:15,15,0,1.5,-100,100,50,2,0,1000,30,-15,-2,0,1000,TRUE,1000,1000,1000,1.5,1000,1,5
1574,l,TRUE,0.05,09:16,15:10,15:15,15,0,1.5,-100,100,50,2,0,1000,30,-15,-3,0,1000,TRUE,1000,1000,1000,1.5,1000,1,5
1575,l,TRUE,0.05,09:16,15:10,15:15,15,0,1.5,-100,100,50,2,0,1000,30,-15,-4,0,1000,TRUE,1000,1000,1000,1.5,1000,1,5
1576,l,TRUE,0.05,09:16,15:10,15:15,15,0,1.5,-100,100,50,2,0,1000,30,-15,-5,0,1000,TRUE,1000,1000,1000,1.5,1000,1,5
1577,l,TRUE,0.05,09:16,15:10,15:15,15,0,1.5,-100,100,50,2,0,1000,30,-15,-6,0,1000,TRUE,1000,1000,1000,1.5,1000,1,5
1578,l,TRUE,0.05,09:16,15:10,15:15,15,0,1.5,-100,100,50,2,0,1000,30,-15,-7,0,1000,TRUE,1000,1000,1000,1.5,1000,1,5
1579,l,TRUE,0.05,09:16,15:10,15:15,15,0,1.5,-100,100,50,2,0,1000,30,-15,-8,0,1000,TRUE,1000,1000,1000,1.5,1000,1,5
1580,l,TRUE,0.05,09:16,15:10,15:15,15,0,1.5,-100,100,50,2,0,1000,30,-15,-9,0,1000,TRUE,1000,1000,1000,1.5,1000,1,5
1581,l,TRUE,0.05,09:16,15:10,15:15,15,0,1.5,-100,100,50,2,0,1000,30,-15,-10,0,1000,TRUE,1000,1000,1000,1.5,1000,1,5
1582,l,TRUE,0.05,09:16,15:10,15:15,15,0,1.5,-100,100,50,3,0,1000,15,-15,0,0,1000,TRUE,1000,1000,1000,1.5,1000,1,5
1583,l,TRUE,0.05,09:16,15:10,15:15,15,0,1.5,-100,100,50,3,0,1000,15,-15,-1,0,1000,TRUE,1000,1000,1000,1.5,1000,1,5
1584,l,TRUE,0.05,09:16,15:10,15:15,15,0,1.5,-100,100,50,3,0,1000,15,-15,-2,0,1000,TRUE,1000,1000,1000,1.5,1000,1,5
1585,l,TRUE,0.05,09:16,15:10,15:15,15,0,1.5,-100,100,50,3,0,1000,15,-15,-3,0,1000,TRUE,1000,1000,1000,1.5,1000,1,5
1586,l,TRUE,0.05,09:16,15:10,15:15,15,0,1.5,-100,100,50,3,0,1000,15,-15,-4,0,1000,TRUE,1000,1000,1000,1.5,1000,1,5
1587,l,TRUE,0.05,09:16,15:10,15:15,15,0,1.5,-100,100,50,3,0,1000,15,-15,-5,0,1000,TRUE,1000,1000,1000,1.5,1000,1,5
1588,l,TRUE,0.05,09:16,15:10,15:15,15,0,1.5,-100,100,50,3,0,1000,15,-15,-6,0,1000,TRUE,1000,1000,1000,1.5,1000,1,5
1589,l,TRUE,0.05,09:16,15:10,15:15,15,0,1.5,-100,100,50,3,0,1000,15,-15,-7,0,1000,TRUE,1000,1000,1000,1.5,1000,1,5
1590,l,TRUE,0.05,09:16,15:10,15:15,15,0,1.5,-100,100,50,3,0,1000,15,-15,-8,0,1000,TRUE,1000,1000,1000,1.5,1000,1,5
1591,l,TRUE,0.05,09:16,15:10,15:15,15,0,1.5,-100,100,50,3,0,1000,15,-15,-9,0,1000,TRUE,1000,1000,1000,1.5,1000,1,5
1592,l,TRUE,0.05,09:16,15:10,15:15,15,0,1.5,-100,100,50,3,0,1000,15,-15,-10,0,1000,TRUE,1000,1000,1000,1.5,1000,1,5
1593,l,TRUE,0.05,09:16,15:10,15:15,15,0,1.5,-100,100,50,3,0,1000,20,-15,0,0,1000,TRUE,1000,1000,1000,1.5,1000,1,5
1594,l,TRUE,0.05,09:16,15:10,15:15,15,0,1.5,-100,100,50,3,0,1000,20,-15,-1,0,1000,TRUE,1000,1000,1000,1.5,1000,1,5
1595,l,TRUE,0.05,09:16,15:10,15:15,15,0,1.5,-100,100,50,3,0,1000,20,-15,-2,0,1000,TRUE,1000,1000,1000,1.5,1000,1,5
1596,l,TRUE,0.05,09:16,15:10,15:15,15,0,1.5,-100,100,50,3,0,1000,20,-15,-3,0,1000,TRUE,1000,1000,1000,1.5,1000,1,5
1597,l,TRUE,0.05,09:16,15:10,15:15,15,0,1.5,-100,100,50,3,0,1000,20,-15,-4,0,1000,TRUE,1000,1000,1000,1.5,1000,1,5
1598,l,TRUE,0.05,09:16,15:10,15:15,15,0,1.5,-100,100,50,3,0,1000,20,-15,-5,0,1000,TRUE,1000,1000,1000,1.5,1000,1,5
1599,l,TRUE,0.05,09:16,15:10,15:15,15,0,1.5,-100,100,50,3,0,1000,20,-15,-6,0,1000,TRUE,1000,1000,1000,1.5,1000,1,5
1600,l,TRUE,0.05,09:16,15:10,15:15,15,0,1.5,-100,100,50,3,0,1000,20,-15,-7,0,1000,TRUE,1000,1000,1000,1.5,1000,1,5
1601,l,TRUE,0.05,09:16,15:10,15:15,15,0,1.5,-100,100,50,3,0,1000,20,-15,-8,0,1000,TRUE,1000,1000,1000,1.5,1000,1,5
1602,l,TRUE,0.05,09:16,15:10,15:15,15,0,1.5,-100,100,50,3,0,1000,20,-15,-9,0,1000,TRUE,1000,1000,1000,1.5,1000,1,5
1603,l,TRUE,0.05,09:16,15:10,15:15,15,0,1.5,-100,100,50,3,0,1000,20,-15,-10,0,1000,TRUE,1000,1000,1000,1.5,1000,1,5
1604,l,TRUE,0.05,09:16,15:10,15:15,15,0,1.5,-100,100,50,3,0,1000,30,-15,0,0,1000,TRUE,1000,1000,1000,1.5,1000,1,5
1605,l,TRUE,0.05,09:16,15:10,15:15,15,0,1.5,-100,100,50,3,0,1000,30,-15,-1,0,1000,TRUE,1000,1000,1000,1.5,1000,1,5
1606,l,TRUE,0.05,09:16,15:10,15:15,15,0,1.5,-100,100,50,3,0,1000,30,-15,-2,0,1000,TRUE,1000,1000,1000,1.5,1000,1,5
1607,l,TRUE,0.05,09:16,15:10,15:15,15,0,1.5,-100,100,50,3,0,1000,30,-15,-3,0,1000,TRUE,1000,1000,1000,1.5,1000,1,5
1608,l,TRUE,0.05,09:16,15:10,15:15,15,0,1.5,-100,100,50,3,0,1000,30,-15,-4,0,1000,TRUE,1000,1000,1000,1.5,1000,1,5
1609,l,TRUE,0.05,09:16,15:10,15:15,15,0,1.5,-100,100,50,3,0,1000,30,-15,-5,0,1000,TRUE,1000,1000,1000,1.5,1000,1,5
1610,l,TRUE,0.05,09:16,15:10,15:15,15,0,1.5,-100,100,50,3,0,1000,30,-15,-6,0,1000,TRUE,1000,1000,1000,1.5,1000,1,5
1611,l,TRUE,0.05,09:16,15:10,15:15,15,0,1.5,-100,100,50,3,0,1000,30,-15,-7,0,1000,TRUE,1000,1000,1000,1.5,1000,1,5
1612,l,TRUE,0.05,09:16,15:10,15:15,15,0,1.5,-100,100,50,3,0,1000,30,-15,-8,0,1000,TRUE,1000,1000,1000,1.5,1000,1,5
1613,l,TRUE,0.05,09:16,15:10,15:15,15,0,1.5,-100,100,50,3,0,1000,30,-15,-9,0,1000,TRUE,1000,1000,1000,1.5,1000,1,5
1614,l,TRUE,0.05,09:16,15:10,15:15,15,0,1.5,-100,100,50,3,0,1000,30,-15,-10,0,1000,TRUE,1000,1000,1000,1.5,1000,1,5
1615,l,TRUE,0.05,09:16,15:10,15:15,15,0,1.5,-100,100,60,2,0,1000,15,-15,0,0,1000,TRUE,1000,1000,1000,1.5,1000,1,5
1616,l,TRUE,0.05,09:16,15:10,15:15,15,0,1.5,-100,100,60,2,0,1000,15,-15,-1,0,1000,TRUE,1000,1000,1000,1.5,1000,1,5
1617,l,TRUE,0.05,09:16,15:10,15:15,15,0,1.5,-100,100,60,2,0,1000,15,-15,-2,0,1000,TRUE,1000,1000,1000,1.5,1000,1,5
1618,l,TRUE,0.05,09:16,15:10,15:15,15,0,1.5,-100,100,60,2,0,1000,15,-15,-3,0,1000,TRUE,1000,1000,1000,1.5,1000,1,5
1619,l,TRUE,0.05,09:16,15:10,15:15,15,0,1.5,-100,100,60,2,0,1000,15,-15,-4,0,1000,TRUE,1000,1000,1000,1.5,1000,1,5
1620,l,TRUE,0.05,09:16,15:10,15:15,15,0,1.5,-100,100,60,2,0,1000,15,-15,-5,0,1000,TRUE,1000,1000,1000,1.5,1000,1,5
1621,l,TRUE,0.05,09:16,15:10,15:15,15,0,1.5,-100,100,60,2,0,1000,15,-15,-6,0,1000,TRUE,1000,1000,1000,1.5,1000,1,5
1622,l,TRUE,0.05,09:16,15:10,15:15,15,0,1.5,-100,100,60,2,0,1000,15,-15,-7,0,1000,TRUE,1000,1000,1000,1.5,1000,1,5
1623,l,TRUE,0.05,09:16,15:10,15:15,15,0,1.5,-100,100,60,2,0,1000,15,-15,-8,0,1000,TRUE,1000,1000,1000,1.5,1000,1,5
1624,l,TRUE,0.05,09:16,15:10,15:15,15,0,1.5,-100,100,60,2,0,1000,15,-15,-9,0,1000,TRUE,1000,1000,1000,1.5,1000,1,5
1625,l,TRUE,0.05,09:16,15:10,15:15,15,0,1.5,-100,100,60,2,0,1000,15,-15,-10,0,1000,TRUE,1000,1000,1000,1.5,1000,1,5
1626,l,TRUE,0.05,09:16,15:10,15:15,15,0,1.5,-100,100,60,2,0,1000,20,-15,0,0,1000,TRUE,1000,1000,1000,1.5,1000,1,5
1627,l,TRUE,0.05,09:16,15:10,15:15,15,0,1.5,-100,100,60,2,0,1000,20,-15,-1,0,1000,TRUE,1000,1000,1000,1.5,1000,1,5
1628,l,TRUE,0.05,09:16,15:10,15:15,15,0,1.5,-100,100,60,2,0,1000,20,-15,-2,0,1000,TRUE,1000,1000,1000,1.5,1000,1,5
1629,l,TRUE,0.05,09:16,15:10,15:15,15,0,1.5,-100,100,60,2,0,1000,20,-15,-3,0,1000,TRUE,1000,1000,1000,1.5,1000,1,5
1630,l,TRUE,0.05,09:16,15:10,15:15,15,0,1.5,-100,100,60,2,0,1000,20,-15,-4,0,1000,TRUE,1000,1000,1000,1.5,1000,1,5
1631,l,TRUE,0.05,09:16,15:10,15:15,15,0,1.5,-100,100,60,2,0,1000,20,-15,-5,0,1000,TRUE,1000,1000,1000,1.5,1000,1,5
1632,l,TRUE,0.05,09:16,15:10,15:15,15,0,1.5,-100,100,60,2,0,1000,20,-15,-6,0,1000,TRUE,1000,1000,1000,1.5,1000,1,5
1633,l,TRUE,0.05,09:16,15:10,15:15,15,0,1.5,-100,100,60,2,0,1000,20,-15,-7,0,1000,TRUE,1000,1000,1000,1.5,1000,1,5
1634,l,TRUE,0.05,09:16,15:10,15:15,15,0,1.5,-100,100,60,2,0,1000,20,-15,-8,0,1000,TRUE,1000,1000,1000,1.5,1000,1,5
1635,l,TRUE,0.05,09:16,15:10,15:15,15,0,1.5,-100,100,60,2,0,1000,20,-15,-9,0,1000,TRUE,1000,1000,1000,1.5,1000,1,5
1636,l,TRUE,0.05,09:16,15:10,15:15,15,0,1.5,-100,100,60,2,0,1000,20,-15,-10,0,1000,TRUE,1000,1000,1000,1.5,1000,1,5
1637,l,TRUE,0.05,09:16,15:10,15:15,15,0,1.5,-100,100,60,2,0,1000,30,-15,0,0,1000,TRUE,1000,1000,1000,1.5,1000,1,5
1638,l,TRUE,0.05,09:16,15:10,15:15,15,0,1.5,-100,100,60,2,0,1000,30,-15,-1,0,1000,TRUE,1000,1000,1000,1.5,1000,1,5
1639,l,TRUE,0.05,09:16,15:10,15:15,15,0,1.5,-100,100,60,2,0,1000,30,-15,-2,0,1000,TRUE,1000,1000,1000,1.5,1000,1,5
1640,l,TRUE,0.05,09:16,15:10,15:15,15,0,1.5,-100,100,60,2,0,1000,30,-15,-3,0,1000,TRUE,1000,1000,1000,1.5,1000,1,5
1641,l,TRUE,0.05,09:16,15:10,15:15,15,0,1.5,-100,100,60,2,0,1000,30,-15,-4,0,1000,TRUE,1000,1000,1000,1.5,1000,1,5
1642,l,TRUE,0.05,09:16,15:10,15:15,15,0,1.5,-100,100,60,2,0,1000,30,-15,-5,0,1000,TRUE,1000,1000,1000,1.5,1000,1,5
1643,l,TRUE,0.05,09:16,15:10,15:15,15,0,1.5,-100,100,60,2,0,1000,30,-15,-6,0,1000,TRUE,1000,1000,1000,1.5,1000,1,5
1644,l,TRUE,0.05,09:16,15:10,15:15,15,0,1.5,-100,100,60,2,0,1000,30,-15,-7,0,1000,TRUE,1000,1000,1000,1.5,1000,1,5
1645,l,TRUE,0.05,09:16,15:10,15:15,15,0,1.5,-100,100,60,2,0,1000,30,-15,-8,0,1000,TRUE,1000,1000,1000,1.5,1000,1,5
1646,l,TRUE,0.05,09:16,15:10,15:15,15,0,1.5,-100,100,60,2,0,1000,30,-15,-9,0,1000,TRUE,1000,1000,1000,1.5,1000,1,5
1647,l,TRUE,0.05,09:16,15:10,15:15,15,0,1.5,-100,100,60,2,0,1000,30,-15,-10,0,1000,TRUE,1000,1000,1000,1.5,1000,1,5
1648,l,TRUE,0.05,09:16,15:10,15:15,15,0,1.5,-100,100,60,3,0,1000,15,-15,0,0,1000,TRUE,1000,1000,1000,1.5,1000,1,5
1649,l,TRUE,0.05,09:16,15:10,15:15,15,0,1.5,-100,100,60,3,0,1000,15,-15,-1,0,1000,TRUE,1000,1000,1000,1.5,1000,1,5
1650,l,TRUE,0.05,09:16,15:10,15:15,15,0,1.5,-100,100,60,3,0,1000,15,-15,-2,0,1000,TRUE,1000,1000,1000,1.5,1000,1,5
1651,l,TRUE,0.05,09:16,15:10,15:15,15,0,1.5,-100,100,60,3,0,1000,15,-15,-3,0,1000,TRUE,1000,1000,1000,1.5,1000,1,5
1652,l,TRUE,0.05,09:16,15:10,15:15,15,0,1.5,-100,100,60,3,0,1000,15,-15,-4,0,1000,TRUE,1000,1000,1000,1.5,1000,1,5
1653,l,TRUE,0.05,09:16,15:10,15:15,15,0,1.5,-100,100,60,3,0,1000,15,-15,-5,0,1000,TRUE,1000,1000,1000,1.5,1000,1,5
1654,l,TRUE,0.05,09:16,15:10,15:15,15,0,1.5,-100,100,60,3,0,1000,15,-15,-6,0,1000,TRUE,1000,1000,1000,1.5,1000,1,5
1655,l,TRUE,0.05,09:16,15:10,15:15,15,0,1.5,-100,100,60,3,0,1000,15,-15,-7,0,1000,TRUE,1000,1000,1000,1.5,1000,1,5
1656,l,TRUE,0.05,09:16,15:10,15:15,15,0,1.5,-100,100,60,3,0,1000,15,-15,-8,0,1000,TRUE,1000,1000,1000,1.5,1000,1,5
1657,l,TRUE,0.05,09:16,15:10,15:15,15,0,1.5,-100,100,60,3,0,1000,15,-15,-9,0,1000,TRUE,1000,1000,1000,1.5,1000,1,5
1658,l,TRUE,0.05,09:16,15:10,15:15,15,0,1.5,-100,100,60,3,0,1000,15,-15,-10,0,1000,TRUE,1000,1000,1000,1.5,1000,1,5
1659,l,TRUE,0.05,09:16,15:10,15:15,15,0,1.5,-100,100,60,3,0,1000,20,-15,0,0,1000,TRUE,1000,1000,1000,1.5,1000,1,5
1660,l,TRUE,0.05,09:16,15:10,15:15,15,0,1.5,-100,100,60,3,0,1000,20,-15,-1,0,1000,TRUE,1000,1000,1000,1.5,1000,1,5
1661,l,TRUE,0.05,09:16,15:10,15:15,15,0,1.5,-100,100,60,3,0,1000,20,-15,-2,0,1000,TRUE,1000,1000,1000,1.5,1000,1,5
1662,l,TRUE,0.05,09:16,15:10,15:15,15,0,1.5,-100,100,60,3,0,1000,20,-15,-3,0,1000,TRUE,1000,1000,1000,1.5,1000,1,5
1663,l,TRUE,0.05,09:16,15:10,15:15,15,0,1.5,-100,100,60,3,0,1000,20,-15,-4,0,1000,TRUE,1000,1000,1000,1.5,1000,1,5
1664,l,TRUE,0.05,09:16,15:10,15:15,15,0,1.5,-100,100,60,3,0,1000,20,-15,-5,0,1000,TRUE,1000,1000,1000,1.5,1000,1,5
1665,l,TRUE,0.05,09:16,15:10,15:15,15,0,1.5,-100,100,60,3,0,1000,20,-15,-6,0,1000,TRUE,1000,1000,1000,1.5,1000,1,5
1666,l,TRUE,0.05,09:16,15:10,15:15,15,0,1.5,-100,100,60,3,0,1000,20,-15,-7,0,1000,TRUE,1000,1000,1000,1.5,1000,1,5
1667,l,TRUE,0.05,09:16,15:10,15:15,15,0,1.5,-100,100,60,3,0,1000,20,-15,-8,0,1000,TRUE,1000,1000,1000,1.5,1000,1,5
1668,l,TRUE,0.05,09:16,15:10,15:15,15,0,1.5,-100,100,60,3,0,1000,20,-15,-9,0,1000,TRUE,1000,1000,1000,1.5,1000,1,5
1669,l,TRUE,0.05,09:16,15:10,15:15,15,0,1.5,-100,100,60,3,0,1000,20,-15,-10,0,1000,TRUE,1000,1000,1000,1.5,1000,1,5
1670,l,TRUE,0.05,09:16,15:10,15:15,15,0,1.5,-100,100,60,3,0,1000,30,-15,0,0,1000,TRUE,1000,1000,1000,1.5,1000,1,5
1671,l,TRUE,0.05,09:16,15:10,15:15,15,0,1.5,-100,100,60,3,0,1000,30,-15,-1,0,1000,TRUE,1000,1000,1000,1.5,1000,1,5
1672,l,TRUE,0.05,09:16,15:10,15:15,15,0,1.5,-100,100,60,3,0,1000,30,-15,-2,0,1000,TRUE,1000,1000,1000,1.5,1000,1,5
1673,l,TRUE,0.05,09:16,15:10,15:15,15,0,1.5,-100,100,60,3,0,1000,30,-15,-3,0,1000,TRUE,1000,1000,1000,1.5,1000,1,5
1674,l,TRUE,0.05,09:16,15:10,15:15,15,0,1.5,-100,100,60,3,0,1000,30,-15,-4,0,1000,TRUE,1000,1000,1000,1.5,1000,1,5
1675,l,TRUE,0.05,09:16,15:10,15:15,15,0,1.5,-100,100,60,3,0,1000,30,-15,-5,0,1000,TRUE,1000,1000,1000,1.5,1000,1,5
1676,l,TRUE,0.05,09:16,15:10,15:15,15,0,1.5,-100,100,60,3,0,1000,30,-15,-6,0,1000,TRUE,1000,1000,1000,1.5,1000,1,5
1677,l,TRUE,0.05,09:16,15:10,15:15,15,0,1.5,-100,100,60,3,0,1000,30,-15,-7,0,1000,TRUE,1000,1000,1000,1.5,1000,1,5
1678,l,TRUE,0.05,09:16,15:10,15:15,15,0,1.5,-100,100,60,3,0,1000,30,-15,-8,0,1000,TRUE,1000,1000,1000,1.5,1000,1,5
1679,l,TRUE,0.05,09:16,15:10,15:15,15,0,1.5,-100,100,60,3,0,1000,30,-15,-9,0,1000,TRUE,1000,1000,1000,1.5,1000,1,5
1680,l,TRUE,0.05,09:16,15:10,15:15,15,0,1.5,-100,100,60,3,0,1000,30,-15,-10,0,1000,TRUE,1000,1000,1000,1.5,1000,1,5
1681,l,TRUE,0.05,09:16,15:10,15:15,15,0,1.5,-100,100,20,2,0,1000,15,-20,0,0,1000,TRUE,1000,1000,1000,1.5,1000,1,5
1682,l,TRUE,0.05,09:16,15:10,15:15,15,0,1.5,-100,100,20,2,0,1000,15,-20,-1,0,1000,TRUE,1000,1000,1000,1.5,1000,1,5
1683,l,TRUE,0.05,09:16,15:10,15:15,15,0,1.5,-100,100,20,2,0,1000,15,-20,-2,0,1000,TRUE,1000,1000,1000,1.5,1000,1,5
1684,l,TRUE,0.05,09:16,15:10,15:15,15,0,1.5,-100,100,20,2,0,1000,15,-20,-3,0,1000,TRUE,1000,1000,1000,1.5,1000,1,5
1685,l,TRUE,0.05,09:16,15:10,15:15,15,0,1.5,-100,100,20,2,0,1000,15,-20,-4,0,1000,TRUE,1000,1000,1000,1.5,1000,1,5
1686,l,TRUE,0.05,09:16,15:10,15:15,15,0,1.5,-100,100,20,2,0,1000,15,-20,-5,0,1000,TRUE,1000,1000,1000,1.5,1000,1,5
1687,l,TRUE,0.05,09:16,15:10,15:15,15,0,1.5,-100,100,20,2,0,1000,15,-20,-6,0,1000,TRUE,1000,1000,1000,1.5,1000,1,5
1688,l,TRUE,0.05,09:16,15:10,15:15,15,0,1.5,-100,100,20,2,0,1000,15,-20,-7,0,1000,TRUE,1000,1000,1000,1.5,1000,1,5
1689,l,TRUE,0.05,09:16,15:10,15:15,15,0,1.5,-100,100,20,2,0,1000,15,-20,-8,0,1000,TRUE,1000,1000,1000,1.5,1000,1,5
1690,l,TRUE,0.05,09:16,15:10,15:15,15,0,1.5,-100,100,20,2,0,1000,15,-20,-9,0,1000,TRUE,1000,1000,1000,1.5,1000,1,5
1691,l,TRUE,0.05,09:16,15:10,15:15,15,0,1.5,-100,100,20,2,0,1000,15,-20,-10,0,1000,TRUE,1000,1000,1000,1.5,1000,1,5
1692,l,TRUE,0.05,09:16,15:10,15:15,15,0,1.5,-100,100,20,2,0,1000,15,-20,-15,0,1000,TRUE,1000,1000,1000,1.5,1000,1,5
1693,l,TRUE,0.05,09:16,15:10,15:15,15,0,1.5,-100,100,20,2,0,1000,20,-20,0,0,1000,TRUE,1000,1000,1000,1.5,1000,1,5
1694,l,TRUE,0.05,09:16,15:10,15:15,15,0,1.5,-100,100,20,2,0,1000,20,-20,-1,0,1000,TRUE,1000,1000,1000,1.5,1000,1,5
1695,l,TRUE,0.05,09:16,15:10,15:15,15,0,1.5,-100,100,20,2,0,1000,20,-20,-2,0,1000,TRUE,1000,1000,1000,1.5,1000,1,5
1696,l,TRUE,0.05,09:16,15:10,15:15,15,0,1.5,-100,100,20,2,0,1000,20,-20,-3,0,1000,TRUE,1000,1000,1000,1.5,1000,1,5
1697,l,TRUE,0.05,09:16,15:10,15:15,15,0,1.5,-100,100,20,2,0,1000,20,-20,-4,0,1000,TRUE,1000,1000,1000,1.5,1000,1,5
1698,l,TRUE,0.05,09:16,15:10,15:15,15,0,1.5,-100,100,20,2,0,1000,20,-20,-5,0,1000,TRUE,1000,1000,1000,1.5,1000,1,5
1699,l,TRUE,0.05,09:16,15:10,15:15,15,0,1.5,-100,100,20,2,0,1000,20,-20,-6,0,1000,TRUE,1000,1000,1000,1.5,1000,1,5
1700,l,TRUE,0.05,09:16,15:10,15:15,15,0,1.5,-100,100,20,2,0,1000,20,-20,-7,0,1000,TRUE,1000,1000,1000,1.5,1000,1,5
1701,l,TRUE,0.05,09:16,15:10,15:15,15,0,1.5,-100,100,20,2,0,1000,20,-20,-8,0,1000,TRUE,1000,1000,1000,1.5,1000,1,5
1702,l,TRUE,0.05,09:16,15:10,15:15,15,0,1.5,-100,100,20,2,0,1000,20,-20,-9,0,1000,TRUE,1000,1000,1000,1.5,1000,1,5
1703,l,TRUE,0.05,09:16,15:10,15:15,15,0,1.5,-100,100,20,2,0,1000,20,-20,-10,0,1000,TRUE,1000,1000,1000,1.5,1000,1,5
1704,l,TRUE,0.05,09:16,15:10,15:15,15,0,1.5,-100,100,20,2,0,1000,20,-20,-15,0,1000,TRUE,1000,1000,1000,1.5,1000,1,5
1705,l,TRUE,0.05,09:16,15:10,15:15,15,0,1.5,-100,100,20,2,0,1000,30,-20,0,0,1000,TRUE,1000,1000,1000,1.5,1000,1,5
1706,l,TRUE,0.05,09:16,15:10,15:15,15,0,1.5,-100,100,20,2,0,1000,30,-20,-1,0,1000,TRUE,1000,1000,1000,1.5,1000,1,5
1707,l,TRUE,0.05,09:16,15:10,15:15,15,0,1.5,-100,100,20,2,0,1000,30,-20,-2,0,1000,TRUE,1000,1000,1000,1.5,1000,1,5
1708,l,TRUE,0.05,09:16,15:10,15:15,15,0,1.5,-100,100,20,2,0,1000,30,-20,-3,0,1000,TRUE,1000,1000,1000,1.5,1000,1,5
1709,l,TRUE,0.05,09:16,15:10,15:15,15,0,1.5,-100,100,20,2,0,1000,30,-20,-4,0,1000,TRUE,1000,1000,1000,1.5,1000,1,5
1710,l,TRUE,0.05,09:16,15:10,15:15,15,0,1.5,-100,100,20,2,0,1000,30,-20,-5,0,1000,TRUE,1000,1000,1000,1.5,1000,1,5
1711,l,TRUE,0.05,09:16,15:10,15:15,15,0,1.5,-100,100,20,2,0,1000,30,-20,-6,0,1000,TRUE,1000,1000,1000,1.5,1000,1,5
1712,l,TRUE,0.05,09:16,15:10,15:15,15,0,1.5,-100,100,20,2,0,1000,30,-20,-7,0,1000,TRUE,1000,1000,1000,1.5,1000,1,5
1713,l,TRUE,0.05,09:16,15:10,15:15,15,0,1.5,-100,100,20,2,0,1000,30,-20,-8,0,1000,TRUE,1000,1000,1000,1.5,1000,1,5
1714,l,TRUE,0.05,09:16,15:10,15:15,15,0,1.5,-100,100,20,2,0,1000,30,-20,-9,0,1000,TRUE,1000,1000,1000,1.5,1000,1,5
1715,l,TRUE,0.05,09:16,15:10,15:15,15,0,1.5,-100,100,20,2,0,1000,30,-20,-10,0,1000,TRUE,1000,1000,1000,1.5,1000,1,5
1716,l,TRUE,0.05,09:16,15:10,15:15,15,0,1.5,-100,100,20,2,0,1000,30,-20,-15,0,1000,TRUE,1000,1000,1000,1.5,1000,1,5
1717,l,TRUE,0.05,09:16,15:10,15:15,15,0,1.5,-100,100,20,3,0,1000,15,-20,0,0,1000,TRUE,1000,1000,1000,1.5,1000,1,5
1718,l,TRUE,0.05,09:16,15:10,15:15,15,0,1.5,-100,100,20,3,0,1000,15,-20,-1,0,1000,TRUE,1000,1000,1000,1.5,1000,1,5
1719,l,TRUE,0.05,09:16,15:10,15:15,15,0,1.5,-100,100,20,3,0,1000,15,-20,-2,0,1000,TRUE,1000,1000,1000,1.5,1000,1,5
1720,l,TRUE,0.05,09:16,15:10,15:15,15,0,1.5,-100,100,20,3,0,1000,15,-20,-3,0,1000,TRUE,1000,1000,1000,1.5,1000,1,5
1721,l,TRUE,0.05,09:16,15:10,15:15,15,0,1.5,-100,100,20,3,0,1000,15,-20,-4,0,1000,TRUE,1000,1000,1000,1.5,1000,1,5
1722,l,TRUE,0.05,09:16,15:10,15:15,15,0,1.5,-100,100,20,3,0,1000,15,-20,-5,0,1000,TRUE,1000,1000,1000,1.5,1000,1,5
1723,l,TRUE,0.05,09:16,15:10,15:15,15,0,1.5,-100,100,20,3,0,1000,15,-20,-6,0,1000,TRUE,1000,1000,1000,1.5,1000,1,5
1724,l,TRUE,0.05,09:16,15:10,15:15,15,0,1.5,-100,100,20,3,0,1000,15,-20,-7,0,1000,TRUE,1000,1000,1000,1.5,1000,1,5
1725,l,TRUE,0.05,09:16,15:10,15:15,15,0,1.5,-100,100,20,3,0,1000,15,-20,-8,0,1000,TRUE,1000,1000,1000,1.5,1000,1,5
1726,l,TRUE,0.05,09:16,15:10,15:15,15,0,1.5,-100,100,20,3,0,1000,15,-20,-9,0,1000,TRUE,1000,1000,1000,1.5,1000,1,5
1727,l,TRUE,0.05,09:16,15:10,15:15,15,0,1.5,-100,100,20,3,0,1000,15,-20,-10,0,1000,TRUE,1000,1000,1000,1.5,1000,1,5
1728,l,TRUE,0.05,09:16,15:10,15:15,15,0,1.5,-100,100,20,3,0,1000,15,-20,-15,0,1000,TRUE,1000,1000,1000,1.5,1000,1,5
1729,l,TRUE,0.05,09:16,15:10,15:15,15,0,1.5,-100,100,20,3,0,1000,20,-20,0,0,1000,TRUE,1000,1000,1000,1.5,1000,1,5
1730,l,TRUE,0.05,09:16,15:10,15:15,15,0,1.5,-100,100,20,3,0,1000,20,-20,-1,0,1000,TRUE,1000,1000,1000,1.5,1000,1,5
1731,l,TRUE,0.05,09:16,15:10,15:15,15,0,1.5,-100,100,20,3,0,1000,20,-20,-2,0,1000,TRUE,1000,1000,1000,1.5,1000,1,5
1732,l,TRUE,0.05,09:16,15:10,15:15,15,0,1.5,-100,100,20,3,0,1000,20,-20,-3,0,1000,TRUE,1000,1000,1000,1.5,1000,1,5
1733,l,TRUE,0.05,09:16,15:10,15:15,15,0,1.5,-100,100,20,3,0,1000,20,-20,-4,0,1000,TRUE,1000,1000,1000,1.5,1000,1,5
1734,l,TRUE,0.05,09:16,15:10,15:15,15,0,1.5,-100,100,20,3,0,1000,20,-20,-5,0,1000,TRUE,1000,1000,1000,1.5,1000,1,5
1735,l,TRUE,0.05,09:16,15:10,15:15,15,0,1.5,-100,100,20,3,0,1000,20,-20,-6,0,1000,TRUE,1000,1000,1000,1.5,1000,1,5
1736,l,TRUE,0.05,09:16,15:10,15:15,15,0,1.5,-100,100,20,3,0,1000,20,-20,-7,0,1000,TRUE,1000,1000,1000,1.5,1000,1,5
1737,l,TRUE,0.05,09:16,15:10,15:15,15,0,1.5,-100,100,20,3,0,1000,20,-20,-8,0,1000,TRUE,1000,1000,1000,1.5,1000,1,5
1738,l,TRUE,0.05,09:16,15:10,15:15,15,0,1.5,-100,100,20,3,0,1000,20,-20,-9,0,1000,TRUE,1000,1000,1000,1.5,1000,1,5
1739,l,TRUE,0.05,09:16,15:10,15:15,15,0,1.5,-100,100,20,3,0,1000,20,-20,-10,0,1000,TRUE,1000,1000,1000,1.5,1000,1,5
1740,l,TRUE,0.05,09:16,15:10,15:15,15,0,1.5,-100,100,20,3,0,1000,20,-20,-15,0,1000,TRUE,1000,1000,1000,1.5,1000,1,5
1741,l,TRUE,0.05,09:16,15:10,15:15,15,0,1.5,-100,100,20,3,0,1000,30,-20,0,0,1000,TRUE,1000,1000,1000,1.5,1000,1,5
1742,l,TRUE,0.05,09:16,15:10,15:15,15,0,1.5,-100,100,20,3,0,1000,30,-20,-1,0,1000,TRUE,1000,1000,1000,1.5,1000,1,5
1743,l,TRUE,0.05,09:16,15:10,15:15,15,0,1.5,-100,100,20,3,0,1000,30,-20,-2,0,1000,TRUE,1000,1000,1000,1.5,1000,1,5
1744,l,TRUE,0.05,09:16,15:10,15:15,15,0,1.5,-100,100,20,3,0,1000,30,-20,-3,0,1000,TRUE,1000,1000,1000,1.5,1000,1,5
1745,l,TRUE,0.05,09:16,15:10,15:15,15,0,1.5,-100,100,20,3,0,1000,30,-20,-4,0,1000,TRUE,1000,1000,1000,1.5,1000,1,5
1746,l,TRUE,0.05,09:16,15:10,15:15,15,0,1.5,-100,100,20,3,0,1000,30,-20,-5,0,1000,TRUE,1000,1000,1000,1.5,1000,1,5
1747,l,TRUE,0.05,09:16,15:10,15:15,15,0,1.5,-100,100,20,3,0,1000,30,-20,-6,0,1000,TRUE,1000,1000,1000,1.5,1000,1,5
1748,l,TRUE,0.05,09:16,15:10,15:15,15,0,1.5,-100,100,20,3,0,1000,30,-20,-7,0,1000,TRUE,1000,1000,1000,1.5,1000,1,5
1749,l,TRUE,0.05,09:16,15:10,15:15,15,0,1.5,-100,100,20,3,0,1000,30,-20,-8,0,1000,TRUE,1000,1000,1000,1.5,1000,1,5
1750,l,TRUE,0.05,09:16,15:10,15:15,15,0,1.5,-100,100,20,3,0,1000,30,-20,-9,0,1000,TRUE,1000,1000,1000,1.5,1000,1,5
1751,l,TRUE,0.05,09:16,15:10,15:15,15,0,1.5,-100,100,20,3,0,1000,30,-20,-10,0,1000,TRUE,1000,1000,1000,1.5,1000,1,5
1752,l,TRUE,0.05,09:16,15:10,15:15,15,0,1.5,-100,100,20,3,0,1000,30,-20,-15,0,1000,TRUE,1000,1000,1000,1.5,1000,1,5
1753,l,TRUE,0.05,09:16,15:10,15:15,15,0,1.5,-100,100,30,2,0,1000,15,-20,0,0,1000,TRUE,1000,1000,1000,1.5,1000,1,5
1754,l,TRUE,0.05,09:16,15:10,15:15,15,0,1.5,-100,100,30,2,0,1000,15,-20,-1,0,1000,TRUE,1000,1000,1000,1.5,1000,1,5
1755,l,TRUE,0.05,09:16,15:10,15:15,15,0,1.5,-100,100,30,2,0,1000,15,-20,-2,0,1000,TRUE,1000,1000,1000,1.5,1000,1,5
1756,l,TRUE,0.05,09:16,15:10,15:15,15,0,1.5,-100,100,30,2,0,1000,15,-20,-3,0,1000,TRUE,1000,1000,1000,1.5,1000,1,5
1757,l,TRUE,0.05,09:16,15:10,15:15,15,0,1.5,-100,100,30,2,0,1000,15,-20,-4,0,1000,TRUE,1000,1000,1000,1.5,1000,1,5
1758,l,TRUE,0.05,09:16,15:10,15:15,15,0,1.5,-100,100,30,2,0,1000,15,-20,-5,0,1000,TRUE,1000,1000,1000,1.5,1000,1,5
1759,l,TRUE,0.05,09:16,15:10,15:15,15,0,1.5,-100,100,30,2,0,1000,15,-20,-6,0,1000,TRUE,1000,1000,1000,1.5,1000,1,5
1760,l,TRUE,0.05,09:16,15:10,15:15,15,0,1.5,-100,100,30,2,0,1000,15,-20,-7,0,1000,TRUE,1000,1000,1000,1.5,1000,1,5
1761,l,TRUE,0.05,09:16,15:10,15:15,15,0,1.5,-100,100,30,2,0,1000,15,-20,-8,0,1000,TRUE,1000,1000,1000,1.5,1000,1,5
1762,l,TRUE,0.05,09:16,15:10,15:15,15,0,1.5,-100,100,30,2,0,1000,15,-20,-9,0,1000,TRUE,1000,1000,1000,1.5,1000,1,5
1763,l,TRUE,0.05,09:16,15:10,15:15,15,0,1.5,-100,100,30,2,0,1000,15,-20,-10,0,1000,TRUE,1000,1000,1000,1.5,1000,1,5
1764,l,TRUE,0.05,09:16,15:10,15:15,15,0,1.5,-100,100,30,2,0,1000,15,-20,-15,0,1000,TRUE,1000,1000,1000,1.5,1000,1,5
1765,l,TRUE,0.05,09:16,15:10,15:15,15,0,1.5,-100,100,30,2,0,1000,20,-20,0,0,1000,TRUE,1000,1000,1000,1.5,1000,1,5
1766,l,TRUE,0.05,09:16,15:10,15:15,15,0,1.5,-100,100,30,2,0,1000,20,-20,-1,0,1000,TRUE,1000,1000,1000,1.5,1000,1,5
1767,l,TRUE,0.05,09:16,15:10,15:15,15,0,1.5,-100,100,30,2,0,1000,20,-20,-2,0,1000,TRUE,1000,1000,1000,1.5,1000,1,5
1768,l,TRUE,0.05,09:16,15:10,15:15,15,0,1.5,-100,100,30,2,0,1000,20,-20,-3,0,1000,TRUE,1000,1000,1000,1.5,1000,1,5
1769,l,TRUE,0.05,09:16,15:10,15:15,15,0,1.5,-100,100,30,2,0,1000,20,-20,-4,0,1000,TRUE,1000,1000,1000,1.5,1000,1,5
1770,l,TRUE,0.05,09:16,15:10,15:15,15,0,1.5,-100,100,30,2,0,1000,20,-20,-5,0,1000,TRUE,1000,1000,1000,1.5,1000,1,5
1771,l,TRUE,0.05,09:16,15:10,15:15,15,0,1.5,-100,100,30,2,0,1000,20,-20,-6,0,1000,TRUE,1000,1000,1000,1.5,1000,1,5
1772,l,TRUE,0.05,09:16,15:10,15:15,15,0,1.5,-100,100,30,2,0,1000,20,-20,-7,0,1000,TRUE,1000,1000,1000,1.5,1000,1,5
1773,l,TRUE,0.05,09:16,15:10,15:15,15,0,1.5,-100,100,30,2,0,1000,20,-20,-8,0,1000,TRUE,1000,1000,1000,1.5,1000,1,5
1774,l,TRUE,0.05,09:16,15:10,15:15,15,0,1.5,-100,100,30,2,0,1000,20,-20,-9,0,1000,TRUE,1000,1000,1000,1.5,1000,1,5
1775,l,TRUE,0.05,09:16,15:10,15:15,15,0,1.5,-100,100,30,2,0,1000,20,-20,-10,0,1000,TRUE,1000,1000,1000,1.5,1000,1,5
1776,l,TRUE,0.05,09:16,15:10,15:15,15,0,1.5,-100,100,30,2,0,1000,20,-20,-15,0,1000,TRUE,1000,1000,1000,1.5,1000,1,5
1777,l,TRUE,0.05,09:16,15:10,15:15,15,0,1.5,-100,100,30,2,0,1000,30,-20,0,0,1000,TRUE,1000,1000,1000,1.5,1000,1,5
1778,l,TRUE,0.05,09:16,15:10,15:15,15,0,1.5,-100,100,30,2,0,1000,30,-20,-1,0,1000,TRUE,1000,1000,1000,1.5,1000,1,5
1779,l,TRUE,0.05,09:16,15:10,15:15,15,0,1.5,-100,100,30,2,0,1000,30,-20,-2,0,1000,TRUE,1000,1000,1000,1.5,1000,1,5
1780,l,TRUE,0.05,09:16,15:10,15:15,15,0,1.5,-100,100,30,2,0,1000,30,-20,-3,0,1000,TRUE,1000,1000,1000,1.5,1000,1,5
1781,l,TRUE,0.05,09:16,15:10,15:15,15,0,1.5,-100,100,30,2,0,1000,30,-20,-4,0,1000,TRUE,1000,1000,1000,1.5,1000,1,5
1782,l,TRUE,0.05,09:16,15:10,15:15,15,0,1.5,-100,100,30,2,0,1000,30,-20,-5,0,1000,TRUE,1000,1000,1000,1.5,1000,1,5
1783,l,TRUE,0.05,09:16,15:10,15:15,15,0,1.5,-100,100,30,2,0,1000,30,-20,-6,0,1000,TRUE,1000,1000,1000,1.5,1000,1,5
1784,l,TRUE,0.05,09:16,15:10,15:15,15,0,1.5,-100,100,30,2,0,1000,30,-20,-7,0,1000,TRUE,1000,1000,1000,1.5,1000,1,5
1785,l,TRUE,0.05,09:16,15:10,15:15,15,0,1.5,-100,100,30,2,0,1000,30,-20,-8,0,1000,TRUE,1000,1000,1000,1.5,1000,1,5
1786,l,TRUE,0.05,09:16,15:10,15:15,15,0,1.5,-100,100,30,2,0,1000,30,-20,-9,0,1000,TRUE,1000,1000,1000,1.5,1000,1,5
1787,l,TRUE,0.05,09:16,15:10,15:15,15,0,1.5,-100,100,30,2,0,1000,30,-20,-10,0,1000,TRUE,1000,1000,1000,1.5,1000,1,5
1788,l,TRUE,0.05,09:16,15:10,15:15,15,0,1.5,-100,100,30,2,0,1000,30,-20,-15,0,1000,TRUE,1000,1000,1000,1.5,1000,1,5
1789,l,TRUE,0.05,09:16,15:10,15:15,15,0,1.5,-100,100,30,3,0,1000,15,-20,0,0,1000,TRUE,1000,1000,1000,1.5,1000,1,5
1790,l,TRUE,0.05,09:16,15:10,15:15,15,0,1.5,-100,100,30,3,0,1000,15,-20,-1,0,1000,TRUE,1000,1000,1000,1.5,1000,1,5
1791,l,TRUE,0.05,09:16,15:10,15:15,15,0,1.5,-100,100,30,3,0,1000,15,-20,-2,0,1000,TRUE,1000,1000,1000,1.5,1000,1,5
1792,l,TRUE,0.05,09:16,15:10,15:15,15,0,1.5,-100,100,30,3,0,1000,15,-20,-3,0,1000,TRUE,1000,1000,1000,1.5,1000,1,5
1793,l,TRUE,0.05,09:16,15:10,15:15,15,0,1.5,-100,100,30,3,0,1000,15,-20,-4,0,1000,TRUE,1000,1000,1000,1.5,1000,1,5
1794,l,TRUE,0.05,09:16,15:10,15:15,15,0,1.5,-100,100,30,3,0,1000,15,-20,-5,0,1000,TRUE,1000,1000,1000,1.5,1000,1,5
1795,l,TRUE,0.05,09:16,15:10,15:15,15,0,1.5,-100,100,30,3,0,1000,15,-20,-6,0,1000,TRUE,1000,1000,1000,1.5,1000,1,5
1796,l,TRUE,0.05,09:16,15:10,15:15,15,0,1.5,-100,100,30,3,0,1000,15,-20,-7,0,1000,TRUE,1000,1000,1000,1.5,1000,1,5
1797,l,TRUE,0.05,09:16,15:10,15:15,15,0,1.5,-100,100,30,3,0,1000,15,-20,-8,0,1000,TRUE,1000,1000,1000,1.5,1000,1,5
1798,l,TRUE,0.05,09:16,15:10,15:15,15,0,1.5,-100,100,30,3,0,1000,15,-20,-9,0,1000,TRUE,1000,1000,1000,1.5,1000,1,5
1799,l,TRUE,0.05,09:16,15:10,15:15,15,0,1.5,-100,100,30,3,0,1000,15,-20,-10,0,1000,TRUE,1000,1000,1000,1.5,1000,1,5
1800,l,TRUE,0.05,09:16,15:10,15:15,15,0,1.5,-100,100,30,3,0,1000,15,-20,-15,0,1000,TRUE,1000,1000,1000,1.5,1000,1,5
1801,l,TRUE,0.05,09:16,15:10,15:15,15,0,1.5,-100,100,30,3,0,1000,20,-20,0,0,1000,TRUE,1000,1000,1000,1.5,1000,1,5
1802,l,TRUE,0.05,09:16,15:10,15:15,15,0,1.5,-100,100,30,3,0,1000,20,-20,-1,0,1000,TRUE,1000,1000,1000,1.5,1000,1,5
1803,l,TRUE,0.05,09:16,15:10,15:15,15,0,1.5,-100,100,30,3,0,1000,20,-20,-2,0,1000,TRUE,1000,1000,1000,1.5,1000,1,5
1804,l,TRUE,0.05,09:16,15:10,15:15,15,0,1.5,-100,100,30,3,0,1000,20,-20,-3,0,1000,TRUE,1000,1000,1000,1.5,1000,1,5
1805,l,TRUE,0.05,09:16,15:10,15:15,15,0,1.5,-100,100,30,3,0,1000,20,-20,-4,0,1000,TRUE,1000,1000,1000,1.5,1000,1,5
1806,l,TRUE,0.05,09:16,15:10,15:15,15,0,1.5,-100,100,30,3,0,1000,20,-20,-5,0,1000,TRUE,1000,1000,1000,1.5,1000,1,5
1807,l,TRUE,0.05,09:16,15:10,15:15,15,0,1.5,-100,100,30,3,0,1000,20,-20,-6,0,1000,TRUE,1000,1000,1000,1.5,1000,1,5
1808,l,TRUE,0.05,09:16,15:10,15:15,15,0,1.5,-100,100,30,3,0,1000,20,-20,-7,0,1000,TRUE,1000,1000,1000,1.5,1000,1,5
1809,l,TRUE,0.05,09:16,15:10,15:15,15,0,1.5,-100,100,30,3,0,1000,20,-20,-8,0,1000,TRUE,1000,1000,1000,1.5,1000,1,5
1810,l,TRUE,0.05,09:16,15:10,15:15,15,0,1.5,-100,100,30,3,0,1000,20,-20,-9,0,1000,TRUE,1000,1000,1000,1.5,1000,1,5
1811,l,TRUE,0.05,09:16,15:10,15:15,15,0,1.5,-100,100,30,3,0,1000,20,-20,-10,0,1000,TRUE,1000,1000,1000,1.5,1000,1,5
1812,l,TRUE,0.05,09:16,15:10,15:15,15,0,1.5,-100,100,30,3,0,1000,20,-20,-15,0,1000,TRUE,1000,1000,1000,1.5,1000,1,5
1813,l,TRUE,0.05,09:16,15:10,15:15,15,0,1.5,-100,100,30,3,0,1000,30,-20,0,0,1000,TRUE,1000,1000,1000,1.5,1000,1,5
1814,l,TRUE,0.05,09:16,15:10,15:15,15,0,1.5,-100,100,30,3,0,1000,30,-20,-1,0,1000,TRUE,1000,1000,1000,1.5,1000,1,5
1815,l,TRUE,0.05,09:16,15:10,15:15,15,0,1.5,-100,100,30,3,0,1000,30,-20,-2,0,1000,TRUE,1000,1000,1000,1.5,1000,1,5
1816,l,TRUE,0.05,09:16,15:10,15:15,15,0,1.5,-100,100,30,3,0,1000,30,-20,-3,0,1000,TRUE,1000,1000,1000,1.5,1000,1,5
1817,l,TRUE,0.05,09:16,15:10,15:15,15,0,1.5,-100,100,30,3,0,1000,30,-20,-4,0,1000,TRUE,1000,1000,1000,1.5,1000,1,5
1818,l,TRUE,0.05,09:16,15:10,15:15,15,0,1.5,-100,100,30,3,0,1000,30,-20,-5,0,1000,TRUE,1000,1000,1000,1.5,1000,1,5
1819,l,TRUE,0.05,09:16,15:10,15:15,15,0,1.5,-100,100,30,3,0,1000,30,-20,-6,0,1000,TRUE,1000,1000,1000,1.5,1000,1,5
1820,l,TRUE,0.05,09:16,15:10,15:15,15,0,1.5,-100,100,30,3,0,1000,30,-20,-7,0,1000,TRUE,1000,1000,1000,1.5,1000,1,5
1821,l,TRUE,0.05,09:16,15:10,15:15,15,0,1.5,-100,100,30,3,0,1000,30,-20,-8,0,1000,TRUE,1000,1000,1000,1.5,1000,1,5
1822,l,TRUE,0.05,09:16,15:10,15:15,15,0,1.5,-100,100,30,3,0,1000,30,-20,-9,0,1000,TRUE,1000,1000,1000,1.5,1000,1,5
1823,l,TRUE,0.05,09:16,15:10,15:15,15,0,1.5,-100,100,30,3,0,1000,30,-20,-10,0,1000,TRUE,1000,1000,1000,1.5,1000,1,5
1824,l,TRUE,0.05,09:16,15:10,15:15,15,0,1.5,-100,100,30,3,0,1000,30,-20,-15,0,1000,TRUE,1000,1000,1000,1.5,1000,1,5
1825,l,TRUE,0.05,09:16,15:10,15:15,15,0,1.5,-100,100,40,2,0,1000,15,-20,0,0,1000,TRUE,1000,1000,1000,1.5,1000,1,5
1826,l,TRUE,0.05,09:16,15:10,15:15,15,0,1.5,-100,100,40,2,0,1000,15,-20,-1,0,1000,TRUE,1000,1000,1000,1.5,1000,1,5
1827,l,TRUE,0.05,09:16,15:10,15:15,15,0,1.5,-100,100,40,2,0,1000,15,-20,-2,0,1000,TRUE,1000,1000,1000,1.5,1000,1,5
1828,l,TRUE,0.05,09:16,15:10,15:15,15,0,1.5,-100,100,40,2,0,1000,15,-20,-3,0,1000,TRUE,1000,1000,1000,1.5,1000,1,5
1829,l,TRUE,0.05,09:16,15:10,15:15,15,0,1.5,-100,100,40,2,0,1000,15,-20,-4,0,1000,TRUE,1000,1000,1000,1.5,1000,1,5
1830,l,TRUE,0.05,09:16,15:10,15:15,15,0,1.5,-100,100,40,2,0,1000,15,-20,-5,0,1000,TRUE,1000,1000,1000,1.5,1000,1,5
1831,l,TRUE,0.05,09:16,15:10,15:15,15,0,1.5,-100,100,40,2,0,1000,15,-20,-6,0,1000,TRUE,1000,1000,1000,1.5,1000,1,5
1832,l,TRUE,0.05,09:16,15:10,15:15,15,0,1.5,-100,100,40,2,0,1000,15,-20,-7,0,1000,TRUE,1000,1000,1000,1.5,1000,1,5
1833,l,TRUE,0.05,09:16,15:10,15:15,15,0,1.5,-100,100,40,2,0,1000,15,-20,-8,0,1000,TRUE,1000,1000,1000,1.5,1000,1,5
1834,l,TRUE,0.05,09:16,15:10,15:15,15,0,1.5,-100,100,40,2,0,1000,15,-20,-9,0,1000,TRUE,1000,1000,1000,1.5,1000,1,5
1835,l,TRUE,0.05,09:16,15:10,15:15,15,0,1.5,-100,100,40,2,0,1000,15,-20,-10,0,1000,TRUE,1000,1000,1000,1.5,1000,1,5
1836,l,TRUE,0.05,09:16,15:10,15:15,15,0,1.5,-100,100,40,2,0,1000,15,-20,-15,0,1000,TRUE,1000,1000,1000,1.5,1000,1,5
1837,l,TRUE,0.05,09:16,15:10,15:15,15,0,1.5,-100,100,40,2,0,1000,20,-20,0,0,1000,TRUE,1000,1000,1000,1.5,1000,1,5
1838,l,TRUE,0.05,09:16,15:10,15:15,15,0,1.5,-100,100,40,2,0,1000,20,-20,-1,0,1000,TRUE,1000,1000,1000,1.5,1000,1,5
1839,l,TRUE,0.05,09:16,15:10,15:15,15,0,1.5,-100,100,40,2,0,1000,20,-20,-2,0,1000,TRUE,1000,1000,1000,1.5,1000,1,5
1840,l,TRUE,0.05,09:16,15:10,15:15,15,0,1.5,-100,100,40,2,0,1000,20,-20,-3,0,1000,TRUE,1000,1000,1000,1.5,1000,1,5
1841,l,TRUE,0.05,09:16,15:10,15:15,15,0,1.5,-100,100,40,2,0,1000,20,-20,-4,0,1000,TRUE,1000,1000,1000,1.5,1000,1,5
1842,l,TRUE,0.05,09:16,15:10,15:15,15,0,1.5,-100,100,40,2,0,1000,20,-20,-5,0,1000,TRUE,1000,1000,1000,1.5,1000,1,5
1843,l,TRUE,0.05,09:16,15:10,15:15,15,0,1.5,-100,100,40,2,0,1000,20,-20,-6,0,1000,TRUE,1000,1000,1000,1.5,1000,1,5
1844,l,TRUE,0.05,09:16,15:10,15:15,15,0,1.5,-100,100,40,2,0,1000,20,-20,-7,0,1000,TRUE,1000,1000,1000,1.5,1000,1,5
1845,l,TRUE,0.05,09:16,15:10,15:15,15,0,1.5,-100,100,40,2,0,1000,20,-20,-8,0,1000,TRUE,1000,1000,1000,1.5,1000,1,5
1846,l,TRUE,0.05,09:16,15:10,15:15,15,0,1.5,-100,100,40,2,0,1000,20,-20,-9,0,1000,TRUE,1000,1000,1000,1.5,1000,1,5
1847,l,TRUE,0.05,09:16,15:10,15:15,15,0,1.5,-100,100,40,2,0,1000,20,-20,-10,0,1000,TRUE,1000,1000,1000,1.5,1000,1,5
1848,l,TRUE,0.05,09:16,15:10,15:15,15,0,1.5,-100,100,40,2,0,1000,20,-20,-15,0,1000,TRUE,1000,1000,1000,1.5,1000,1,5
1849,l,TRUE,0.05,09:16,15:10,15:15,15,0,1.5,-100,100,40,2,0,1000,30,-20,0,0,1000,TRUE,1000,1000,1000,1.5,1000,1,5
1850,l,TRUE,0.05,09:16,15:10,15:15,15,0,1.5,-100,100,40,2,0,1000,30,-20,-1,0,1000,TRUE,1000,1000,1000,1.5,1000,1,5
1851,l,TRUE,0.05,09:16,15:10,15:15,15,0,1.5,-100,100,40,2,0,1000,30,-20,-2,0,1000,TRUE,1000,1000,1000,1.5,1000,1,5
1852,l,TRUE,0.05,09:16,15:10,15:15,15,0,1.5,-100,100,40,2,0,1000,30,-20,-3,0,1000,TRUE,1000,1000,1000,1.5,1000,1,5
1853,l,TRUE,0.05,09:16,15:10,15:15,15,0,1.5,-100,100,40,2,0,1000,30,-20,-4,0,1000,TRUE,1000,1000,1000,1.5,1000,1,5
1854,l,TRUE,0.05,09:16,15:10,15:15,15,0,1.5,-100,100,40,2,0,1000,30,-20,-5,0,1000,TRUE,1000,1000,1000,1.5,1000,1,5
1855,l,TRUE,0.05,09:16,15:10,15:15,15,0,1.5,-100,100,40,2,0,1000,30,-20,-6,0,1000,TRUE,1000,1000,1000,1.5,1000,1,5
1856,l,TRUE,0.05,09:16,15:10,15:15,15,0,1.5,-100,100,40,2,0,1000,30,-20,-7,0,1000,TRUE,1000,1000,1000,1.5,1000,1,5
1857,l,TRUE,0.05,09:16,15:10,15:15,15,0,1.5,-100,100,40,2,0,1000,30,-20,-8,0,1000,TRUE,1000,1000,1000,1.5,1000,1,5
1858,l,TRUE,0.05,09:16,15:10,15:15,15,0,1.5,-100,100,40,2,0,1000,30,-20,-9,0,1000,TRUE,1000,1000,1000,1.5,1000,1,5
1859,l,TRUE,0.05,09:16,15:10,15:15,15,0,1.5,-100,100,40,2,0,1000,30,-20,-10,0,1000,TRUE,1000,1000,1000,1.5,1000,1,5
1860,l,TRUE,0.05,09:16,15:10,15:15,15,0,1.5,-100,100,40,2,0,1000,30,-20,-15,0,1000,TRUE,1000,1000,1000,1.5,1000,1,5
1861,l,TRUE,0.05,09:16,15:10,15:15,15,0,1.5,-100,100,40,3,0,1000,15,-20,0,0,1000,TRUE,1000,1000,1000,1.5,1000,1,5
1862,l,TRUE,0.05,09:16,15:10,15:15,15,0,1.5,-100,100,40,3,0,1000,15,-20,-1,0,1000,TRUE,1000,1000,1000,1.5,1000,1,5
1863,l,TRUE,0.05,09:16,15:10,15:15,15,0,1.5,-100,100,40,3,0,1000,15,-20,-2,0,1000,TRUE,1000,1000,1000,1.5,1000,1,5
1864,l,TRUE,0.05,09:16,15:10,15:15,15,0,1.5,-100,100,40,3,0,1000,15,-20,-3,0,1000,TRUE,1000,1000,1000,1.5,1000,1,5
1865,l,TRUE,0.05,09:16,15:10,15:15,15,0,1.5,-100,100,40,3,0,1000,15,-20,-4,0,1000,TRUE,1000,1000,1000,1.5,1000,1,5
1866,l,TRUE,0.05,09:16,15:10,15:15,15,0,1.5,-100,100,40,3,0,1000,15,-20,-5,0,1000,TRUE,1000,1000,1000,1.5,1000,1,5
1867,l,TRUE,0.05,09:16,15:10,15:15,15,0,1.5,-100,100,40,3,0,1000,15,-20,-6,0,1000,TRUE,1000,1000,1000,1.5,1000,1,5
1868,l,TRUE,0.05,09:16,15:10,15:15,15,0,1.5,-100,100,40,3,0,1000,15,-20,-7,0,1000,TRUE,1000,1000,1000,1.5,1000,1,5
1869,l,TRUE,0.05,09:16,15:10,15:15,15,0,1.5,-100,100,40,3,0,1000,15,-20,-8,0,1000,TRUE,1000,1000,1000,1.5,1000,1,5
1870,l,TRUE,0.05,09:16,15:10,15:15,15,0,1.5,-100,100,40,3,0,1000,15,-20,-9,0,1000,TRUE,1000,1000,1000,1.5,1000,1,5
1871,l,TRUE,0.05,09:16,15:10,15:15,15,0,1.5,-100,100,40,3,0,1000,15,-20,-10,0,1000,TRUE,1000,1000,1000,1.5,1000,1,5
1872,l,TRUE,0.05,09:16,15:10,15:15,15,0,1.5,-100,100,40,3,0,1000,15,-20,-15,0,1000,TRUE,1000,1000,1000,1.5,1000,1,5
1873,l,TRUE,0.05,09:16,15:10,15:15,15,0,1.5,-100,100,40,3,0,1000,20,-20,0,0,1000,TRUE,1000,1000,1000,1.5,1000,1,5
1874,l,TRUE,0.05,09:16,15:10,15:15,15,0,1.5,-100,100,40,3,0,1000,20,-20,-1,0,1000,TRUE,1000,1000,1000,1.5,1000,1,5
1875,l,TRUE,0.05,09:16,15:10,15:15,15,0,1.5,-100,100,40,3,0,1000,20,-20,-2,0,1000,TRUE,1000,1000,1000,1.5,1000,1,5
1876,l,TRUE,0.05,09:16,15:10,15:15,15,0,1.5,-100,100,40,3,0,1000,20,-20,-3,0,1000,TRUE,1000,1000,1000,1.5,1000,1,5
1877,l,TRUE,0.05,09:16,15:10,15:15,15,0,1.5,-100,100,40,3,0,1000,20,-20,-4,0,1000,TRUE,1000,1000,1000,1.5,1000,1,5
1878,l,TRUE,0.05,09:16,15:10,15:15,15,0,1.5,-100,100,40,3,0,1000,20,-20,-5,0,1000,TRUE,1000,1000,1000,1.5,1000,1,5
1879,l,TRUE,0.05,09:16,15:10,15:15,15,0,1.5,-100,100,40,3,0,1000,20,-20,-6,0,1000,TRUE,1000,1000,1000,1.5,1000,1,5
1880,l,TRUE,0.05,09:16,15:10,15:15,15,0,1.5,-100,100,40,3,0,1000,20,-20,-7,0,1000,TRUE,1000,1000,1000,1.5,1000,1,5
1881,l,TRUE,0.05,09:16,15:10,15:15,15,0,1.5,-100,100,40,3,0,1000,20,-20,-8,0,1000,TRUE,1000,1000,1000,1.5,1000,1,5
1882,l,TRUE,0.05,09:16,15:10,15:15,15,0,1.5,-100,100,40,3,0,1000,20,-20,-9,0,1000,TRUE,1000,1000,1000,1.5,1000,1,5
1883,l,TRUE,0.05,09:16,15:10,15:15,15,0,1.5,-100,100,40,3,0,1000,20,-20,-10,0,1000,TRUE,1000,1000,1000,1.5,1000,1,5
1884,l,TRUE,0.05,09:16,15:10,15:15,15,0,1.5,-100,100,40,3,0,1000,20,-20,-15,0,1000,TRUE,1000,1000,1000,1.5,1000,1,5
1885,l,TRUE,0.05,09:16,15:10,15:15,15,0,1.5,-100,100,40,3,0,1000,30,-20,0,0,1000,TRUE,1000,1000,1000,1.5,1000,1,5
1886,l,TRUE,0.05,09:16,15:10,15:15,15,0,1.5,-100,100,40,3,0,1000,30,-20,-1,0,1000,TRUE,1000,1000,1000,1.5,1000,1,5
1887,l,TRUE,0.05,09:16,15:10,15:15,15,0,1.5,-100,100,40,3,0,1000,30,-20,-2,0,1000,TRUE,1000,1000,1000,1.5,1000,1,5
1888,l,TRUE,0.05,09:16,15:10,15:15,15,0,1.5,-100,100,40,3,0,1000,30,-20,-3,0,1000,TRUE,1000,1000,1000,1.5,1000,1,5
1889,l,TRUE,0.05,09:16,15:10,15:15,15,0,1.5,-100,100,40,3,0,1000,30,-20,-4,0,1000,TRUE,1000,1000,1000,1.5,1000,1,5
1890,l,TRUE,0.05,09:16,15:10,15:15,15,0,1.5,-100,100,40,3,0,1000,30,-20,-5,0,1000,TRUE,1000,1000,1000,1.5,1000,1,5
1891,l,TRUE,0.05,09:16,15:10,15:15,15,0,1.5,-100,100,40,3,0,1000,30,-20,-6,0,1000,TRUE,1000,1000,1000,1.5,1000,1,5
1892,l,TRUE,0.05,09:16,15:10,15:15,15,0,1.5,-100,100,40,3,0,1000,30,-20,-7,0,1000,TRUE,1000,1000,1000,1.5,1000,1,5
1893,l,TRUE,0.05,09:16,15:10,15:15,15,0,1.5,-100,100,40,3,0,1000,30,-20,-8,0,1000,TRUE,1000,1000,1000,1.5,1000,1,5
1894,l,TRUE,0.05,09:16,15:10,15:15,15,0,1.5,-100,100,40,3,0,1000,30,-20,-9,0,1000,TRUE,1000,1000,1000,1.5,1000,1,5
1895,l,TRUE,0.05,09:16,15:10,15:15,15,0,1.5,-100,100,40,3,0,1000,30,-20,-10,0,1000,TRUE,1000,1000,1000,1.5,1000,1,5
1896,l,TRUE,0.05,09:16,15:10,15:15,15,0,1.5,-100,100,40,3,0,1000,30,-20,-15,0,1000,TRUE,1000,1000,1000,1.5,1000,1,5
1897,l,TRUE,0.05,09:16,15:10,15:15,15,0,1.5,-100,100,50,2,0,1000,15,-20,0,0,1000,TRUE,1000,1000,1000,1.5,1000,1,5
1898,l,TRUE,0.05,09:16,15:10,15:15,15,0,1.5,-100,100,50,2,0,1000,15,-20,-1,0,1000,TRUE,1000,1000,1000,1.5,1000,1,5
1899,l,TRUE,0.05,09:16,15:10,15:15,15,0,1.5,-100,100,50,2,0,1000,15,-20,-2,0,1000,TRUE,1000,1000,1000,1.5,1000,1,5
1900,l,TRUE,0.05,09:16,15:10,15:15,15,0,1.5,-100,100,50,2,0,1000,15,-20,-3,0,1000,TRUE,1000,1000,1000,1.5,1000,1,5
1901,l,TRUE,0.05,09:16,15:10,15:15,15,0,1.5,-100,100,50,2,0,1000,15,-20,-4,0,1000,TRUE,1000,1000,1000,1.5,1000,1,5
1902,l,TRUE,0.05,09:16,15:10,15:15,15,0,1.5,-100,100,50,2,0,1000,15,-20,-5,0,1000,TRUE,1000,1000,1000,1.5,1000,1,5
1903,l,TRUE,0.05,09:16,15:10,15:15,15,0,1.5,-100,100,50,2,0,1000,15,-20,-6,0,1000,TRUE,1000,1000,1000,1.5,1000,1,5
1904,l,TRUE,0.05,09:16,15:10,15:15,15,0,1.5,-100,100,50,2,0,1000,15,-20,-7,0,1000,TRUE,1000,1000,1000,1.5,1000,1,5
1905,l,TRUE,0.05,09:16,15:10,15:15,15,0,1.5,-100,100,50,2,0,1000,15,-20,-8,0,1000,TRUE,1000,1000,1000,1.5,1000,1,5
1906,l,TRUE,0.05,09:16,15:10,15:15,15,0,1.5,-100,100,50,2,0,1000,15,-20,-9,0,1000,TRUE,1000,1000,1000,1.5,1000,1,5
1907,l,TRUE,0.05,09:16,15:10,15:15,15,0,1.5,-100,100,50,2,0,1000,15,-20,-10,0,1000,TRUE,1000,1000,1000,1.5,1000,1,5
1908,l,TRUE,0.05,09:16,15:10,15:15,15,0,1.5,-100,100,50,2,0,1000,15,-20,-15,0,1000,TRUE,1000,1000,1000,1.5,1000,1,5
1909,l,TRUE,0.05,09:16,15:10,15:15,15,0,1.5,-100,100,50,2,0,1000,20,-20,0,0,1000,TRUE,1000,1000,1000,1.5,1000,1,5
1910,l,TRUE,0.05,09:16,15:10,15:15,15,0,1.5,-100,100,50,2,0,1000,20,-20,-1,0,1000,TRUE,1000,1000,1000,1.5,1000,1,5
1911,l,TRUE,0.05,09:16,15:10,15:15,15,0,1.5,-100,100,50,2,0,1000,20,-20,-2,0,1000,TRUE,1000,1000,1000,1.5,1000,1,5
1912,l,TRUE,0.05,09:16,15:10,15:15,15,0,1.5,-100,100,50,2,0,1000,20,-20,-3,0,1000,TRUE,1000,1000,1000,1.5,1000,1,5
1913,l,TRUE,0.05,09:16,15:10,15:15,15,0,1.5,-100,100,50,2,0,1000,20,-20,-4,0,1000,TRUE,1000,1000,1000,1.5,1000,1,5
1914,l,TRUE,0.05,09:16,15:10,15:15,15,0,1.5,-100,100,50,2,0,1000,20,-20,-5,0,1000,TRUE,1000,1000,1000,1.5,1000,1,5
1915,l,TRUE,0.05,09:16,15:10,15:15,15,0,1.5,-100,100,50,2,0,1000,20,-20,-6,0,1000,TRUE,1000,1000,1000,1.5,1000,1,5
1916,l,TRUE,0.05,09:16,15:10,15:15,15,0,1.5,-100,100,50,2,0,1000,20,-20,-7,0,1000,TRUE,1000,1000,1000,1.5,1000,1,5
1917,l,TRUE,0.05,09:16,15:10,15:15,15,0,1.5,-100,100,50,2,0,1000,20,-20,-8,0,1000,TRUE,1000,1000,1000,1.5,1000,1,5
1918,l,TRUE,0.05,09:16,15:10,15:15,15,0,1.5,-100,100,50,2,0,1000,20,-20,-9,0,1000,TRUE,1000,1000,1000,1.5,1000,1,5
1919,l,TRUE,0.05,09:16,15:10,15:15,15,0,1.5,-100,100,50,2,0,1000,20,-20,-10,0,1000,TRUE,1000,1000,1000,1.5,1000,1,5
1920,l,TRUE,0.05,09:16,15:10,15:15,15,0,1.5,-100,100,50,2,0,1000,20,-20,-15,0,1000,TRUE,1000,1000,1000,1.5,1000,1,5
1921,l,TRUE,0.05,09:16,15:10,15:15,15,0,1.5,-100,100,50,2,0,1000,30,-20,0,0,1000,TRUE,1000,1000,1000,1.5,1000,1,5
1922,l,TRUE,0.05,09:16,15:10,15:15,15,0,1.5,-100,100,50,2,0,1000,30,-20,-1,0,1000,TRUE,1000,1000,1000,1.5,1000,1,5
1923,l,TRUE,0.05,09:16,15:10,15:15,15,0,1.5,-100,100,50,2,0,1000,30,-20,-2,0,1000,TRUE,1000,1000,1000,1.5,1000,1,5
1924,l,TRUE,0.05,09:16,15:10,15:15,15,0,1.5,-100,100,50,2,0,1000,30,-20,-3,0,1000,TRUE,1000,1000,1000,1.5,1000,1,5
1925,l,TRUE,0.05,09:16,15:10,15:15,15,0,1.5,-100,100,50,2,0,1000,30,-20,-4,0,1000,TRUE,1000,1000,1000,1.5,1000,1,5
1926,l,TRUE,0.05,09:16,15:10,15:15,15,0,1.5,-100,100,50,2,0,1000,30,-20,-5,0,1000,TRUE,1000,1000,1000,1.5,1000,1,5
1927,l,TRUE,0.05,09:16,15:10,15:15,15,0,1.5,-100,100,50,2,0,1000,30,-20,-6,0,1000,TRUE,1000,1000,1000,1.5,1000,1,5
1928,l,TRUE,0.05,09:16,15:10,15:15,15,0,1.5,-100,100,50,2,0,1000,30,-20,-7,0,1000,TRUE,1000,1000,1000,1.5,1000,1,5
1929,l,TRUE,0.05,09:16,15:10,15:15,15,0,1.5,-100,100,50,2,0,1000,30,-20,-8,0,1000,TRUE,1000,1000,1000,1.5,1000,1,5
1930,l,TRUE,0.05,09:16,15:10,15:15,15,0,1.5,-100,100,50,2,0,1000,30,-20,-9,0,1000,TRUE,1000,1000,1000,1.5,1000,1,5
1931,l,TRUE,0.05,09:16,15:10,15:15,15,0,1.5,-100,100,50,2,0,1000,30,-20,-10,0,1000,TRUE,1000,1000,1000,1.5,1000,1,5
1932,l,TRUE,0.05,09:16,15:10,15:15,15,0,1.5,-100,100,50,2,0,1000,30,-20,-15,0,1000,TRUE,1000,1000,1000,1.5,1000,1,5
1933,l,TRUE,0.05,09:16,15:10,15:15,15,0,1.5,-100,100,50,3,0,1000,15,-20,0,0,1000,TRUE,1000,1000,1000,1.5,1000,1,5
1934,l,TRUE,0.05,09:16,15:10,15:15,15,0,1.5,-100,100,50,3,0,1000,15,-20,-1,0,1000,TRUE,1000,1000,1000,1.5,1000,1,5
1935,l,TRUE,0.05,09:16,15:10,15:15,15,0,1.5,-100,100,50,3,0,1000,15,-20,-2,0,1000,TRUE,1000,1000,1000,1.5,1000,1,5
1936,l,TRUE,0.05,09:16,15:10,15:15,15,0,1.5,-100,100,50,3,0,1000,15,-20,-3,0,1000,TRUE,1000,1000,1000,1.5,1000,1,5
1937,l,TRUE,0.05,09:16,15:10,15:15,15,0,1.5,-100,100,50,3,0,1000,15,-20,-4,0,1000,TRUE,1000,1000,1000,1.5,1000,1,5
1938,l,TRUE,0.05,09:16,15:10,15:15,15,0,1.5,-100,100,50,3,0,1000,15,-20,-5,0,1000,TRUE,1000,1000,1000,1.5,1000,1,5
1939,l,TRUE,0.05,09:16,15:10,15:15,15,0,1.5,-100,100,50,3,0,1000,15,-20,-6,0,1000,TRUE,1000,1000,1000,1.5,1000,1,5
1940,l,TRUE,0.05,09:16,15:10,15:15,15,0,1.5,-100,100,50,3,0,1000,15,-20,-7,0,1000,TRUE,1000,1000,1000,1.5,1000,1,5
1941,l,TRUE,0.05,09:16,15:10,15:15,15,0,1.5,-100,100,50,3,0,1000,15,-20,-8,0,1000,TRUE,1000,1000,1000,1.5,1000,1,5
1942,l,TRUE,0.05,09:16,15:10,15:15,15,0,1.5,-100,100,50,3,0,1000,15,-20,-9,0,1000,TRUE,1000,1000,1000,1.5,1000,1,5
1943,l,TRUE,0.05,09:16,15:10,15:15,15,0,1.5,-100,100,50,3,0,1000,15,-20,-10,0,1000,TRUE,1000,1000,1000,1.5,1000,1,5
1944,l,TRUE,0.05,09:16,15:10,15:15,15,0,1.5,-100,100,50,3,0,1000,15,-20,-15,0,1000,TRUE,1000,1000,1000,1.5,1000,1,5
1945,l,TRUE,0.05,09:16,15:10,15:15,15,0,1.5,-100,100,50,3,0,1000,20,-20,0,0,1000,TRUE,1000,1000,1000,1.5,1000,1,5
1946,l,TRUE,0.05,09:16,15:10,15:15,15,0,1.5,-100,100,50,3,0,1000,20,-20,-1,0,1000,TRUE,1000,1000,1000,1.5,1000,1,5
1947,l,TRUE,0.05,09:16,15:10,15:15,15,0,1.5,-100,100,50,3,0,1000,20,-20,-2,0,1000,TRUE,1000,1000,1000,1.5,1000,1,5
1948,l,TRUE,0.05,09:16,15:10,15:15,15,0,1.5,-100,100,50,3,0,1000,20,-20,-3,0,1000,TRUE,1000,1000,1000,1.5,1000,1,5
1949,l,TRUE,0.05,09:16,15:10,15:15,15,0,1.5,-100,100,50,3,0,1000,20,-20,-4,0,1000,TRUE,1000,1000,1000,1.5,1000,1,5
1950,l,TRUE,0.05,09:16,15:10,15:15,15,0,1.5,-100,100,50,3,0,1000,20,-20,-5,0,1000,TRUE,1000,1000,1000,1.5,1000,1,5
1951,l,TRUE,0.05,09:16,15:10,15:15,15,0,1.5,-100,100,50,3,0,1000,20,-20,-6,0,1000,TRUE,1000,1000,1000,1.5,1000,1,5
1952,l,TRUE,0.05,09:16,15:10,15:15,15,0,1.5,-100,100,50,3,0,1000,20,-20,-7,0,1000,TRUE,1000,1000,1000,1.5,1000,1,5
1953,l,TRUE,0.05,09:16,15:10,15:15,15,0,1.5,-100,100,50,3,0,1000,20,-20,-8,0,1000,TRUE,1000,1000,1000,1.5,1000,1,5
1954,l,TRUE,0.05,09:16,15:10,15:15,15,0,1.5,-100,100,50,3,0,1000,20,-20,-9,0,1000,TRUE,1000,1000,1000,1.5,1000,1,5
1955,l,TRUE,0.05,09:16,15:10,15:15,15,0,1.5,-100,100,50,3,0,1000,20,-20,-10,0,1000,TRUE,1000,1000,1000,1.5,1000,1,5
1956,l,TRUE,0.05,09:16,15:10,15:15,15,0,1.5,-100,100,50,3,0,1000,20,-20,-15,0,1000,TRUE,1000,1000,1000,1.5,1000,1,5
1957,l,TRUE,0.05,09:16,15:10,15:15,15,0,1.5,-100,100,50,3,0,1000,30,-20,0,0,1000,TRUE,1000,1000,1000,1.5,1000,1,5
1958,l,TRUE,0.05,09:16,15:10,15:15,15,0,1.5,-100,100,50,3,0,1000,30,-20,-1,0,1000,TRUE,1000,1000,1000,1.5,1000,1,5
1959,l,TRUE,0.05,09:16,15:10,15:15,15,0,1.5,-100,100,50,3,0,1000,30,-20,-2,0,1000,TRUE,1000,1000,1000,1.5,1000,1,5
1960,l,TRUE,0.05,09:16,15:10,15:15,15,0,1.5,-100,100,50,3,0,1000,30,-20,-3,0,1000,TRUE,1000,1000,1000,1.5,1000,1,5
1961,l,TRUE,0.05,09:16,15:10,15:15,15,0,1.5,-100,100,50,3,0,1000,30,-20,-4,0,1000,TRUE,1000,1000,1000,1.5,1000,1,5
1962,l,TRUE,0.05,09:16,15:10,15:15,15,0,1.5,-100,100,50,3,0,1000,30,-20,-5,0,1000,TRUE,1000,1000,1000,1.5,1000,1,5
1963,l,TRUE,0.05,09:16,15:10,15:15,15,0,1.5,-100,100,50,3,0,1000,30,-20,-6,0,1000,TRUE,1000,1000,1000,1.5,1000,1,5
1964,l,TRUE,0.05,09:16,15:10,15:15,15,0,1.5,-100,100,50,3,0,1000,30,-20,-7,0,1000,TRUE,1000,1000,1000,1.5,1000,1,5
1965,l,TRUE,0.05,09:16,15:10,15:15,15,0,1.5,-100,100,50,3,0,1000,30,-20,-8,0,1000,TRUE,1000,1000,1000,1.5,1000,1,5
1966,l,TRUE,0.05,09:16,15:10,15:15,15,0,1.5,-100,100,50,3,0,1000,30,-20,-9,0,1000,TRUE,1000,1000,1000,1.5,1000,1,5
1967,l,TRUE,0.05,09:16,15:10,15:15,15,0,1.5,-100,100,50,3,0,1000,30,-20,-10,0,1000,TRUE,1000,1000,1000,1.5,1000,1,5
1968,l,TRUE,0.05,09:16,15:10,15:15,15,0,1.5,-100,100,50,3,0,1000,30,-20,-15,0,1000,TRUE,1000,1000,1000,1.5,1000,1,5
1969,l,TRUE,0.05,09:16,15:10,15:15,15,0,1.5,-100,100,60,2,0,1000,15,-20,0,0,1000,TRUE,1000,1000,1000,1.5,1000,1,5
1970,l,TRUE,0.05,09:16,15:10,15:15,15,0,1.5,-100,100,60,2,0,1000,15,-20,-1,0,1000,TRUE,1000,1000,1000,1.5,1000,1,5
1971,l,TRUE,0.05,09:16,15:10,15:15,15,0,1.5,-100,100,60,2,0,1000,15,-20,-2,0,1000,TRUE,1000,1000,1000,1.5,1000,1,5
1972,l,TRUE,0.05,09:16,15:10,15:15,15,0,1.5,-100,100,60,2,0,1000,15,-20,-3,0,1000,TRUE,1000,1000,1000,1.5,1000,1,5
1973,l,TRUE,0.05,09:16,15:10,15:15,15,0,1.5,-100,100,60,2,0,1000,15,-20,-4,0,1000,TRUE,1000,1000,1000,1.5,1000,1,5
1974,l,TRUE,0.05,09:16,15:10,15:15,15,0,1.5,-100,100,60,2,0,1000,15,-20,-5,0,1000,TRUE,1000,1000,1000,1.5,1000,1,5
1975,l,TRUE,0.05,09:16,15:10,15:15,15,0,1.5,-100,100,60,2,0,1000,15,-20,-6,0,1000,TRUE,1000,1000,1000,1.5,1000,1,5
1976,l,TRUE,0.05,09:16,15:10,15:15,15,0,1.5,-100,100,60,2,0,1000,15,-20,-7,0,1000,TRUE,1000,1000,1000,1.5,1000,1,5
1977,l,TRUE,0.05,09:16,15:10,15:15,15,0,1.5,-100,100,60,2,0,1000,15,-20,-8,0,1000,TRUE,1000,1000,1000,1.5,1000,1,5
1978,l,TRUE,0.05,09:16,15:10,15:15,15,0,1.5,-100,100,60,2,0,1000,15,-20,-9,0,1000,TRUE,1000,1000,1000,1.5,1000,1,5
1979,l,TRUE,0.05,09:16,15:10,15:15,15,0,1.5,-100,100,60,2,0,1000,15,-20,-10,0,1000,TRUE,1000,1000,1000,1.5,1000,1,5
1980,l,TRUE,0.05,09:16,15:10,15:15,15,0,1.5,-100,100,60,2,0,1000,15,-20,-15,0,1000,TRUE,1000,1000,1000,1.5,1000,1,5
1981,l,TRUE,0.05,09:16,15:10,15:15,15,0,1.5,-100,100,60,2,0,1000,20,-20,0,0,1000,TRUE,1000,1000,1000,1.5,1000,1,5
1982,l,TRUE,0.05,09:16,15:10,15:15,15,0,1.5,-100,100,60,2,0,1000,20,-20,-1,0,1000,TRUE,1000,1000,1000,1.5,1000,1,5
1983,l,TRUE,0.05,09:16,15:10,15:15,15,0,1.5,-100,100,60,2,0,1000,20,-20,-2,0,1000,TRUE,1000,1000,1000,1.5,1000,1,5
1984,l,TRUE,0.05,09:16,15:10,15:15,15,0,1.5,-100,100,60,2,0,1000,20,-20,-3,0,1000,TRUE,1000,1000,1000,1.5,1000,1,5
1985,l,TRUE,0.05,09:16,15:10,15:15,15,0,1.5,-100,100,60,2,0,1000,20,-20,-4,0,1000,TRUE,1000,1000,1000,1.5,1000,1,5
1986,l,TRUE,0.05,09:16,15:10,15:15,15,0,1.5,-100,100,60,2,0,1000,20,-20,-5,0,1000,TRUE,1000,1000,1000,1.5,1000,1,5
1987,l,TRUE,0.05,09:16,15:10,15:15,15,0,1.5,-100,100,60,2,0,1000,20,-20,-6,0,1000,TRUE,1000,1000,1000,1.5,1000,1,5
1988,l,TRUE,0.05,09:16,15:10,15:15,15,0,1.5,-100,100,60,2,0,1000,20,-20,-7,0,1000,TRUE,1000,1000,1000,1.5,1000,1,5
1989,l,TRUE,0.05,09:16,15:10,15:15,15,0,1.5,-100,100,60,2,0,1000,20,-20,-8,0,1000,TRUE,1000,1000,1000,1.5,1000,1,5
1990,l,TRUE,0.05,09:16,15:10,15:15,15,0,1.5,-100,100,60,2,0,1000,20,-20,-9,0,1000,TRUE,1000,1000,1000,1.5,1000,1,5
1991,l,TRUE,0.05,09:16,15:10,15:15,15,0,1.5,-100,100,60,2,0,1000,20,-20,-10,0,1000,TRUE,1000,1000,1000,1.5,1000,1,5
1992,l,TRUE,0.05,09:16,15:10,15:15,15,0,1.5,-100,100,60,2,0,1000,20,-20,-15,0,1000,TRUE,1000,1000,1000,1.5,1000,1,5
1993,l,TRUE,0.05,09:16,15:10,15:15,15,0,1.5,-100,100,60,2,0,1000,30,-20,0,0,1000,TRUE,1000,1000,1000,1.5,1000,1,5
1994,l,TRUE,0.05,09:16,15:10,15:15,15,0,1.5,-100,100,60,2,0,1000,30,-20,-1,0,1000,TRUE,1000,1000,1000,1.5,1000,1,5
1995,l,TRUE,0.05,09:16,15:10,15:15,15,0,1.5,-100,100,60,2,0,1000,30,-20,-2,0,1000,TRUE,1000,1000,1000,1.5,1000,1,5
1996,l,TRUE,0.05,09:16,15:10,15:15,15,0,1.5,-100,100,60,2,0,1000,30,-20,-3,0,1000,TRUE,1000,1000,1000,1.5,1000,1,5
1997,l,TRUE,0.05,09:16,15:10,15:15,15,0,1.5,-100,100,60,2,0,1000,30,-20,-4,0,1000,TRUE,1000,1000,1000,1.5,1000,1,5
1998,l,TRUE,0.05,09:16,15:10,15:15,15,0,1.5,-100,100,60,2,0,1000,30,-20,-5,0,1000,TRUE,1000,1000,1000,1.5,1000,1,5
1999,l,TRUE,0.05,09:16,15:10,15:15,15,0,1.5,-100,100,60,2,0,1000,30,-20,-6,0,1000,TRUE,1000,1000,1000,1.5,1000,1,5
2000,l,TRUE,0.05,09:16,15:10,15:15,15,0,1.5,-100,100,60,2,0,1000,30,-20,-7,0,1000,TRUE,1000,1000,1000,1.5,1000,1,5
2001,l,TRUE,0.05,09:16,15:10,15:15,15,0,1.5,-100,100,60,2,0,1000,30,-20,-8,0,1000,TRUE,1000,1000,1000,1.5,1000,1,5
2002,l,TRUE,0.05,09:16,15:10,15:15,15,0,1.5,-100,100,60,2,0,1000,30,-20,-9,0,1000,TRUE,1000,1000,1000,1.5,1000,1,5
2003,l,TRUE,0.05,09:16,15:10,15:15,15,0,1.5,-100,100,60,2,0,1000,30,-20,-10,0,1000,TRUE,1000,1000,1000,1.5,1000,1,5
2004,l,TRUE,0.05,09:16,15:10,15:15,15,0,1.5,-100,100,60,2,0,1000,30,-20,-15,0,1000,TRUE,1000,1000,1000,1.5,1000,1,5
2005,l,TRUE,0.05,09:16,15:10,15:15,15,0,1.5,-100,100,60,3,0,1000,15,-20,0,0,1000,TRUE,1000,1000,1000,1.5,1000,1,5
2006,l,TRUE,0.05,09:16,15:10,15:15,15,0,1.5,-100,100,60,3,0,1000,15,-20,-1,0,1000,TRUE,1000,1000,1000,1.5,1000,1,5
2007,l,TRUE,0.05,09:16,15:10,15:15,15,0,1.5,-100,100,60,3,0,1000,15,-20,-2,0,1000,TRUE,1000,1000,1000,1.5,1000,1,5
2008,l,TRUE,0.05,09:16,15:10,15:15,15,0,1.5,-100,100,60,3,0,1000,15,-20,-3,0,1000,TRUE,1000,1000,1000,1.5,1000,1,5
2009,l,TRUE,0.05,09:16,15:10,15:15,15,0,1.5,-100,100,60,3,0,1000,15,-20,-4,0,1000,TRUE,1000,1000,1000,1.5,1000,1,5
2010,l,TRUE,0.05,09:16,15:10,15:15,15,0,1.5,-100,100,60,3,0,1000,15,-20,-5,0,1000,TRUE,1000,1000,1000,1.5,1000,1,5
2011,l,TRUE,0.05,09:16,15:10,15:15,15,0,1.5,-100,100,60,3,0,1000,15,-20,-6,0,1000,TRUE,1000,1000,1000,1.5,1000,1,5
2012,l,TRUE,0.05,09:16,15:10,15:15,15,0,1.5,-100,100,60,3,0,1000,15,-20,-7,0,1000,TRUE,1000,1000,1000,1.5,1000,1,5
2013,l,TRUE,0.05,09:16,15:10,15:15,15,0,1.5,-100,100,60,3,0,1000,15,-20,-8,0,1000,TRUE,1000,1000,1000,1.5,1000,1,5
2014,l,TRUE,0.05,09:16,15:10,15:15,15,0,1.5,-100,100,60,3,0,1000,15,-20,-9,0,1000,TRUE,1000,1000,1000,1.5,1000,1,5
2015,l,TRUE,0.05,09:16,15:10,15:15,15,0,1.5,-100,100,60,3,0,1000,15,-20,-10,0,1000,TRUE,1000,1000,1000,1.5,1000,1,5
2016,l,TRUE,0.05,09:16,15:10,15:15,15,0,1.5,-100,100,60,3,0,1000,15,-20,-15,0,1000,TRUE,1000,1000,1000,1.5,1000,1,5
2017,l,TRUE,0.05,09:16,15:10,15:15,15,0,1.5,-100,100,60,3,0,1000,20,-20,0,0,1000,TRUE,1000,1000,1000,1.5,1000,1,5
2018,l,TRUE,0.05,09:16,15:10,15:15,15,0,1.5,-100,100,60,3,0,1000,20,-20,-1,0,1000,TRUE,1000,1000,1000,1.5,1000,1,5
2019,l,TRUE,0.05,09:16,15:10,15:15,15,0,1.5,-100,100,60,3,0,1000,20,-20,-2,0,1000,TRUE,1000,1000,1000,1.5,1000,1,5
2020,l,TRUE,0.05,09:16,15:10,15:15,15,0,1.5,-100,100,60,3,0,1000,20,-20,-3,0,1000,TRUE,1000,1000,1000,1.5,1000,1,5
2021,l,TRUE,0.05,09:16,15:10,15:15,15,0,1.5,-100,100,60,3,0,1000,20,-20,-4,0,1000,TRUE,1000,1000,1000,1.5,1000,1,5
2022,l,TRUE,0.05,09:16,15:10,15:15,15,0,1.5,-100,100,60,3,0,1000,20,-20,-5,0,1000,TRUE,1000,1000,1000,1.5,1000,1,5
2023,l,TRUE,0.05,09:16,15:10,15:15,15,0,1.5,-100,100,60,3,0,1000,20,-20,-6,0,1000,TRUE,1000,1000,1000,1.5,1000,1,5
2024,l,TRUE,0.05,09:16,15:10,15:15,15,0,1.5,-100,100,60,3,0,1000,20,-20,-7,0,1000,TRUE,1000,1000,1000,1.5,1000,1,5
2025,l,TRUE,0.05,09:16,15:10,15:15,15,0,1.5,-100,100,60,3,0,1000,20,-20,-8,0,1000,TRUE,1000,1000,1000,1.5,1000,1,5
2026,l,TRUE,0.05,09:16,15:10,15:15,15,0,1.5,-100,100,60,3,0,1000,20,-20,-9,0,1000,TRUE,1000,1000,1000,1.5,1000,1,5
2027,l,TRUE,0.05,09:16,15:10,15:15,15,0,1.5,-100,100,60,3,0,1000,20,-20,-10,0,1000,TRUE,1000,1000,1000,1.5,1000,1,5
2028,l,TRUE,0.05,09:16,15:10,15:15,15,0,1.5,-100,100,60,3,0,1000,20,-20,-15,0,1000,TRUE,1000,1000,1000,1.5,1000,1,5
2029,l,TRUE,0.05,09:16,15:10,15:15,15,0,1.5,-100,100,60,3,0,1000,30,-20,0,0,1000,TRUE,1000,1000,1000,1.5,1000,1,5
2030,l,TRUE,0.05,09:16,15:10,15:15,15,0,1.5,-100,100,60,3,0,1000,30,-20,-1,0,1000,TRUE,1000,1000,1000,1.5,1000,1,5
2031,l,TRUE,0.05,09:16,15:10,15:15,15,0,1.5,-100,100,60,3,0,1000,30,-20,-2,0,1000,TRUE,1000,1000,1000,1.5,1000,1,5
2032,l,TRUE,0.05,09:16,15:10,15:15,15,0,1.5,-100,100,60,3,0,1000,30,-20,-3,0,1000,TRUE,1000,1000,1000,1.5,1000,1,5
2033,l,TRUE,0.05,09:16,15:10,15:15,15,0,1.5,-100,100,60,3,0,1000,30,-20,-4,0,1000,TRUE,1000,1000,1000,1.5,1000,1,5
2034,l,TRUE,0.05,09:16,15:10,15:15,15,0,1.5,-100,100,60,3,0,1000,30,-20,-5,0,1000,TRUE,1000,1000,1000,1.5,1000,1,5
2035,l,TRUE,0.05,09:16,15:10,15:15,15,0,1.5,-100,100,60,3,0,1000,30,-20,-6,0,1000,TRUE,1000,1000,1000,1.5,1000,1,5
2036,l,TRUE,0.05,09:16,15:10,15:15,15,0,1.5,-100,100,60,3,0,1000,30,-20,-7,0,1000,TRUE,1000,1000,1000,1.5,1000,1,5
2037,l,TRUE,0.05,09:16,15:10,15:15,15,0,1.5,-100,100,60,3,0,1000,30,-20,-8,0,1000,TRUE,1000,1000,1000,1.5,1000,1,5
2038,l,TRUE,0.05,09:16,15:10,15:15,15,0,1.5,-100,100,60,3,0,1000,30,-20,-9,0,1000,TRUE,1000,1000,1000,1.5,1000,1,5
2039,l,TRUE,0.05,09:16,15:10,15:15,15,0,1.5,-100,100,60,3,0,1000,30,-20,-10,0,1000,TRUE,1000,1000,1000,1.5,1000,1,5
2040,l,TRUE,0.05,09:16,15:10,15:15,15,0,1.5,-100,100,60,3,0,1000,30,-20,-15,0,1000,TRUE,1000,1000,1000,1.5,1000,1,5
2041,l,TRUE,0.05,09:16,15:10,15:15,15,0,1.5,-100,100,20,2,0,1000,15,-25,0,0,1000,TRUE,1000,1000,1000,1.5,1000,1,5
2042,l,TRUE,0.05,09:16,15:10,15:15,15,0,1.5,-100,100,20,2,0,1000,15,-25,-1,0,1000,TRUE,1000,1000,1000,1.5,1000,1,5
2043,l,TRUE,0.05,09:16,15:10,15:15,15,0,1.5,-100,100,20,2,0,1000,15,-25,-2,0,1000,TRUE,1000,1000,1000,1.5,1000,1,5
2044,l,TRUE,0.05,09:16,15:10,15:15,15,0,1.5,-100,100,20,2,0,1000,15,-25,-3,0,1000,TRUE,1000,1000,1000,1.5,1000,1,5
2045,l,TRUE,0.05,09:16,15:10,15:15,15,0,1.5,-100,100,20,2,0,1000,15,-25,-4,0,1000,TRUE,1000,1000,1000,1.5,1000,1,5
2046,l,TRUE,0.05,09:16,15:10,15:15,15,0,1.5,-100,100,20,2,0,1000,15,-25,-5,0,1000,TRUE,1000,1000,1000,1.5,1000,1,5
2047,l,TRUE,0.05,09:16,15:10,15:15,15,0,1.5,-100,100,20,2,0,1000,15,-25,-6,0,1000,TRUE,1000,1000,1000,1.5,1000,1,5
2048,l,TRUE,0.05,09:16,15:10,15:15,15,0,1.5,-100,100,20,2,0,1000,15,-25,-7,0,1000,TRUE,1000,1000,1000,1.5,1000,1,5
2049,l,TRUE,0.05,09:16,15:10,15:15,15,0,1.5,-100,100,20,2,0,1000,15,-25,-8,0,1000,TRUE,1000,1000,1000,1.5,1000,1,5
2050,l,TRUE,0.05,09:16,15:10,15:15,15,0,1.5,-100,100,20,2,0,1000,15,-25,-9,0,1000,TRUE,1000,1000,1000,1.5,1000,1,5
2051,l,TRUE,0.05,09:16,15:10,15:15,15,0,1.5,-100,100,20,2,0,1000,15,-25,-10,0,1000,TRUE,1000,1000,1000,1.5,1000,1,5
2052,l,TRUE,0.05,09:16,15:10,15:15,15,0,1.5,-100,100,20,2,0,1000,15,-25,-15,0,1000,TRUE,1000,1000,1000,1.5,1000,1,5
2053,l,TRUE,0.05,09:16,15:10,15:15,15,0,1.5,-100,100,20,2,0,1000,15,-25,-20,0,1000,TRUE,1000,1000,1000,1.5,1000,1,5
2054,l,TRUE,0.05,09:16,15:10,15:15,15,0,1.5,-100,100,20,2,0,1000,20,-25,0,0,1000,TRUE,1000,1000,1000,1.5,1000,1,5
2055,l,TRUE,0.05,09:16,15:10,15:15,15,0,1.5,-100,100,20,2,0,1000,20,-25,-1,0,1000,TRUE,1000,1000,1000,1.5,1000,1,5
2056,l,TRUE,0.05,09:16,15:10,15:15,15,0,1.5,-100,100,20,2,0,1000,20,-25,-2,0,1000,TRUE,1000,1000,1000,1.5,1000,1,5
2057,l,TRUE,0.05,09:16,15:10,15:15,15,0,1.5,-100,100,20,2,0,1000,20,-25,-3,0,1000,TRUE,1000,1000,1000,1.5,1000,1,5
2058,l,TRUE,0.05,09:16,15:10,15:15,15,0,1.5,-100,100,20,2,0,1000,20,-25,-4,0,1000,TRUE,1000,1000,1000,1.5,1000,1,5
2059,l,TRUE,0.05,09:16,15:10,15:15,15,0,1.5,-100,100,20,2,0,1000,20,-25,-5,0,1000,TRUE,1000,1000,1000,1.5,1000,1,5
2060,l,TRUE,0.05,09:16,15:10,15:15,15,0,1.5,-100,100,20,2,0,1000,20,-25,-6,0,1000,TRUE,1000,1000,1000,1.5,1000,1,5
2061,l,TRUE,0.05,09:16,15:10,15:15,15,0,1.5,-100,100,20,2,0,1000,20,-25,-7,0,1000,TRUE,1000,1000,1000,1.5,1000,1,5
2062,l,TRUE,0.05,09:16,15:10,15:15,15,0,1.5,-100,100,20,2,0,1000,20,-25,-8,0,1000,TRUE,1000,1000,1000,1.5,1000,1,5
2063,l,TRUE,0.05,09:16,15:10,15:15,15,0,1.5,-100,100,20,2,0,1000,20,-25,-9,0,1000,TRUE,1000,1000,1000,1.5,1000,1,5
2064,l,TRUE,0.05,09:16,15:10,15:15,15,0,1.5,-100,100,20,2,0,1000,20,-25,-10,0,1000,TRUE,1000,1000,1000,1.5,1000,1,5
2065,l,TRUE,0.05,09:16,15:10,15:15,15,0,1.5,-100,100,20,2,0,1000,20,-25,-15,0,1000,TRUE,1000,1000,1000,1.5,1000,1,5
2066,l,TRUE,0.05,09:16,15:10,15:15,15,0,1.5,-100,100,20,2,0,1000,20,-25,-20,0,1000,TRUE,1000,1000,1000,1.5,1000,1,5
2067,l,TRUE,0.05,09:16,15:10,15:15,15,0,1.5,-100,100,20,2,0,1000,30,-25,0,0,1000,TRUE,1000,1000,1000,1.5,1000,1,5
2068,l,TRUE,0.05,09:16,15:10,15:15,15,0,1.5,-100,100,20,2,0,1000,30,-25,-1,0,1000,TRUE,1000,1000,1000,1.5,1000,1,5
2069,l,TRUE,0.05,09:16,15:10,15:15,15,0,1.5,-100,100,20,2,0,1000,30,-25,-2,0,1000,TRUE,1000,1000,1000,1.5,1000,1,5
2070,l,TRUE,0.05,09:16,15:10,15:15,15,0,1.5,-100,100,20,2,0,1000,30,-25,-3,0,1000,TRUE,1000,1000,1000,1.5,1000,1,5
2071,l,TRUE,0.05,09:16,15:10,15:15,15,0,1.5,-100,100,20,2,0,1000,30,-25,-4,0,1000,TRUE,1000,1000,1000,1.5,1000,1,5
2072,l,TRUE,0.05,09:16,15:10,15:15,15,0,1.5,-100,100,20,2,0,1000,30,-25,-5,0,1000,TRUE,1000,1000,1000,1.5,1000,1,5
2073,l,TRUE,0.05,09:16,15:10,15:15,15,0,1.5,-100,100,20,2,0,1000,30,-25,-6,0,1000,TRUE,1000,1000,1000,1.5,1000,1,5
2074,l,TRUE,0.05,09:16,15:10,15:15,15,0,1.5,-100,100,20,2,0,1000,30,-25,-7,0,1000,TRUE,1000,1000,1000,1.5,1000,1,5
2075,l,TRUE,0.05,09:16,15:10,15:15,15,0,1.5,-100,100,20,2,0,1000,30,-25,-8,0,1000,TRUE,1000,1000,1000,1.5,1000,1,5
2076,l,TRUE,0.05,09:16,15:10,15:15,15,0,1.5,-100,100,20,2,0,1000,30,-25,-9,0,1000,TRUE,1000,1000,1000,1.5,1000,1,5
2077,l,TRUE,0.05,09:16,15:10,15:15,15,0,1.5,-100,100,20,2,0,1000,30,-25,-10,0,1000,TRUE,1000,1000,1000,1.5,1000,1,5
2078,l,TRUE,0.05,09:16,15:10,15:15,15,0,1.5,-100,100,20,2,0,1000,30,-25,-15,0,1000,TRUE,1000,1000,1000,1.5,1000,1,5
2079,l,TRUE,0.05,09:16,15:10,15:15,15,0,1.5,-100,100,20,2,0,1000,30,-25,-20,0,1000,TRUE,1000,1000,1000,1.5,1000,1,5
2080,l,TRUE,0.05,09:16,15:10,15:15,15,0,1.5,-100,100,20,3,0,1000,15,-25,0,0,1000,TRUE,1000,1000,1000,1.5,1000,1,5
2081,l,TRUE,0.05,09:16,15:10,15:15,15,0,1.5,-100,100,20,3,0,1000,15,-25,-1,0,1000,TRUE,1000,1000,1000,1.5,1000,1,5
2082,l,TRUE,0.05,09:16,15:10,15:15,15,0,1.5,-100,100,20,3,0,1000,15,-25,-2,0,1000,TRUE,1000,1000,1000,1.5,1000,1,5
2083,l,TRUE,0.05,09:16,15:10,15:15,15,0,1.5,-100,100,20,3,0,1000,15,-25,-3,0,1000,TRUE,1000,1000,1000,1.5,1000,1,5
2084,l,TRUE,0.05,09:16,15:10,15:15,15,0,1.5,-100,100,20,3,0,1000,15,-25,-4,0,1000,TRUE,1000,1000,1000,1.5,1000,1,5
2085,l,TRUE,0.05,09:16,15:10,15:15,15,0,1.5,-100,100,20,3,0,1000,15,-25,-5,0,1000,TRUE,1000,1000,1000,1.5,1000,1,5
2086,l,TRUE,0.05,09:16,15:10,15:15,15,0,1.5,-100,100,20,3,0,1000,15,-25,-6,0,1000,TRUE,1000,1000,1000,1.5,1000,1,5
2087,l,TRUE,0.05,09:16,15:10,15:15,15,0,1.5,-100,100,20,3,0,1000,15,-25,-7,0,1000,TRUE,1000,1000,1000,1.5,1000,1,5
2088,l,TRUE,0.05,09:16,15:10,15:15,15,0,1.5,-100,100,20,3,0,1000,15,-25,-8,0,1000,TRUE,1000,1000,1000,1.5,1000,1,5
2089,l,TRUE,0.05,09:16,15:10,15:15,15,0,1.5,-100,100,20,3,0,1000,15,-25,-9,0,1000,TRUE,1000,1000,1000,1.5,1000,1,5
2090,l,TRUE,0.05,09:16,15:10,15:15,15,0,1.5,-100,100,20,3,0,1000,15,-25,-10,0,1000,TRUE,1000,1000,1000,1.5,1000,1,5
2091,l,TRUE,0.05,09:16,15:10,15:15,15,0,1.5,-100,100,20,3,0,1000,15,-25,-15,0,1000,TRUE,1000,1000,1000,1.5,1000,1,5
2092,l,TRUE,0.05,09:16,15:10,15:15,15,0,1.5,-100,100,20,3,0,1000,15,-25,-20,0,1000,TRUE,1000,1000,1000,1.5,1000,1,5
2093,l,TRUE,0.05,09:16,15:10,15:15,15,0,1.5,-100,100,20,3,0,1000,20,-25,0,0,1000,TRUE,1000,1000,1000,1.5,1000,1,5
2094,l,TRUE,0.05,09:16,15:10,15:15,15,0,1.5,-100,100,20,3,0,1000,20,-25,-1,0,1000,TRUE,1000,1000,1000,1.5,1000,1,5
2095,l,TRUE,0.05,09:16,15:10,15:15,15,0,1.5,-100,100,20,3,0,1000,20,-25,-2,0,1000,TRUE,1000,1000,1000,1.5,1000,1,5
2096,l,TRUE,0.05,09:16,15:10,15:15,15,0,1.5,-100,100,20,3,0,1000,20,-25,-3,0,1000,TRUE,1000,1000,1000,1.5,1000,1,5
2097,l,TRUE,0.05,09:16,15:10,15:15,15,0,1.5,-100,100,20,3,0,1000,20,-25,-4,0,1000,TRUE,1000,1000,1000,1.5,1000,1,5
2098,l,TRUE,0.05,09:16,15:10,15:15,15,0,1.5,-100,100,20,3,0,1000,20,-25,-5,0,1000,TRUE,1000,1000,1000,1.5,1000,1,5
2099,l,TRUE,0.05,09:16,15:10,15:15,15,0,1.5,-100,100,20,3,0,1000,20,-25,-6,0,1000,TRUE,1000,1000,1000,1.5,1000,1,5
2100,l,TRUE,0.05,09:16,15:10,15:15,15,0,1.5,-100,100,20,3,0,1000,20,-25,-7,0,1000,TRUE,1000,1000,1000,1.5,1000,1,5
2101,l,TRUE,0.05,09:16,15:10,15:15,15,0,1.5,-100,100,20,3,0,1000,20,-25,-8,0,1000,TRUE,1000,1000,1000,1.5,1000,1,5
2102,l,TRUE,0.05,09:16,15:10,15:15,15,0,1.5,-100,100,20,3,0,1000,20,-25,-9,0,1000,TRUE,1000,1000,1000,1.5,1000,1,5
2103,l,TRUE,0.05,09:16,15:10,15:15,15,0,1.5,-100,100,20,3,0,1000,20,-25,-10,0,1000,TRUE,1000,1000,1000,1.5,1000,1,5
2104,l,TRUE,0.05,09:16,15:10,15:15,15,0,1.5,-100,100,20,3,0,1000,20,-25,-15,0,1000,TRUE,1000,1000,1000,1.5,1000,1,5
2105,l,TRUE,0.05,09:16,15:10,15:15,15,0,1.5,-100,100,20,3,0,1000,20,-25,-20,0,1000,TRUE,1000,1000,1000,1.5,1000,1,5
2106,l,TRUE,0.05,09:16,15:10,15:15,15,0,1.5,-100,100,20,3,0,1000,30,-25,0,0,1000,TRUE,1000,1000,1000,1.5,1000,1,5
2107,l,TRUE,0.05,09:16,15:10,15:15,15,0,1.5,-100,100,20,3,0,1000,30,-25,-1,0,1000,TRUE,1000,1000,1000,1.5,1000,1,5
2108,l,TRUE,0.05,09:16,15:10,15:15,15,0,1.5,-100,100,20,3,0,1000,30,-25,-2,0,1000,TRUE,1000,1000,1000,1.5,1000,1,5
2109,l,TRUE,0.05,09:16,15:10,15:15,15,0,1.5,-100,100,20,3,0,1000,30,-25,-3,0,1000,TRUE,1000,1000,1000,1.5,1000,1,5
2110,l,TRUE,0.05,09:16,15:10,15:15,15,0,1.5,-100,100,20,3,0,1000,30,-25,-4,0,1000,TRUE,1000,1000,1000,1.5,1000,1,5
2111,l,TRUE,0.05,09:16,15:10,15:15,15,0,1.5,-100,100,20,3,0,1000,30,-25,-5,0,1000,TRUE,1000,1000,1000,1.5,1000,1,5
2112,l,TRUE,0.05,09:16,15:10,15:15,15,0,1.5,-100,100,20,3,0,1000,30,-25,-6,0,1000,TRUE,1000,1000,1000,1.5,1000,1,5
2113,l,TRUE,0.05,09:16,15:10,15:15,15,0,1.5,-100,100,20,3,0,1000,30,-25,-7,0,1000,TRUE,1000,1000,1000,1.5,1000,1,5
2114,l,TRUE,0.05,09:16,15:10,15:15,15,0,1.5,-100,100,20,3,0,1000,30,-25,-8,0,1000,TRUE,1000,1000,1000,1.5,1000,1,5
2115,l,TRUE,0.05,09:16,15:10,15:15,15,0,1.5,-100,100,20,3,0,1000,30,-25,-9,0,1000,TRUE,1000,1000,1000,1.5,1000,1,5
2116,l,TRUE,0.05,09:16,15:10,15:15,15,0,1.5,-100,100,20,3,0,1000,30,-25,-10,0,1000,TRUE,1000,1000,1000,1.5,1000,1,5
2117,l,TRUE,0.05,09:16,15:10,15:15,15,0,1.5,-100,100,20,3,0,1000,30,-25,-15,0,1000,TRUE,1000,1000,1000,1.5,1000,1,5
2118,l,TRUE,0.05,09:16,15:10,15:15,15,0,1.5,-100,100,20,3,0,1000,30,-25,-20,0,1000,TRUE,1000,1000,1000,1.5,1000,1,5
2119,l,TRUE,0.05,09:16,15:10,15:15,15,0,1.5,-100,100,30,2,0,1000,15,-25,0,0,1000,TRUE,1000,1000,1000,1.5,1000,1,5
2120,l,TRUE,0.05,09:16,15:10,15:15,15,0,1.5,-100,100,30,2,0,1000,15,-25,-1,0,1000,TRUE,1000,1000,1000,1.5,1000,1,5
2121,l,TRUE,0.05,09:16,15:10,15:15,15,0,1.5,-100,100,30,2,0,1000,15,-25,-2,0,1000,TRUE,1000,1000,1000,1.5,1000,1,5
2122,l,TRUE,0.05,09:16,15:10,15:15,15,0,1.5,-100,100,30,2,0,1000,15,-25,-3,0,1000,TRUE,1000,1000,1000,1.5,1000,1,5
2123,l,TRUE,0.05,09:16,15:10,15:15,15,0,1.5,-100,100,30,2,0,1000,15,-25,-4,0,1000,TRUE,1000,1000,1000,1.5,1000,1,5
2124,l,TRUE,0.05,09:16,15:10,15:15,15,0,1.5,-100,100,30,2,0,1000,15,-25,-5,0,1000,TRUE,1000,1000,1000,1.5,1000,1,5
2125,l,TRUE,0.05,09:16,15:10,15:15,15,0,1.5,-100,100,30,2,0,1000,15,-25,-6,0,1000,TRUE,1000,1000,1000,1.5,1000,1,5
2126,l,TRUE,0.05,09:16,15:10,15:15,15,0,1.5,-100,100,30,2,0,1000,15,-25,-7,0,1000,TRUE,1000,1000,1000,1.5,1000,1,5
2127,l,TRUE,0.05,09:16,15:10,15:15,15,0,1.5,-100,100,30,2,0,1000,15,-25,-8,0,1000,TRUE,1000,1000,1000,1.5,1000,1,5
2128,l,TRUE,0.05,09:16,15:10,15:15,15,0,1.5,-100,100,30,2,0,1000,15,-25,-9,0,1000,TRUE,1000,1000,1000,1.5,1000,1,5
2129,l,TRUE,0.05,09:16,15:10,15:15,15,0,1.5,-100,100,30,2,0,1000,15,-25,-10,0,1000,TRUE,1000,1000,1000,1.5,1000,1,5
2130,l,TRUE,0.05,09:16,15:10,15:15,15,0,1.5,-100,100,30,2,0,1000,15,-25,-15,0,1000,TRUE,1000,1000,1000,1.5,1000,1,5
2131,l,TRUE,0.05,09:16,15:10,15:15,15,0,1.5,-100,100,30,2,0,1000,15,-25,-20,0,1000,TRUE,1000,1000,1000,1.5,1000,1,5
2132,l,TRUE,0.05,09:16,15:10,15:15,15,0,1.5,-100,100,30,2,0,1000,20,-25,0,0,1000,TRUE,1000,1000,1000,1.5,1000,1,5
2133,l,TRUE,0.05,09:16,15:10,15:15,15,0,1.5,-100,100,30,2,0,1000,20,-25,-1,0,1000,TRUE,1000,1000,1000,1.5,1000,1,5
2134,l,TRUE,0.05,09:16,15:10,15:15,15,0,1.5,-100,100,30,2,0,1000,20,-25,-2,0,1000,TRUE,1000,1000,1000,1.5,1000,1,5
2135,l,TRUE,0.05,09:16,15:10,15:15,15,0,1.5,-100,100,30,2,0,1000,20,-25,-3,0,1000,TRUE,1000,1000,1000,1.5,1000,1,5
2136,l,TRUE,0.05,09:16,15:10,15:15,15,0,1.5,-100,100,30,2,0,1000,20,-25,-4,0,1000,TRUE,1000,1000,1000,1.5,1000,1,5
2137,l,TRUE,0.05,09:16,15:10,15:15,15,0,1.5,-100,100,30,2,0,1000,20,-25,-5,0,1000,TRUE,1000,1000,1000,1.5,1000,1,5
2138,l,TRUE,0.05,09:16,15:10,15:15,15,0,1.5,-100,100,30,2,0,1000,20,-25,-6,0,1000,TRUE,1000,1000,1000,1.5,1000,1,5
2139,l,TRUE,0.05,09:16,15:10,15:15,15,0,1.5,-100,100,30,2,0,1000,20,-25,-7,0,1000,TRUE,1000,1000,1000,1.5,1000,1,5
2140,l,TRUE,0.05,09:16,15:10,15:15,15,0,1.5,-100,100,30,2,0,1000,20,-25,-8,0,1000,TRUE,1000,1000,1000,1.5,1000,1,5
2141,l,TRUE,0.05,09:16,15:10,15:15,15,0,1.5,-100,100,30,2,0,1000,20,-25,-9,0,1000,TRUE,1000,1000,1000,1.5,1000,1,5
2142,l,TRUE,0.05,09:16,15:10,15:15,15,0,1.5,-100,100,30,2,0,1000,20,-25,-10,0,1000,TRUE,1000,1000,1000,1.5,1000,1,5
2143,l,TRUE,0.05,09:16,15:10,15:15,15,0,1.5,-100,100,30,2,0,1000,20,-25,-15,0,1000,TRUE,1000,1000,1000,1.5,1000,1,5
2144,l,TRUE,0.05,09:16,15:10,15:15,15,0,1.5,-100,100,30,2,0,1000,20,-25,-20,0,1000,TRUE,1000,1000,1000,1.5,1000,1,5
2145,l,TRUE,0.05,09:16,15:10,15:15,15,0,1.5,-100,100,30,2,0,1000,30,-25,0,0,1000,TRUE,1000,1000,1000,1.5,1000,1,5
2146,l,TRUE,0.05,09:16,15:10,15:15,15,0,1.5,-100,100,30,2,0,1000,30,-25,-1,0,1000,TRUE,1000,1000,1000,1.5,1000,1,5
2147,l,TRUE,0.05,09:16,15:10,15:15,15,0,1.5,-100,100,30,2,0,1000,30,-25,-2,0,1000,TRUE,1000,1000,1000,1.5,1000,1,5
2148,l,TRUE,0.05,09:16,15:10,15:15,15,0,1.5,-100,100,30,2,0,1000,30,-25,-3,0,1000,TRUE,1000,1000,1000,1.5,1000,1,5
2149,l,TRUE,0.05,09:16,15:10,15:15,15,0,1.5,-100,100,30,2,0,1000,30,-25,-4,0,1000,TRUE,1000,1000,1000,1.5,1000,1,5
2150,l,TRUE,0.05,09:16,15:10,15:15,15,0,1.5,-100,100,30,2,0,1000,30,-25,-5,0,1000,TRUE,1000,1000,1000,1.5,1000,1,5
2151,l,TRUE,0.05,09:16,15:10,15:15,15,0,1.5,-100,100,30,2,0,1000,30,-25,-6,0,1000,TRUE,1000,1000,1000,1.5,1000,1,5
2152,l,TRUE,0.05,09:16,15:10,15:15,15,0,1.5,-100,100,30,2,0,1000,30,-25,-7,0,1000,TRUE,1000,1000,1000,1.5,1000,1,5
2153,l,TRUE,0.05,09:16,15:10,15:15,15,0,1.5,-100,100,30,2,0,1000,30,-25,-8,0,1000,TRUE,1000,1000,1000,1.5,1000,1,5
2154,l,TRUE,0.05,09:16,15:10,15:15,15,0,1.5,-100,100,30,2,0,1000,30,-25,-9,0,1000,TRUE,1000,1000,1000,1.5,1000,1,5
2155,l,TRUE,0.05,09:16,15:10,15:15,15,0,1.5,-100,100,30,2,0,1000,30,-25,-10,0,1000,TRUE,1000,1000,1000,1.5,1000,1,5
2156,l,TRUE,0.05,09:16,15:10,15:15,15,0,1.5,-100,100,30,2,0,1000,30,-25,-15,0,1000,TRUE,1000,1000,1000,1.5,1000,1,5
2157,l,TRUE,0.05,09:16,15:10,15:15,15,0,1.5,-100,100,30,2,0,1000,30,-25,-20,0,1000,TRUE,1000,1000,1000,1.5,1000,1,5
2158,l,TRUE,0.05,09:16,15:10,15:15,15,0,1.5,-100,100,30,3,0,1000,15,-25,0,0,1000,TRUE,1000,1000,1000,1.5,1000,1,5
2159,l,TRUE,0.05,09:16,15:10,15:15,15,0,1.5,-100,100,30,3,0,1000,15,-25,-1,0,1000,TRUE,1000,1000,1000,1.5,1000,1,5
2160,l,TRUE,0.05,09:16,15:10,15:15,15,0,1.5,-100,100,30,3,0,1000,15,-25,-2,0,1000,TRUE,1000,1000,1000,1.5,1000,1,5
2161,l,TRUE,0.05,09:16,15:10,15:15,15,0,1.5,-100,100,30,3,0,1000,15,-25,-3,0,1000,TRUE,1000,1000,1000,1.5,1000,1,5
2162,l,TRUE,0.05,09:16,15:10,15:15,15,0,1.5,-100,100,30,3,0,1000,15,-25,-4,0,1000,TRUE,1000,1000,1000,1.5,1000,1,5
2163,l,TRUE,0.05,09:16,15:10,15:15,15,0,1.5,-100,100,30,3,0,1000,15,-25,-5,0,1000,TRUE,1000,1000,1000,1.5,1000,1,5
2164,l,TRUE,0.05,09:16,15:10,15:15,15,0,1.5,-100,100,30,3,0,1000,15,-25,-6,0,1000,TRUE,1000,1000,1000,1.5,1000,1,5
2165,l,TRUE,0.05,09:16,15:10,15:15,15,0,1.5,-100,100,30,3,0,1000,15,-25,-7,0,1000,TRUE,1000,1000,1000,1.5,1000,1,5
2166,l,TRUE,0.05,09:16,15:10,15:15,15,0,1.5,-100,100,30,3,0,1000,15,-25,-8,0,1000,TRUE,1000,1000,1000,1.5,1000,1,5
2167,l,TRUE,0.05,09:16,15:10,15:15,15,0,1.5,-100,100,30,3,0,1000,15,-25,-9,0,1000,TRUE,1000,1000,1000,1.5,1000,1,5
2168,l,TRUE,0.05,09:16,15:10,15:15,15,0,1.5,-100,100,30,3,0,1000,15,-25,-10,0,1000,TRUE,1000,1000,1000,1.5,1000,1,5
2169,l,TRUE,0.05,09:16,15:10,15:15,15,0,1.5,-100,100,30,3,0,1000,15,-25,-15,0,1000,TRUE,1000,1000,1000,1.5,1000,1,5
2170,l,TRUE,0.05,09:16,15:10,15:15,15,0,1.5,-100,100,30,3,0,1000,15,-25,-20,0,1000,TRUE,1000,1000,1000,1.5,1000,1,5
2171,l,TRUE,0.05,09:16,15:10,15:15,15,0,1.5,-100,100,30,3,0,1000,20,-25,0,0,1000,TRUE,1000,1000,1000,1.5,1000,1,5
2172,l,TRUE,0.05,09:16,15:10,15:15,15,0,1.5,-100,100,30,3,0,1000,20,-25,-1,0,1000,TRUE,1000,1000,1000,1.5,1000,1,5
2173,l,TRUE,0.05,09:16,15:10,15:15,15,0,1.5,-100,100,30,3,0,1000,20,-25,-2,0,1000,TRUE,1000,1000,1000,1.5,1000,1,5
2174,l,TRUE,0.05,09:16,15:10,15:15,15,0,1.5,-100,100,30,3,0,1000,20,-25,-3,0,1000,TRUE,1000,1000,1000,1.5,1000,1,5
2175,l,TRUE,0.05,09:16,15:10,15:15,15,0,1.5,-100,100,30,3,0,1000,20,-25,-4,0,1000,TRUE,1000,1000,1000,1.5,1000,1,5
2176,l,TRUE,0.05,09:16,15:10,15:15,15,0,1.5,-100,100,30,3,0,1000,20,-25,-5,0,1000,TRUE,1000,1000,1000,1.5,1000,1,5
2177,l,TRUE,0.05,09:16,15:10,15:15,15,0,1.5,-100,100,30,3,0,1000,20,-25,-6,0,1000,TRUE,1000,1000,1000,1.5,1000,1,5
2178,l,TRUE,0.05,09:16,15:10,15:15,15,0,1.5,-100,100,30,3,0,1000,20,-25,-7,0,1000,TRUE,1000,1000,1000,1.5,1000,1,5
2179,l,TRUE,0.05,09:16,15:10,15:15,15,0,1.5,-100,100,30,3,0,1000,20,-25,-8,0,1000,TRUE,1000,1000,1000,1.5,1000,1,5
2180,l,TRUE,0.05,09:16,15:10,15:15,15,0,1.5,-100,100,30,3,0,1000,20,-25,-9,0,1000,TRUE,1000,1000,1000,1.5,1000,1,5
2181,l,TRUE,0.05,09:16,15:10,15:15,15,0,1.5,-100,100,30,3,0,1000,20,-25,-10,0,1000,TRUE,1000,1000,1000,1.5,1000,1,5
2182,l,TRUE,0.05,09:16,15:10,15:15,15,0,1.5,-100,100,30,3,0,1000,20,-25,-15,0,1000,TRUE,1000,1000,1000,1.5,1000,1,5
2183,l,TRUE,0.05,09:16,15:10,15:15,15,0,1.5,-100,100,30,3,0,1000,20,-25,-20,0,1000,TRUE,1000,1000,1000,1.5,1000,1,5
2184,l,TRUE,0.05,09:16,15:10,15:15,15,0,1.5,-100,100,30,3,0,1000,30,-25,0,0,1000,TRUE,1000,1000,1000,1.5,1000,1,5
2185,l,TRUE,0.05,09:16,15:10,15:15,15,0,1.5,-100,100,30,3,0,1000,30,-25,-1,0,1000,TRUE,1000,1000,1000,1.5,1000,1,5
2186,l,TRUE,0.05,09:16,15:10,15:15,15,0,1.5,-100,100,30,3,0,1000,30,-25,-2,0,1000,TRUE,1000,1000,1000,1.5,1000,1,5
2187,l,TRUE,0.05,09:16,15:10,15:15,15,0,1.5,-100,100,30,3,0,1000,30,-25,-3,0,1000,TRUE,1000,1000,1000,1.5,1000,1,5
2188,l,TRUE,0.05,09:16,15:10,15:15,15,0,1.5,-100,100,30,3,0,1000,30,-25,-4,0,1000,TRUE,1000,1000,1000,1.5,1000,1,5
2189,l,TRUE,0.05,09:16,15:10,15:15,15,0,1.5,-100,100,30,3,0,1000,30,-25,-5,0,1000,TRUE,1000,1000,1000,1.5,1000,1,5
2190,l,TRUE,0.05,09:16,15:10,15:15,15,0,1.5,-100,100,30,3,0,1000,30,-25,-6,0,1000,TRUE,1000,1000,1000,1.5,1000,1,5
2191,l,TRUE,0.05,09:16,15:10,15:15,15,0,1.5,-100,100,30,3,0,1000,30,-25,-7,0,1000,TRUE,1000,1000,1000,1.5,1000,1,5
2192,l,TRUE,0.05,09:16,15:10,15:15,15,0,1.5,-100,100,30,3,0,1000,30,-25,-8,0,1000,TRUE,1000,1000,1000,1.5,1000,1,5
2193,l,TRUE,0.05,09:16,15:10,15:15,15,0,1.5,-100,100,30,3,0,1000,30,-25,-9,0,1000,TRUE,1000,1000,1000,1.5,1000,1,5
2194,l,TRUE,0.05,09:16,15:10,15:15,15,0,1.5,-100,100,30,3,0,1000,30,-25,-10,0,1000,TRUE,1000,1000,1000,1.5,1000,1,5
2195,l,TRUE,0.05,09:16,15:10,15:15,15,0,1.5,-100,100,30,3,0,1000,30,-25,-15,0,1000,TRUE,1000,1000,1000,1.5,1000,1,5
2196,l,TRUE,0.05,09:16,15:10,15:15,15,0,1.5,-100,100,30,3,0,1000,30,-25,-20,0,1000,TRUE,1000,1000,1000,1.5,1000,1,5
2197,l,TRUE,0.05,09:16,15:10,15:15,15,0,1.5,-100,100,40,2,0,1000,15,-25,0,0,1000,TRUE,1000,1000,1000,1.5,1000,1,5
2198,l,TRUE,0.05,09:16,15:10,15:15,15,0,1.5,-100,100,40,2,0,1000,15,-25,-1,0,1000,TRUE,1000,1000,1000,1.5,1000,1,5
2199,l,TRUE,0.05,09:16,15:10,15:15,15,0,1.5,-100,100,40,2,0,1000,15,-25,-2,0,1000,TRUE,1000,1000,1000,1.5,1000,1,5
2200,l,TRUE,0.05,09:16,15:10,15:15,15,0,1.5,-100,100,40,2,0,1000,15,-25,-3,0,1000,TRUE,1000,1000,1000,1.5,1000,1,5
2201,l,TRUE,0.05,09:16,15:10,15:15,15,0,1.5,-100,100,40,2,0,1000,15,-25,-4,0,1000,TRUE,1000,1000,1000,1.5,1000,1,5
2202,l,TRUE,0.05,09:16,15:10,15:15,15,0,1.5,-100,100,40,2,0,1000,15,-25,-5,0,1000,TRUE,1000,1000,1000,1.5,1000,1,5
2203,l,TRUE,0.05,09:16,15:10,15:15,15,0,1.5,-100,100,40,2,0,1000,15,-25,-6,0,1000,TRUE,1000,1000,1000,1.5,1000,1,5
2204,l,TRUE,0.05,09:16,15:10,15:15,15,0,1.5,-100,100,40,2,0,1000,15,-25,-7,0,1000,TRUE,1000,1000,1000,1.5,1000,1,5
2205,l,TRUE,0.05,09:16,15:10,15:15,15,0,1.5,-100,100,40,2,0,1000,15,-25,-8,0,1000,TRUE,1000,1000,1000,1.5,1000,1,5
2206,l,TRUE,0.05,09:16,15:10,15:15,15,0,1.5,-100,100,40,2,0,1000,15,-25,-9,0,1000,TRUE,1000,1000,1000,1.5,1000,1,5
2207,l,TRUE,0.05,09:16,15:10,15:15,15,0,1.5,-100,100,40,2,0,1000,15,-25,-10,0,1000,TRUE,1000,1000,1000,1.5,1000,1,5
2208,l,TRUE,0.05,09:16,15:10,15:15,15,0,1.5,-100,100,40,2,0,1000,15,-25,-15,0,1000,TRUE,1000,1000,1000,1.5,1000,1,5
2209,l,TRUE,0.05,09:16,15:10,15:15,15,0,1.5,-100,100,40,2,0,1000,15,-25,-20,0,1000,TRUE,1000,1000,1000,1.5,1000,1,5
2210,l,TRUE,0.05,09:16,15:10,15:15,15,0,1.5,-100,100,40,2,0,1000,20,-25,0,0,1000,TRUE,1000,1000,1000,1.5,1000,1,5
2211,l,TRUE,0.05,09:16,15:10,15:15,15,0,1.5,-100,100,40,2,0,1000,20,-25,-1,0,1000,TRUE,1000,1000,1000,1.5,1000,1,5
2212,l,TRUE,0.05,09:16,15:10,15:15,15,0,1.5,-100,100,40,2,0,1000,20,-25,-2,0,1000,TRUE,1000,1000,1000,1.5,1000,1,5
2213,l,TRUE,0.05,09:16,15:10,15:15,15,0,1.5,-100,100,40,2,0,1000,20,-25,-3,0,1000,TRUE,1000,1000,1000,1.5,1000,1,5
2214,l,TRUE,0.05,09:16,15:10,15:15,15,0,1.5,-100,100,40,2,0,1000,20,-25,-4,0,1000,TRUE,1000,1000,1000,1.5,1000,1,5
2215,l,TRUE,0.05,09:16,15:10,15:15,15,0,1.5,-100,100,40,2,0,1000,20,-25,-5,0,1000,TRUE,1000,1000,1000,1.5,1000,1,5
2216,l,TRUE,0.05,09:16,15:10,15:15,15,0,1.5,-100,100,40,2,0,1000,20,-25,-6,0,1000,TRUE,1000,1000,1000,1.5,1000,1,5
2217,l,TRUE,0.05,09:16,15:10,15:15,15,0,1.5,-100,100,40,2,0,1000,20,-25,-7,0,1000,TRUE,1000,1000,1000,1.5,1000,1,5
2218,l,TRUE,0.05,09:16,15:10,15:15,15,0,1.5,-100,100,40,2,0,1000,20,-25,-8,0,1000,TRUE,1000,1000,1000,1.5,1000,1,5
2219,l,TRUE,0.05,09:16,15:10,15:15,15,0,1.5,-100,100,40,2,0,1000,20,-25,-9,0,1000,TRUE,1000,1000,1000,1.5,1000,1,5
2220,l,TRUE,0.05,09:16,15:10,15:15,15,0,1.5,-100,100,40,2,0,1000,20,-25,-10,0,1000,TRUE,1000,1000,1000,1.5,1000,1,5
2221,l,TRUE,0.05,09:16,15:10,15:15,15,0,1.5,-100,100,40,2,0,1000,20,-25,-15,0,1000,TRUE,1000,1000,1000,1.5,1000,1,5
2222,l,TRUE,0.05,09:16,15:10,15:15,15,0,1.5,-100,100,40,2,0,1000,20,-25,-20,0,1000,TRUE,1000,1000,1000,1.5,1000,1,5
2223,l,TRUE,0.05,09:16,15:10,15:15,15,0,1.5,-100,100,40,2,0,1000,30,-25,0,0,1000,TRUE,1000,1000,1000,1.5,1000,1,5
2224,l,TRUE,0.05,09:16,15:10,15:15,15,0,1.5,-100,100,40,2,0,1000,30,-25,-1,0,1000,TRUE,1000,1000,1000,1.5,1000,1,5
2225,l,TRUE,0.05,09:16,15:10,15:15,15,0,1.5,-100,100,40,2,0,1000,30,-25,-2,0,1000,TRUE,1000,1000,1000,1.5,1000,1,5
2226,l,TRUE,0.05,09:16,15:10,15:15,15,0,1.5,-100,100,40,2,0,1000,30,-25,-3,0,1000,TRUE,1000,1000,1000,1.5,1000,1,5
2227,l,TRUE,0.05,09:16,15:10,15:15,15,0,1.5,-100,100,40,2,0,1000,30,-25,-4,0,1000,TRUE,1000,1000,1000,1.5,1000,1,5
2228,l,TRUE,0.05,09:16,15:10,15:15,15,0,1.5,-100,100,40,2,0,1000,30,-25,-5,0,1000,TRUE,1000,1000,1000,1.5,1000,1,5
2229,l,TRUE,0.05,09:16,15:10,15:15,15,0,1.5,-100,100,40,2,0,1000,30,-25,-6,0,1000,TRUE,1000,1000,1000,1.5,1000,1,5
2230,l,TRUE,0.05,09:16,15:10,15:15,15,0,1.5,-100,100,40,2,0,1000,30,-25,-7,0,1000,TRUE,1000,1000,1000,1.5,1000,1,5
2231,l,TRUE,0.05,09:16,15:10,15:15,15,0,1.5,-100,100,40,2,0,1000,30,-25,-8,0,1000,TRUE,1000,1000,1000,1.5,1000,1,5
2232,l,TRUE,0.05,09:16,15:10,15:15,15,0,1.5,-100,100,40,2,0,1000,30,-25,-9,0,1000,TRUE,1000,1000,1000,1.5,1000,1,5
2233,l,TRUE,0.05,09:16,15:10,15:15,15,0,1.5,-100,100,40,2,0,1000,30,-25,-10,0,1000,TRUE,1000,1000,1000,1.5,1000,1,5
2234,l,TRUE,0.05,09:16,15:10,15:15,15,0,1.5,-100,100,40,2,0,1000,30,-25,-15,0,1000,TRUE,1000,1000,1000,1.5,1000,1,5
2235,l,TRUE,0.05,09:16,15:10,15:15,15,0,1.5,-100,100,40,2,0,1000,30,-25,-20,0,1000,TRUE,1000,1000,1000,1.5,1000,1,5
2236,l,TRUE,0.05,09:16,15:10,15:15,15,0,1.5,-100,100,40,3,0,1000,15,-25,0,0,1000,TRUE,1000,1000,1000,1.5,1000,1,5
2237,l,TRUE,0.05,09:16,15:10,15:15,15,0,1.5,-100,100,40,3,0,1000,15,-25,-1,0,1000,TRUE,1000,1000,1000,1.5,1000,1,5
2238,l,TRUE,0.05,09:16,15:10,15:15,15,0,1.5,-100,100,40,3,0,1000,15,-25,-2,0,1000,TRUE,1000,1000,1000,1.5,1000,1,5
2239,l,TRUE,0.05,09:16,15:10,15:15,15,0,1.5,-100,100,40,3,0,1000,15,-25,-3,0,1000,TRUE,1000,1000,1000,1.5,1000,1,5
2240,l,TRUE,0.05,09:16,15:10,15:15,15,0,1.5,-100,100,40,3,0,1000,15,-25,-4,0,1000,TRUE,1000,1000,1000,1.5,1000,1,5
2241,l,TRUE,0.05,09:16,15:10,15:15,15,0,1.5,-100,100,40,3,0,1000,15,-25,-5,0,1000,TRUE,1000,1000,1000,1.5,1000,1,5
2242,l,TRUE,0.05,09:16,15:10,15:15,15,0,1.5,-100,100,40,3,0,1000,15,-25,-6,0,1000,TRUE,1000,1000,1000,1.5,1000,1,5
2243,l,TRUE,0.05,09:16,15:10,15:15,15,0,1.5,-100,100,40,3,0,1000,15,-25,-7,0,1000,TRUE,1000,1000,1000,1.5,1000,1,5
2244,l,TRUE,0.05,09:16,15:10,15:15,15,0,1.5,-100,100,40,3,0,1000,15,-25,-8,0,1000,TRUE,1000,1000,1000,1.5,1000,1,5
2245,l,TRUE,0.05,09:16,15:10,15:15,15,0,1.5,-100,100,40,3,0,1000,15,-25,-9,0,1000,TRUE,1000,1000,1000,1.5,1000,1,5
2246,l,TRUE,0.05,09:16,15:10,15:15,15,0,1.5,-100,100,40,3,0,1000,15,-25,-10,0,1000,TRUE,1000,1000,1000,1.5,1000,1,5
2247,l,TRUE,0.05,09:16,15:10,15:15,15,0,1.5,-100,100,40,3,0,1000,15,-25,-15,0,1000,TRUE,1000,1000,1000,1.5,1000,1,5
2248,l,TRUE,0.05,09:16,15:10,15:15,15,0,1.5,-100,100,40,3,0,1000,15,-25,-20,0,1000,TRUE,1000,1000,1000,1.5,1000,1,5
2249,l,TRUE,0.05,09:16,15:10,15:15,15,0,1.5,-100,100,40,3,0,1000,20,-25,0,0,1000,TRUE,1000,1000,1000,1.5,1000,1,5
2250,l,TRUE,0.05,09:16,15:10,15:15,15,0,1.5,-100,100,40,3,0,1000,20,-25,-1,0,1000,TRUE,1000,1000,1000,1.5,1000,1,5
2251,l,TRUE,0.05,09:16,15:10,15:15,15,0,1.5,-100,100,40,3,0,1000,20,-25,-2,0,1000,TRUE,1000,1000,1000,1.5,1000,1,5
2252,l,TRUE,0.05,09:16,15:10,15:15,15,0,1.5,-100,100,40,3,0,1000,20,-25,-3,0,1000,TRUE,1000,1000,1000,1.5,1000,1,5
2253,l,TRUE,0.05,09:16,15:10,15:15,15,0,1.5,-100,100,40,3,0,1000,20,-25,-4,0,1000,TRUE,1000,1000,1000,1.5,1000,1,5
2254,l,TRUE,0.05,09:16,15:10,15:15,15,0,1.5,-100,100,40,3,0,1000,20,-25,-5,0,1000,TRUE,1000,1000,1000,1.5,1000,1,5
2255,l,TRUE,0.05,09:16,15:10,15:15,15,0,1.5,-100,100,40,3,0,1000,20,-25,-6,0,1000,TRUE,1000,1000,1000,1.5,1000,1,5
2256,l,TRUE,0.05,09:16,15:10,15:15,15,0,1.5,-100,100,40,3,0,1000,20,-25,-7,0,1000,TRUE,1000,1000,1000,1.5,1000,1,5
2257,l,TRUE,0.05,09:16,15:10,15:15,15,0,1.5,-100,100,40,3,0,1000,20,-25,-8,0,1000,TRUE,1000,1000,1000,1.5,1000,1,5
2258,l,TRUE,0.05,09:16,15:10,15:15,15,0,1.5,-100,100,40,3,0,1000,20,-25,-9,0,1000,TRUE,1000,1000,1000,1.5,1000,1,5
2259,l,TRUE,0.05,09:16,15:10,15:15,15,0,1.5,-100,100,40,3,0,1000,20,-25,-10,0,1000,TRUE,1000,1000,1000,1.5,1000,1,5
2260,l,TRUE,0.05,09:16,15:10,15:15,15,0,1.5,-100,100,40,3,0,1000,20,-25,-15,0,1000,TRUE,1000,1000,1000,1.5,1000,1,5
2261,l,TRUE,0.05,09:16,15:10,15:15,15,0,1.5,-100,100,40,3,0,1000,20,-25,-20,0,1000,TRUE,1000,1000,1000,1.5,1000,1,5
2262,l,TRUE,0.05,09:16,15:10,15:15,15,0,1.5,-100,100,40,3,0,1000,30,-25,0,0,1000,TRUE,1000,1000,1000,1.5,1000,1,5
2263,l,TRUE,0.05,09:16,15:10,15:15,15,0,1.5,-100,100,40,3,0,1000,30,-25,-1,0,1000,TRUE,1000,1000,1000,1.5,1000,1,5
2264,l,TRUE,0.05,09:16,15:10,15:15,15,0,1.5,-100,100,40,3,0,1000,30,-25,-2,0,1000,TRUE,1000,1000,1000,1.5,1000,1,5
2265,l,TRUE,0.05,09:16,15:10,15:15,15,0,1.5,-100,100,40,3,0,1000,30,-25,-3,0,1000,TRUE,1000,1000,1000,1.5,1000,1,5
2266,l,TRUE,0.05,09:16,15:10,15:15,15,0,1.5,-100,100,40,3,0,1000,30,-25,-4,0,1000,TRUE,1000,1000,1000,1.5,1000,1,5
2267,l,TRUE,0.05,09:16,15:10,15:15,15,0,1.5,-100,100,40,3,0,1000,30,-25,-5,0,1000,TRUE,1000,1000,1000,1.5,1000,1,5
2268,l,TRUE,0.05,09:16,15:10,15:15,15,0,1.5,-100,100,40,3,0,1000,30,-25,-6,0,1000,TRUE,1000,1000,1000,1.5,1000,1,5
2269,l,TRUE,0.05,09:16,15:10,15:15,15,0,1.5,-100,100,40,3,0,1000,30,-25,-7,0,1000,TRUE,1000,1000,1000,1.5,1000,1,5
2270,l,TRUE,0.05,09:16,15:10,15:15,15,0,1.5,-100,100,40,3,0,1000,30,-25,-8,0,1000,TRUE,1000,1000,1000,1.5,1000,1,5
2271,l,TRUE,0.05,09:16,15:10,15:15,15,0,1.5,-100,100,40,3,0,1000,30,-25,-9,0,1000,TRUE,1000,1000,1000,1.5,1000,1,5
2272,l,TRUE,0.05,09:16,15:10,15:15,15,0,1.5,-100,100,40,3,0,1000,30,-25,-10,0,1000,TRUE,1000,1000,1000,1.5,1000,1,5
2273,l,TRUE,0.05,09:16,15:10,15:15,15,0,1.5,-100,100,40,3,0,1000,30,-25,-15,0,1000,TRUE,1000,1000,1000,1.5,1000,1,5
2274,l,TRUE,0.05,09:16,15:10,15:15,15,0,1.5,-100,100,40,3,0,1000,30,-25,-20,0,1000,TRUE,1000,1000,1000,1.5,1000,1,5
2275,l,TRUE,0.05,09:16,15:10,15:15,15,0,1.5,-100,100,50,2,0,1000,15,-25,0,0,1000,TRUE,1000,1000,1000,1.5,1000,1,5
2276,l,TRUE,0.05,09:16,15:10,15:15,15,0,1.5,-100,100,50,2,0,1000,15,-25,-1,0,1000,TRUE,1000,1000,1000,1.5,1000,1,5
2277,l,TRUE,0.05,09:16,15:10,15:15,15,0,1.5,-100,100,50,2,0,1000,15,-25,-2,0,1000,TRUE,1000,1000,1000,1.5,1000,1,5
2278,l,TRUE,0.05,09:16,15:10,15:15,15,0,1.5,-100,100,50,2,0,1000,15,-25,-3,0,1000,TRUE,1000,1000,1000,1.5,1000,1,5
2279,l,TRUE,0.05,09:16,15:10,15:15,15,0,1.5,-100,100,50,2,0,1000,15,-25,-4,0,1000,TRUE,1000,1000,1000,1.5,1000,1,5
2280,l,TRUE,0.05,09:16,15:10,15:15,15,0,1.5,-100,100,50,2,0,1000,15,-25,-5,0,1000,TRUE,1000,1000,1000,1.5,1000,1,5
2281,l,TRUE,0.05,09:16,15:10,15:15,15,0,1.5,-100,100,50,2,0,1000,15,-25,-6,0,1000,TRUE,1000,1000,1000,1.5,1000,1,5
2282,l,TRUE,0.05,09:16,15:10,15:15,15,0,1.5,-100,100,50,2,0,1000,15,-25,-7,0,1000,TRUE,1000,1000,1000,1.5,1000,1,5
2283,l,TRUE,0.05,09:16,15:10,15:15,15,0,1.5,-100,100,50,2,0,1000,15,-25,-8,0,1000,TRUE,1000,1000,1000,1.5,1000,1,5
2284,l,TRUE,0.05,09:16,15:10,15:15,15,0,1.5,-100,100,50,2,0,1000,15,-25,-9,0,1000,TRUE,1000,1000,1000,1.5,1000,1,5
2285,l,TRUE,0.05,09:16,15:10,15:15,15,0,1.5,-100,100,50,2,0,1000,15,-25,-10,0,1000,TRUE,1000,1000,1000,1.5,1000,1,5
2286,l,TRUE,0.05,09:16,15:10,15:15,15,0,1.5,-100,100,50,2,0,1000,15,-25,-15,0,1000,TRUE,1000,1000,1000,1.5,1000,1,5
2287,l,TRUE,0.05,09:16,15:10,15:15,15,0,1.5,-100,100,50,2,0,1000,15,-25,-20,0,1000,TRUE,1000,1000,1000,1.5,1000,1,5
2288,l,TRUE,0.05,09:16,15:10,15:15,15,0,1.5,-100,100,50,2,0,1000,20,-25,0,0,1000,TRUE,1000,1000,1000,1.5,1000,1,5
2289,l,TRUE,0.05,09:16,15:10,15:15,15,0,1.5,-100,100,50,2,0,1000,20,-25,-1,0,1000,TRUE,1000,1000,1000,1.5,1000,1,5
2290,l,TRUE,0.05,09:16,15:10,15:15,15,0,1.5,-100,100,50,2,0,1000,20,-25,-2,0,1000,TRUE,1000,1000,1000,1.5,1000,1,5
2291,l,TRUE,0.05,09:16,15:10,15:15,15,0,1.5,-100,100,50,2,0,1000,20,-25,-3,0,1000,TRUE,1000,1000,1000,1.5,1000,1,5
2292,l,TRUE,0.05,09:16,15:10,15:15,15,0,1.5,-100,100,50,2,0,1000,20,-25,-4,0,1000,TRUE,1000,1000,1000,1.5,1000,1,5
2293,l,TRUE,0.05,09:16,15:10,15:15,15,0,1.5,-100,100,50,2,0,1000,20,-25,-5,0,1000,TRUE,1000,1000,1000,1.5,1000,1,5
2294,l,TRUE,0.05,09:16,15:10,15:15,15,0,1.5,-100,100,50,2,0,1000,20,-25,-6,0,1000,TRUE,1000,1000,1000,1.5,1000,1,5
2295,l,TRUE,0.05,09:16,15:10,15:15,15,0,1.5,-100,100,50,2,0,1000,20,-25,-7,0,1000,TRUE,1000,1000,1000,1.5,1000,1,5
2296,l,TRUE,0.05,09:16,15:10,15:15,15,0,1.5,-100,100,50,2,0,1000,20,-25,-8,0,1000,TRUE,1000,1000,1000,1.5,1000,1,5
2297,l,TRUE,0.05,09:16,15:10,15:15,15,0,1.5,-100,100,50,2,0,1000,20,-25,-9,0,1000,TRUE,1000,1000,1000,1.5,1000,1,5
2298,l,TRUE,0.05,09:16,15:10,15:15,15,0,1.5,-100,100,50,2,0,1000,20,-25,-10,0,1000,TRUE,1000,1000,1000,1.5,1000,1,5
2299,l,TRUE,0.05,09:16,15:10,15:15,15,0,1.5,-100,100,50,2,0,1000,20,-25,-15,0,1000,TRUE,1000,1000,1000,1.5,1000,1,5
2300,l,TRUE,0.05,09:16,15:10,15:15,15,0,1.5,-100,100,50,2,0,1000,20,-25,-20,0,1000,TRUE,1000,1000,1000,1.5,1000,1,5
2301,l,TRUE,0.05,09:16,15:10,15:15,15,0,1.5,-100,100,50,2,0,1000,30,-25,0,0,1000,TRUE,1000,1000,1000,1.5,1000,1,5
2302,l,TRUE,0.05,09:16,15:10,15:15,15,0,1.5,-100,100,50,2,0,1000,30,-25,-1,0,1000,TRUE,1000,1000,1000,1.5,1000,1,5
2303,l,TRUE,0.05,09:16,15:10,15:15,15,0,1.5,-100,100,50,2,0,1000,30,-25,-2,0,1000,TRUE,1000,1000,1000,1.5,1000,1,5
2304,l,TRUE,0.05,09:16,15:10,15:15,15,0,1.5,-100,100,50,2,0,1000,30,-25,-3,0,1000,TRUE,1000,1000,1000,1.5,1000,1,5
2305,l,TRUE,0.05,09:16,15:10,15:15,15,0,1.5,-100,100,50,2,0,1000,30,-25,-4,0,1000,TRUE,1000,1000,1000,1.5,1000,1,5
2306,l,TRUE,0.05,09:16,15:10,15:15,15,0,1.5,-100,100,50,2,0,1000,30,-25,-5,0,1000,TRUE,1000,1000,1000,1.5,1000,1,5
2307,l,TRUE,0.05,09:16,15:10,15:15,15,0,1.5,-100,100,50,2,0,1000,30,-25,-6,0,1000,TRUE,1000,1000,1000,1.5,1000,1,5
2308,l,TRUE,0.05,09:16,15:10,15:15,15,0,1.5,-100,100,50,2,0,1000,30,-25,-7,0,1000,TRUE,1000,1000,1000,1.5,1000,1,5
2309,l,TRUE,0.05,09:16,15:10,15:15,15,0,1.5,-100,100,50,2,0,1000,30,-25,-8,0,1000,TRUE,1000,1000,1000,1.5,1000,1,5
2310,l,TRUE,0.05,09:16,15:10,15:15,15,0,1.5,-100,100,50,2,0,1000,30,-25,-9,0,1000,TRUE,1000,1000,1000,1.5,1000,1,5
2311,l,TRUE,0.05,09:16,15:10,15:15,15,0,1.5,-100,100,50,2,0,1000,30,-25,-10,0,1000,TRUE,1000,1000,1000,1.5,1000,1,5
2312,l,TRUE,0.05,09:16,15:10,15:15,15,0,1.5,-100,100,50,2,0,1000,30,-25,-15,0,1000,TRUE,1000,1000,1000,1.5,1000,1,5
2313,l,TRUE,0.05,09:16,15:10,15:15,15,0,1.5,-100,100,50,2,0,1000,30,-25,-20,0,1000,TRUE,1000,1000,1000,1.5,1000,1,5
2314,l,TRUE,0.05,09:16,15:10,15:15,15,0,1.5,-100,100,50,3,0,1000,15,-25,0,0,1000,TRUE,1000,1000,1000,1.5,1000,1,5
2315,l,TRUE,0.05,09:16,15:10,15:15,15,0,1.5,-100,100,50,3,0,1000,15,-25,-1,0,1000,TRUE,1000,1000,1000,1.5,1000,1,5
2316,l,TRUE,0.05,09:16,15:10,15:15,15,0,1.5,-100,100,50,3,0,1000,15,-25,-2,0,1000,TRUE,1000,1000,1000,1.5,1000,1,5
2317,l,TRUE,0.05,09:16,15:10,15:15,15,0,1.5,-100,100,50,3,0,1000,15,-25,-3,0,1000,TRUE,1000,1000,1000,1.5,1000,1,5
2318,l,TRUE,0.05,09:16,15:10,15:15,15,0,1.5,-100,100,50,3,0,1000,15,-25,-4,0,1000,TRUE,1000,1000,1000,1.5,1000,1,5
2319,l,TRUE,0.05,09:16,15:10,15:15,15,0,1.5,-100,100,50,3,0,1000,15,-25,-5,0,1000,TRUE,1000,1000,1000,1.5,1000,1,5
2320,l,TRUE,0.05,09:16,15:10,15:15,15,0,1.5,-100,100,50,3,0,1000,15,-25,-6,0,1000,TRUE,1000,1000,1000,1.5,1000,1,5
2321,l,TRUE,0.05,09:16,15:10,15:15,15,0,1.5,-100,100,50,3,0,1000,15,-25,-7,0,1000,TRUE,1000,1000,1000,1.5,1000,1,5
2322,l,TRUE,0.05,09:16,15:10,15:15,15,0,1.5,-100,100,50,3,0,1000,15,-25,-8,0,1000,TRUE,1000,1000,1000,1.5,1000,1,5
2323,l,TRUE,0.05,09:16,15:10,15:15,15,0,1.5,-100,100,50,3,0,1000,15,-25,-9,0,1000,TRUE,1000,1000,1000,1.5,1000,1,5
2324,l,TRUE,0.05,09:16,15:10,15:15,15,0,1.5,-100,100,50,3,0,1000,15,-25,-10,0,1000,TRUE,1000,1000,1000,1.5,1000,1,5
2325,l,TRUE,0.05,09:16,15:10,15:15,15,0,1.5,-100,100,50,3,0,1000,15,-25,-15,0,1000,TRUE,1000,1000,1000,1.5,1000,1,5
2326,l,TRUE,0.05,09:16,15:10,15:15,15,0,1.5,-100,100,50,3,0,1000,15,-25,-20,0,1000,TRUE,1000,1000,1000,1.5,1000,1,5
2327,l,TRUE,0.05,09:16,15:10,15:15,15,0,1.5,-100,100,50,3,0,1000,20,-25,0,0,1000,TRUE,1000,1000,1000,1.5,1000,1,5
2328,l,TRUE,0.05,09:16,15:10,15:15,15,0,1.5,-100,100,50,3,0,1000,20,-25,-1,0,1000,TRUE,1000,1000,1000,1.5,1000,1,5
2329,l,TRUE,0.05,09:16,15:10,15:15,15,0,1.5,-100,100,50,3,0,1000,20,-25,-2,0,1000,TRUE,1000,1000,1000,1.5,1000,1,5
2330,l,TRUE,0.05,09:16,15:10,15:15,15,0,1.5,-100,100,50,3,0,1000,20,-25,-3,0,1000,TRUE,1000,1000,1000,1.5,1000,1,5
2331,l,TRUE,0.05,09:16,15:10,15:15,15,0,1.5,-100,100,50,3,0,1000,20,-25,-4,0,1000,TRUE,1000,1000,1000,1.5,1000,1,5
2332,l,TRUE,0.05,09:16,15:10,15:15,15,0,1.5,-100,100,50,3,0,1000,20,-25,-5,0,1000,TRUE,1000,1000,1000,1.5,1000,1,5
2333,l,TRUE,0.05,09:16,15:10,15:15,15,0,1.5,-100,100,50,3,0,1000,20,-25,-6,0,1000,TRUE,1000,1000,1000,1.5,1000,1,5
2334,l,TRUE,0.05,09:16,15:10,15:15,15,0,1.5,-100,100,50,3,0,1000,20,-25,-7,0,1000,TRUE,1000,1000,1000,1.5,1000,1,5
2335,l,TRUE,0.05,09:16,15:10,15:15,15,0,1.5,-100,100,50,3,0,1000,20,-25,-8,0,1000,TRUE,1000,1000,1000,1.5,1000,1,5
2336,l,TRUE,0.05,09:16,15:10,15:15,15,0,1.5,-100,100,50,3,0,1000,20,-25,-9,0,1000,TRUE,1000,1000,1000,1.5,1000,1,5
2337,l,TRUE,0.05,09:16,15:10,15:15,15,0,1.5,-100,100,50,3,0,1000,20,-25,-10,0,1000,TRUE,1000,1000,1000,1.5,1000,1,5
2338,l,TRUE,0.05,09:16,15:10,15:15,15,0,1.5,-100,100,50,3,0,1000,20,-25,-15,0,1000,TRUE,1000,1000,1000,1.5,1000,1,5
2339,l,TRUE,0.05,09:16,15:10,15:15,15,0,1.5,-100,100,50,3,0,1000,20,-25,-20,0,1000,TRUE,1000,1000,1000,1.5,1000,1,5
2340,l,TRUE,0.05,09:16,15:10,15:15,15,0,1.5,-100,100,50,3,0,1000,30,-25,0,0,1000,TRUE,1000,1000,1000,1.5,1000,1,5
2341,l,TRUE,0.05,09:16,15:10,15:15,15,0,1.5,-100,100,50,3,0,1000,30,-25,-1,0,1000,TRUE,1000,1000,1000,1.5,1000,1,5
2342,l,TRUE,0.05,09:16,15:10,15:15,15,0,1.5,-100,100,50,3,0,1000,30,-25,-2,0,1000,TRUE,1000,1000,1000,1.5,1000,1,5
2343,l,TRUE,0.05,09:16,15:10,15:15,15,0,1.5,-100,100,50,3,0,1000,30,-25,-3,0,1000,TRUE,1000,1000,1000,1.5,1000,1,5
2344,l,TRUE,0.05,09:16,15:10,15:15,15,0,1.5,-100,100,50,3,0,1000,30,-25,-4,0,1000,TRUE,1000,1000,1000,1.5,1000,1,5
2345,l,TRUE,0.05,09:16,15:10,15:15,15,0,1.5,-100,100,50,3,0,1000,30,-25,-5,0,1000,TRUE,1000,1000,1000,1.5,1000,1,5
2346,l,TRUE,0.05,09:16,15:10,15:15,15,0,1.5,-100,100,50,3,0,1000,30,-25,-6,0,1000,TRUE,1000,1000,1000,1.5,1000,1,5
2347,l,TRUE,0.05,09:16,15:10,15:15,15,0,1.5,-100,100,50,3,0,1000,30,-25,-7,0,1000,TRUE,1000,1000,1000,1.5,1000,1,5
2348,l,TRUE,0.05,09:16,15:10,15:15,15,0,1.5,-100,100,50,3,0,1000,30,-25,-8,0,1000,TRUE,1000,1000,1000,1.5,1000,1,5
2349,l,TRUE,0.05,09:16,15:10,15:15,15,0,1.5,-100,100,50,3,0,1000,30,-25,-9,0,1000,TRUE,1000,1000,1000,1.5,1000,1,5
2350,l,TRUE,0.05,09:16,15:10,15:15,15,0,1.5,-100,100,50,3,0,1000,30,-25,-10,0,1000,TRUE,1000,1000,1000,1.5,1000,1,5
2351,l,TRUE,0.05,09:16,15:10,15:15,15,0,1.5,-100,100,50,3,0,1000,30,-25,-15,0,1000,TRUE,1000,1000,1000,1.5,1000,1,5
2352,l,TRUE,0.05,09:16,15:10,15:15,15,0,1.5,-100,100,50,3,0,1000,30,-25,-20,0,1000,TRUE,1000,1000,1000,1.5,1000,1,5
2353,l,TRUE,0.05,09:16,15:10,15:15,15,0,1.5,-100,100,60,2,0,1000,15,-25,0,0,1000,TRUE,1000,1000,1000,1.5,1000,1,5
2354,l,TRUE,0.05,09:16,15:10,15:15,15,0,1.5,-100,100,60,2,0,1000,15,-25,-1,0,1000,TRUE,1000,1000,1000,1.5,1000,1,5
2355,l,TRUE,0.05,09:16,15:10,15:15,15,0,1.5,-100,100,60,2,0,1000,15,-25,-2,0,1000,TRUE,1000,1000,1000,1.5,1000,1,5
2356,l,TRUE,0.05,09:16,15:10,15:15,15,0,1.5,-100,100,60,2,0,1000,15,-25,-3,0,1000,TRUE,1000,1000,1000,1.5,1000,1,5
2357,l,TRUE,0.05,09:16,15:10,15:15,15,0,1.5,-100,100,60,2,0,1000,15,-25,-4,0,1000,TRUE,1000,1000,1000,1.5,1000,1,5
2358,l,TRUE,0.05,09:16,15:10,15:15,15,0,1.5,-100,100,60,2,0,1000,15,-25,-5,0,1000,TRUE,1000,1000,1000,1.5,1000,1,5
2359,l,TRUE,0.05,09:16,15:10,15:15,15,0,1.5,-100,100,60,2,0,1000,15,-25,-6,0,1000,TRUE,1000,1000,1000,1.5,1000,1,5
2360,l,TRUE,0.05,09:16,15:10,15:15,15,0,1.5,-100,100,60,2,0,1000,15,-25,-7,0,1000,TRUE,1000,1000,1000,1.5,1000,1,5
2361,l,TRUE,0.05,09:16,15:10,15:15,15,0,1.5,-100,100,60,2,0,1000,15,-25,-8,0,1000,TRUE,1000,1000,1000,1.5,1000,1,5
2362,l,TRUE,0.05,09:16,15:10,15:15,15,0,1.5,-100,100,60,2,0,1000,15,-25,-9,0,1000,TRUE,1000,1000,1000,1.5,1000,1,5
2363,l,TRUE,0.05,09:16,15:10,15:15,15,0,1.5,-100,100,60,2,0,1000,15,-25,-10,0,1000,TRUE,1000,1000,1000,1.5,1000,1,5
2364,l,TRUE,0.05,09:16,15:10,15:15,15,0,1.5,-100,100,60,2,0,1000,15,-25,-15,0,1000,TRUE,1000,1000,1000,1.5,1000,1,5
2365,l,TRUE,0.05,09:16,15:10,15:15,15,0,1.5,-100,100,60,2,0,1000,15,-25,-20,0,1000,TRUE,1000,1000,1000,1.5,1000,1,5
2366,l,TRUE,0.05,09:16,15:10,15:15,15,0,1.5,-100,100,60,2,0,1000,20,-25,0,0,1000,TRUE,1000,1000,1000,1.5,1000,1,5
2367,l,TRUE,0.05,09:16,15:10,15:15,15,0,1.5,-100,100,60,2,0,1000,20,-25,-1,0,1000,TRUE,1000,1000,1000,1.5,1000,1,5
2368,l,TRUE,0.05,09:16,15:10,15:15,15,0,1.5,-100,100,60,2,0,1000,20,-25,-2,0,1000,TRUE,1000,1000,1000,1.5,1000,1,5
2369,l,TRUE,0.05,09:16,15:10,15:15,15,0,1.5,-100,100,60,2,0,1000,20,-25,-3,0,1000,TRUE,1000,1000,1000,1.5,1000,1,5
2370,l,TRUE,0.05,09:16,15:10,15:15,15,0,1.5,-100,100,60,2,0,1000,20,-25,-4,0,1000,TRUE,1000,1000,1000,1.5,1000,1,5
2371,l,TRUE,0.05,09:16,15:10,15:15,15,0,1.5,-100,100,60,2,0,1000,20,-25,-5,0,1000,TRUE,1000,1000,1000,1.5,1000,1,5
2372,l,TRUE,0.05,09:16,15:10,15:15,15,0,1.5,-100,100,60,2,0,1000,20,-25,-6,0,1000,TRUE,1000,1000,1000,1.5,1000,1,5
2373,l,TRUE,0.05,09:16,15:10,15:15,15,0,1.5,-100,100,60,2,0,1000,20,-25,-7,0,1000,TRUE,1000,1000,1000,1.5,1000,1,5
2374,l,TRUE,0.05,09:16,15:10,15:15,15,0,1.5,-100,100,60,2,0,1000,20,-25,-8,0,1000,TRUE,1000,1000,1000,1.5,1000,1,5
2375,l,TRUE,0.05,09:16,15:10,15:15,15,0,1.5,-100,100,60,2,0,1000,20,-25,-9,0,1000,TRUE,1000,1000,1000,1.5,1000,1,5
2376,l,TRUE,0.05,09:16,15:10,15:15,15,0,1.5,-100,100,60,2,0,1000,20,-25,-10,0,1000,TRUE,1000,1000,1000,1.5,1000,1,5
2377,l,TRUE,0.05,09:16,15:10,15:15,15,0,1.5,-100,100,60,2,0,1000,20,-25,-15,0,1000,TRUE,1000,1000,1000,1.5,1000,1,5
2378,l,TRUE,0.05,09:16,15:10,15:15,15,0,1.5,-100,100,60,2,0,1000,20,-25,-20,0,1000,TRUE,1000,1000,1000,1.5,1000,1,5
2379,l,TRUE,0.05,09:16,15:10,15:15,15,0,1.5,-100,100,60,2,0,1000,30,-25,0,0,1000,TRUE,1000,1000,1000,1.5,1000,1,5
2380,l,TRUE,0.05,09:16,15:10,15:15,15,0,1.5,-100,100,60,2,0,1000,30,-25,-1,0,1000,TRUE,1000,1000,1000,1.5,1000,1,5
2381,l,TRUE,0.05,09:16,15:10,15:15,15,0,1.5,-100,100,60,2,0,1000,30,-25,-2,0,1000,TRUE,1000,1000,1000,1.5,1000,1,5
2382,l,TRUE,0.05,09:16,15:10,15:15,15,0,1.5,-100,100,60,2,0,1000,30,-25,-3,0,1000,TRUE,1000,1000,1000,1.5,1000,1,5
2383,l,TRUE,0.05,09:16,15:10,15:15,15,0,1.5,-100,100,60,2,0,1000,30,-25,-4,0,1000,TRUE,1000,1000,1000,1.5,1000,1,5
2384,l,TRUE,0.05,09:16,15:10,15:15,15,0,1.5,-100,100,60,2,0,1000,30,-25,-5,0,1000,TRUE,1000,1000,1000,1.5,1000,1,5
2385,l,TRUE,0.05,09:16,15:10,15:15,15,0,1.5,-100,100,60,2,0,1000,30,-25,-6,0,1000,TRUE,1000,1000,1000,1.5,1000,1,5
2386,l,TRUE,0.05,09:16,15:10,15:15,15,0,1.5,-100,100,60,2,0,1000,30,-25,-7,0,1000,TRUE,1000,1000,1000,1.5,1000,1,5
2387,l,TRUE,0.05,09:16,15:10,15:15,15,0,1.5,-100,100,60,2,0,1000,30,-25,-8,0,1000,TRUE,1000,1000,1000,1.5,1000,1,5
2388,l,TRUE,0.05,09:16,15:10,15:15,15,0,1.5,-100,100,60,2,0,1000,30,-25,-9,0,1000,TRUE,1000,1000,1000,1.5,1000,1,5
2389,l,TRUE,0.05,09:16,15:10,15:15,15,0,1.5,-100,100,60,2,0,1000,30,-25,-10,0,1000,TRUE,1000,1000,1000,1.5,1000,1,5
2390,l,TRUE,0.05,09:16,15:10,15:15,15,0,1.5,-100,100,60,2,0,1000,30,-25,-15,0,1000,TRUE,1000,1000,1000,1.5,1000,1,5
2391,l,TRUE,0.05,09:16,15:10,15:15,15,0,1.5,-100,100,60,2,0,1000,30,-25,-20,0,1000,TRUE,1000,1000,1000,1.5,1000,1,5
2392,l,TRUE,0.05,09:16,15:10,15:15,15,0,1.5,-100,100,60,3,0,1000,15,-25,0,0,1000,TRUE,1000,1000,1000,1.5,1000,1,5
2393,l,TRUE,0.05,09:16,15:10,15:15,15,0,1.5,-100,100,60,3,0,1000,15,-25,-1,0,1000,TRUE,1000,1000,1000,1.5,1000,1,5
2394,l,TRUE,0.05,09:16,15:10,15:15,15,0,1.5,-100,100,60,3,0,1000,15,-25,-2,0,1000,TRUE,1000,1000,1000,1.5,1000,1,5
2395,l,TRUE,0.05,09:16,15:10,15:15,15,0,1.5,-100,100,60,3,0,1000,15,-25,-3,0,1000,TRUE,1000,1000,1000,1.5,1000,1,5
2396,l,TRUE,0.05,09:16,15:10,15:15,15,0,1.5,-100,100,60,3,0,1000,15,-25,-4,0,1000,TRUE,1000,1000,1000,1.5,1000,1,5
2397,l,TRUE,0.05,09:16,15:10,15:15,15,0,1.5,-100,100,60,3,0,1000,15,-25,-5,0,1000,TRUE,1000,1000,1000,1.5,1000,1,5
2398,l,TRUE,0.05,09:16,15:10,15:15,15,0,1.5,-100,100,60,3,0,1000,15,-25,-6,0,1000,TRUE,1000,1000,1000,1.5,1000,1,5
2399,l,TRUE,0.05,09:16,15:10,15:15,15,0,1.5,-100,100,60,3,0,1000,15,-25,-7,0,1000,TRUE,1000,1000,1000,1.5,1000,1,5
2400,l,TRUE,0.05,09:16,15:10,15:15,15,0,1.5,-100,100,60,3,0,1000,15,-25,-8,0,1000,TRUE,1000,1000,1000,1.5,1000,1,5
2401,l,TRUE,0.05,09:16,15:10,15:15,15,0,1.5,-100,100,60,3,0,1000,15,-25,-9,0,1000,TRUE,1000,1000,1000,1.5,1000,1,5
2402,l,TRUE,0.05,09:16,15:10,15:15,15,0,1.5,-100,100,60,3,0,1000,15,-25,-10,0,1000,TRUE,1000,1000,1000,1.5,1000,1,5
2403,l,TRUE,0.05,09:16,15:10,15:15,15,0,1.5,-100,100,60,3,0,1000,15,-25,-15,0,1000,TRUE,1000,1000,1000,1.5,1000,1,5
2404,l,TRUE,0.05,09:16,15:10,15:15,15,0,1.5,-100,100,60,3,0,1000,15,-25,-20,0,1000,TRUE,1000,1000,1000,1.5,1000,1,5
2405,l,TRUE,0.05,09:16,15:10,15:15,15,0,1.5,-100,100,60,3,0,1000,20,-25,0,0,1000,TRUE,1000,1000,1000,1.5,1000,1,5
2406,l,TRUE,0.05,09:16,15:10,15:15,15,0,1.5,-100,100,60,3,0,1000,20,-25,-1,0,1000,TRUE,1000,1000,1000,1.5,1000,1,5
2407,l,TRUE,0.05,09:16,15:10,15:15,15,0,1.5,-100,100,60,3,0,1000,20,-25,-2,0,1000,TRUE,1000,1000,1000,1.5,1000,1,5
2408,l,TRUE,0.05,09:16,15:10,15:15,15,0,1.5,-100,100,60,3,0,1000,20,-25,-3,0,1000,TRUE,1000,1000,1000,1.5,1000,1,5
2409,l,TRUE,0.05,09:16,15:10,15:15,15,0,1.5,-100,100,60,3,0,1000,20,-25,-4,0,1000,TRUE,1000,1000,1000,1.5,1000,1,5
2410,l,TRUE,0.05,09:16,15:10,15:15,15,0,1.5,-100,100,60,3,0,1000,20,-25,-5,0,1000,TRUE,1000,1000,1000,1.5,1000,1,5
2411,l,TRUE,0.05,09:16,15:10,15:15,15,0,1.5,-100,100,60,3,0,1000,20,-25,-6,0,1000,TRUE,1000,1000,1000,1.5,1000,1,5
2412,l,TRUE,0.05,09:16,15:10,15:15,15,0,1.5,-100,100,60,3,0,1000,20,-25,-7,0,1000,TRUE,1000,1000,1000,1.5,1000,1,5
2413,l,TRUE,0.05,09:16,15:10,15:15,15,0,1.5,-100,100,60,3,0,1000,20,-25,-8,0,1000,TRUE,1000,1000,1000,1.5,1000,1,5
2414,l,TRUE,0.05,09:16,15:10,15:15,15,0,1.5,-100,100,60,3,0,1000,20,-25,-9,0,1000,TRUE,1000,1000,1000,1.5,1000,1,5
2415,l,TRUE,0.05,09:16,15:10,15:15,15,0,1.5,-100,100,60,3,0,1000,20,-25,-10,0,1000,TRUE,1000,1000,1000,1.5,1000,1,5
2416,l,TRUE,0.05,09:16,15:10,15:15,15,0,1.5,-100,100,60,3,0,1000,20,-25,-15,0,1000,TRUE,1000,1000,1000,1.5,1000,1,5
2417,l,TRUE,0.05,09:16,15:10,15:15,15,0,1.5,-100,100,60,3,0,1000,20,-25,-20,0,1000,TRUE,1000,1000,1000,1.5,1000,1,5
2418,l,TRUE,0.05,09:16,15:10,15:15,15,0,1.5,-100,100,60,3,0,1000,30,-25,0,0,1000,TRUE,1000,1000,1000,1.5,1000,1,5
2419,l,TRUE,0.05,09:16,15:10,15:15,15,0,1.5,-100,100,60,3,0,1000,30,-25,-1,0,1000,TRUE,1000,1000,1000,1.5,1000,1,5
2420,l,TRUE,0.05,09:16,15:10,15:15,15,0,1.5,-100,100,60,3,0,1000,30,-25,-2,0,1000,TRUE,1000,1000,1000,1.5,1000,1,5
2421,l,TRUE,0.05,09:16,15:10,15:15,15,0,1.5,-100,100,60,3,0,1000,30,-25,-3,0,1000,TRUE,1000,1000,1000,1.5,1000,1,5
2422,l,TRUE,0.05,09:16,15:10,15:15,15,0,1.5,-100,100,60,3,0,1000,30,-25,-4,0,1000,TRUE,1000,1000,1000,1.5,1000,1,5
2423,l,TRUE,0.05,09:16,15:10,15:15,15,0,1.5,-100,100,60,3,0,1000,30,-25,-5,0,1000,TRUE,1000,1000,1000,1.5,1000,1,5
2424,l,TRUE,0.05,09:16,15:10,15:15,15,0,1.5,-100,100,60,3,0,1000,30,-25,-6,0,1000,TRUE,1000,1000,1000,1.5,1000,1,5
2425,l,TRUE,0.05,09:16,15:10,15:15,15,0,1.5,-100,100,60,3,0,1000,30,-25,-7,0,1000,TRUE,1000,1000,1000,1.5,1000,1,5
2426,l,TRUE,0.05,09:16,15:10,15:15,15,0,1.5,-100,100,60,3,0,1000,30,-25,-8,0,1000,TRUE,1000,1000,1000,1.5,1000,1,5
2427,l,TRUE,0.05,09:16,15:10,15:15,15,0,1.5,-100,100,60,3,0,1000,30,-25,-9,0,1000,TRUE,1000,1000,1000,1.5,1000,1,5
2428,l,TRUE,0.05,09:16,15:10,15:15,15,0,1.5,-100,100,60,3,0,1000,30,-25,-10,0,1000,TRUE,1000,1000,1000,1.5,1000,1,5
2429,l,TRUE,0.05,09:16,15:10,15:15,15,0,1.5,-100,100,60,3,0,1000,30,-25,-15,0,1000,TRUE,1000,1000,1000,1.5,1000,1,5
2430,l,TRUE,0.05,09:16,15:10,15:15,15,0,1.5,-100,100,60,3,0,1000,30,-25,-20,0,1000,TRUE,1000,1000,1000,1.5,1000,1,5
2431,l,TRUE,0.05,09:16,15:10,15:15,15,0,1.5,-100,100,20,2,0,1000,15,-30,0,0,1000,TRUE,1000,1000,1000,1.5,1000,1,5
2432,l,TRUE,0.05,09:16,15:10,15:15,15,0,1.5,-100,100,20,2,0,1000,15,-30,-1,0,1000,TRUE,1000,1000,1000,1.5,1000,1,5
2433,l,TRUE,0.05,09:16,15:10,15:15,15,0,1.5,-100,100,20,2,0,1000,15,-30,-2,0,1000,TRUE,1000,1000,1000,1.5,1000,1,5
2434,l,TRUE,0.05,09:16,15:10,15:15,15,0,1.5,-100,100,20,2,0,1000,15,-30,-3,0,1000,TRUE,1000,1000,1000,1.5,1000,1,5
2435,l,TRUE,0.05,09:16,15:10,15:15,15,0,1.5,-100,100,20,2,0,1000,15,-30,-4,0,1000,TRUE,1000,1000,1000,1.5,1000,1,5
2436,l,TRUE,0.05,09:16,15:10,15:15,15,0,1.5,-100,100,20,2,0,1000,15,-30,-5,0,1000,TRUE,1000,1000,1000,1.5,1000,1,5
2437,l,TRUE,0.05,09:16,15:10,15:15,15,0,1.5,-100,100,20,2,0,1000,15,-30,-6,0,1000,TRUE,1000,1000,1000,1.5,1000,1,5
2438,l,TRUE,0.05,09:16,15:10,15:15,15,0,1.5,-100,100,20,2,0,1000,15,-30,-7,0,1000,TRUE,1000,1000,1000,1.5,1000,1,5
2439,l,TRUE,0.05,09:16,15:10,15:15,15,0,1.5,-100,100,20,2,0,1000,15,-30,-8,0,1000,TRUE,1000,1000,1000,1.5,1000,1,5
2440,l,TRUE,0.05,09:16,15:10,15:15,15,0,1.5,-100,100,20,2,0,1000,15,-30,-9,0,1000,TRUE,1000,1000,1000,1.5,1000,1,5
2441,l,TRUE,0.05,09:16,15:10,15:15,15,0,1.5,-100,100,20,2,0,1000,15,-30,-10,0,1000,TRUE,1000,1000,1000,1.5,1000,1,5
2442,l,TRUE,0.05,09:16,15:10,15:15,15,0,1.5,-100,100,20,2,0,1000,15,-30,-15,0,1000,TRUE,1000,1000,1000,1.5,1000,1,5
2443,l,TRUE,0.05,09:16,15:10,15:15,15,0,1.5,-100,100,20,2,0,1000,15,-30,-20,0,1000,TRUE,1000,1000,1000,1.5,1000,1,5
2444,l,TRUE,0.05,09:16,15:10,15:15,15,0,1.5,-100,100,20,2,0,1000,20,-30,0,0,1000,TRUE,1000,1000,1000,1.5,1000,1,5
2445,l,TRUE,0.05,09:16,15:10,15:15,15,0,1.5,-100,100,20,2,0,1000,20,-30,-1,0,1000,TRUE,1000,1000,1000,1.5,1000,1,5
2446,l,TRUE,0.05,09:16,15:10,15:15,15,0,1.5,-100,100,20,2,0,1000,20,-30,-2,0,1000,TRUE,1000,1000,1000,1.5,1000,1,5
2447,l,TRUE,0.05,09:16,15:10,15:15,15,0,1.5,-100,100,20,2,0,1000,20,-30,-3,0,1000,TRUE,1000,1000,1000,1.5,1000,1,5
2448,l,TRUE,0.05,09:16,15:10,15:15,15,0,1.5,-100,100,20,2,0,1000,20,-30,-4,0,1000,TRUE,1000,1000,1000,1.5,1000,1,5
2449,l,TRUE,0.05,09:16,15:10,15:15,15,0,1.5,-100,100,20,2,0,1000,20,-30,-5,0,1000,TRUE,1000,1000,1000,1.5,1000,1,5
2450,l,TRUE,0.05,09:16,15:10,15:15,15,0,1.5,-100,100,20,2,0,1000,20,-30,-6,0,1000,TRUE,1000,1000,1000,1.5,1000,1,5
2451,l,TRUE,0.05,09:16,15:10,15:15,15,0,1.5,-100,100,20,2,0,1000,20,-30,-7,0,1000,TRUE,1000,1000,1000,1.5,1000,1,5
2452,l,TRUE,0.05,09:16,15:10,15:15,15,0,1.5,-100,100,20,2,0,1000,20,-30,-8,0,1000,TRUE,1000,1000,1000,1.5,1000,1,5
2453,l,TRUE,0.05,09:16,15:10,15:15,15,0,1.5,-100,100,20,2,0,1000,20,-30,-9,0,1000,TRUE,1000,1000,1000,1.5,1000,1,5
2454,l,TRUE,0.05,09:16,15:10,15:15,15,0,1.5,-100,100,20,2,0,1000,20,-30,-10,0,1000,TRUE,1000,1000,1000,1.5,1000,1,5
2455,l,TRUE,0.05,09:16,15:10,15:15,15,0,1.5,-100,100,20,2,0,1000,20,-30,-15,0,1000,TRUE,1000,1000,1000,1.5,1000,1,5
2456,l,TRUE,0.05,09:16,15:10,15:15,15,0,1.5,-100,100,20,2,0,1000,20,-30,-20,0,1000,TRUE,1000,1000,1000,1.5,1000,1,5
2457,l,TRUE,0.05,09:16,15:10,15:15,15,0,1.5,-100,100,20,2,0,1000,30,-30,0,0,1000,TRUE,1000,1000,1000,1.5,1000,1,5
2458,l,TRUE,0.05,09:16,15:10,15:15,15,0,1.5,-100,100,20,2,0,1000,30,-30,-1,0,1000,TRUE,1000,1000,1000,1.5,1000,1,5
2459,l,TRUE,0.05,09:16,15:10,15:15,15,0,1.5,-100,100,20,2,0,1000,30,-30,-2,0,1000,TRUE,1000,1000,1000,1.5,1000,1,5
2460,l,TRUE,0.05,09:16,15:10,15:15,15,0,1.5,-100,100,20,2,0,1000,30,-30,-3,0,1000,TRUE,1000,1000,1000,1.5,1000,1,5
2461,l,TRUE,0.05,09:16,15:10,15:15,15,0,1.5,-100,100,20,2,0,1000,30,-30,-4,0,1000,TRUE,1000,1000,1000,1.5,1000,1,5
2462,l,TRUE,0.05,09:16,15:10,15:15,15,0,1.5,-100,100,20,2,0,1000,30,-30,-5,0,1000,TRUE,1000,1000,1000,1.5,1000,1,5
2463,l,TRUE,0.05,09:16,15:10,15:15,15,0,1.5,-100,100,20,2,0,1000,30,-30,-6,0,1000,TRUE,1000,1000,1000,1.5,1000,1,5
2464,l,TRUE,0.05,09:16,15:10,15:15,15,0,1.5,-100,100,20,2,0,1000,30,-30,-7,0,1000,TRUE,1000,1000,1000,1.5,1000,1,5
2465,l,TRUE,0.05,09:16,15:10,15:15,15,0,1.5,-100,100,20,2,0,1000,30,-30,-8,0,1000,TRUE,1000,1000,1000,1.5,1000,1,5
2466,l,TRUE,0.05,09:16,15:10,15:15,15,0,1.5,-100,100,20,2,0,1000,30,-30,-9,0,1000,TRUE,1000,1000,1000,1.5,1000,1,5
2467,l,TRUE,0.05,09:16,15:10,15:15,15,0,1.5,-100,100,20,2,0,1000,30,-30,-10,0,1000,TRUE,1000,1000,1000,1.5,1000,1,5
2468,l,TRUE,0.05,09:16,15:10,15:15,15,0,1.5,-100,100,20,2,0,1000,30,-30,-15,0,1000,TRUE,1000,1000,1000,1.5,1000,1,5
2469,l,TRUE,0.05,09:16,15:10,15:15,15,0,1.5,-100,100,20,2,0,1000,30,-30,-20,0,1000,TRUE,1000,1000,1000,1.5,1000,1,5
2470,l,TRUE,0.05,09:16,15:10,15:15,15,0,1.5,-100,100,20,3,0,1000,15,-30,0,0,1000,TRUE,1000,1000,1000,1.5,1000,1,5
2471,l,TRUE,0.05,09:16,15:10,15:15,15,0,1.5,-100,100,20,3,0,1000,15,-30,-1,0,1000,TRUE,1000,1000,1000,1.5,1000,1,5
2472,l,TRUE,0.05,09:16,15:10,15:15,15,0,1.5,-100,100,20,3,0,1000,15,-30,-2,0,1000,TRUE,1000,1000,1000,1.5,1000,1,5
2473,l,TRUE,0.05,09:16,15:10,15:15,15,0,1.5,-100,100,20,3,0,1000,15,-30,-3,0,1000,TRUE,1000,1000,1000,1.5,1000,1,5
2474,l,TRUE,0.05,09:16,15:10,15:15,15,0,1.5,-100,100,20,3,0,1000,15,-30,-4,0,1000,TRUE,1000,1000,1000,1.5,1000,1,5
2475,l,TRUE,0.05,09:16,15:10,15:15,15,0,1.5,-100,100,20,3,0,1000,15,-30,-5,0,1000,TRUE,1000,1000,1000,1.5,1000,1,5
2476,l,TRUE,0.05,09:16,15:10,15:15,15,0,1.5,-100,100,20,3,0,1000,15,-30,-6,0,1000,TRUE,1000,1000,1000,1.5,1000,1,5
2477,l,TRUE,0.05,09:16,15:10,15:15,15,0,1.5,-100,100,20,3,0,1000,15,-30,-7,0,1000,TRUE,1000,1000,1000,1.5,1000,1,5
2478,l,TRUE,0.05,09:16,15:10,15:15,15,0,1.5,-100,100,20,3,0,1000,15,-30,-8,0,1000,TRUE,1000,1000,1000,1.5,1000,1,5
2479,l,TRUE,0.05,09:16,15:10,15:15,15,0,1.5,-100,100,20,3,0,1000,15,-30,-9,0,1000,TRUE,1000,1000,1000,1.5,1000,1,5
2480,l,TRUE,0.05,09:16,15:10,15:15,15,0,1.5,-100,100,20,3,0,1000,15,-30,-10,0,1000,TRUE,1000,1000,1000,1.5,1000,1,5
2481,l,TRUE,0.05,09:16,15:10,15:15,15,0,1.5,-100,100,20,3,0,1000,15,-30,-15,0,1000,TRUE,1000,1000,1000,1.5,1000,1,5
2482,l,TRUE,0.05,09:16,15:10,15:15,15,0,1.5,-100,100,20,3,0,1000,15,-30,-20,0,1000,TRUE,1000,1000,1000,1.5,1000,1,5
2483,l,TRUE,0.05,09:16,15:10,15:15,15,0,1.5,-100,100,20,3,0,1000,20,-30,0,0,1000,TRUE,1000,1000,1000,1.5,1000,1,5
2484,l,TRUE,0.05,09:16,15:10,15:15,15,0,1.5,-100,100,20,3,0,1000,20,-30,-1,0,1000,TRUE,1000,1000,1000,1.5,1000,1,5
2485,l,TRUE,0.05,09:16,15:10,15:15,15,0,1.5,-100,100,20,3,0,1000,20,-30,-2,0,1000,TRUE,1000,1000,1000,1.5,1000,1,5
2486,l,TRUE,0.05,09:16,15:10,15:15,15,0,1.5,-100,100,20,3,0,1000,20,-30,-3,0,1000,TRUE,1000,1000,1000,1.5,1000,1,5
2487,l,TRUE,0.05,09:16,15:10,15:15,15,0,1.5,-100,100,20,3,0,1000,20,-30,-4,0,1000,TRUE,1000,1000,1000,1.5,1000,1,5
2488,l,TRUE,0.05,09:16,15:10,15:15,15,0,1.5,-100,100,20,3,0,1000,20,-30,-5,0,1000,TRUE,1000,1000,1000,1.5,1000,1,5
2489,l,TRUE,0.05,09:16,15:10,15:15,15,0,1.5,-100,100,20,3,0,1000,20,-30,-6,0,1000,TRUE,1000,1000,1000,1.5,1000,1,5
2490,l,TRUE,0.05,09:16,15:10,15:15,15,0,1.5,-100,100,20,3,0,1000,20,-30,-7,0,1000,TRUE,1000,1000,1000,1.5,1000,1,5
2491,l,TRUE,0.05,09:16,15:10,15:15,15,0,1.5,-100,100,20,3,0,1000,20,-30,-8,0,1000,TRUE,1000,1000,1000,1.5,1000,1,5
2492,l,TRUE,0.05,09:16,15:10,15:15,15,0,1.5,-100,100,20,3,0,1000,20,-30,-9,0,1000,TRUE,1000,1000,1000,1.5,1000,1,5
2493,l,TRUE,0.05,09:16,15:10,15:15,15,0,1.5,-100,100,20,3,0,1000,20,-30,-10,0,1000,TRUE,1000,1000,1000,1.5,1000,1,5
2494,l,TRUE,0.05,09:16,15:10,15:15,15,0,1.5,-100,100,20,3,0,1000,20,-30,-15,0,1000,TRUE,1000,1000,1000,1.5,1000,1,5
2495,l,TRUE,0.05,09:16,15:10,15:15,15,0,1.5,-100,100,20,3,0,1000,20,-30,-20,0,1000,TRUE,1000,1000,1000,1.5,1000,1,5
2496,l,TRUE,0.05,09:16,15:10,15:15,15,0,1.5,-100,100,20,3,0,1000,30,-30,0,0,1000,TRUE,1000,1000,1000,1.5,1000,1,5
2497,l,TRUE,0.05,09:16,15:10,15:15,15,0,1.5,-100,100,20,3,0,1000,30,-30,-1,0,1000,TRUE,1000,1000,1000,1.5,1000,1,5
2498,l,TRUE,0.05,09:16,15:10,15:15,15,0,1.5,-100,100,20,3,0,1000,30,-30,-2,0,1000,TRUE,1000,1000,1000,1.5,1000,1,5
2499,l,TRUE,0.05,09:16,15:10,15:15,15,0,1.5,-100,100,20,3,0,1000,30,-30,-3,0,1000,TRUE,1000,1000,1000,1.5,1000,1,5
2500,l,TRUE,0.05,09:16,15:10,15:15,15,0,1.5,-100,100,20,3,0,1000,30,-30,-4,0,1000,TRUE,1000,1000,1000,1.5,1000,1,5
2501,l,TRUE,0.05,09:16,15:10,15:15,15,0,1.5,-100,100,20,3,0,1000,30,-30,-5,0,1000,TRUE,1000,1000,1000,1.5,1000,1,5
2502,l,TRUE,0.05,09:16,15:10,15:15,15,0,1.5,-100,100,20,3,0,1000,30,-30,-6,0,1000,TRUE,1000,1000,1000,1.5,1000,1,5
2503,l,TRUE,0.05,09:16,15:10,15:15,15,0,1.5,-100,100,20,3,0,1000,30,-30,-7,0,1000,TRUE,1000,1000,1000,1.5,1000,1,5
2504,l,TRUE,0.05,09:16,15:10,15:15,15,0,1.5,-100,100,20,3,0,1000,30,-30,-8,0,1000,TRUE,1000,1000,1000,1.5,1000,1,5
2505,l,TRUE,0.05,09:16,15:10,15:15,15,0,1.5,-100,100,20,3,0,1000,30,-30,-9,0,1000,TRUE,1000,1000,1000,1.5,1000,1,5
2506,l,TRUE,0.05,09:16,15:10,15:15,15,0,1.5,-100,100,20,3,0,1000,30,-30,-10,0,1000,TRUE,1000,1000,1000,1.5,1000,1,5
2507,l,TRUE,0.05,09:16,15:10,15:15,15,0,1.5,-100,100,20,3,0,1000,30,-30,-15,0,1000,TRUE,1000,1000,1000,1.5,1000,1,5
2508,l,TRUE,0.05,09:16,15:10,15:15,15,0,1.5,-100,100,20,3,0,1000,30,-30,-20,0,1000,TRUE,1000,1000,1000,1.5,1000,1,5
2509,l,TRUE,0.05,09:16,15:10,15:15,15,0,1.5,-100,100,30,2,0,1000,15,-30,0,0,1000,TRUE,1000,1000,1000,1.5,1000,1,5
2510,l,TRUE,0.05,09:16,15:10,15:15,15,0,1.5,-100,100,30,2,0,1000,15,-30,-1,0,1000,TRUE,1000,1000,1000,1.5,1000,1,5
2511,l,TRUE,0.05,09:16,15:10,15:15,15,0,1.5,-100,100,30,2,0,1000,15,-30,-2,0,1000,TRUE,1000,1000,1000,1.5,1000,1,5
2512,l,TRUE,0.05,09:16,15:10,15:15,15,0,1.5,-100,100,30,2,0,1000,15,-30,-3,0,1000,TRUE,1000,1000,1000,1.5,1000,1,5
2513,l,TRUE,0.05,09:16,15:10,15:15,15,0,1.5,-100,100,30,2,0,1000,15,-30,-4,0,1000,TRUE,1000,1000,1000,1.5,1000,1,5
2514,l,TRUE,0.05,09:16,15:10,15:15,15,0,1.5,-100,100,30,2,0,1000,15,-30,-5,0,1000,TRUE,1000,1000,1000,1.5,1000,1,5
2515,l,TRUE,0.05,09:16,15:10,15:15,15,0,1.5,-100,100,30,2,0,1000,15,-30,-6,0,1000,TRUE,1000,1000,1000,1.5,1000,1,5
2516,l,TRUE,0.05,09:16,15:10,15:15,15,0,1.5,-100,100,30,2,0,1000,15,-30,-7,0,1000,TRUE,1000,1000,1000,1.5,1000,1,5
2517,l,TRUE,0.05,09:16,15:10,15:15,15,0,1.5,-100,100,30,2,0,1000,15,-30,-8,0,1000,TRUE,1000,1000,1000,1.5,1000,1,5
2518,l,TRUE,0.05,09:16,15:10,15:15,15,0,1.5,-100,100,30,2,0,1000,15,-30,-9,0,1000,TRUE,1000,1000,1000,1.5,1000,1,5
2519,l,TRUE,0.05,09:16,15:10,15:15,15,0,1.5,-100,100,30,2,0,1000,15,-30,-10,0,1000,TRUE,1000,1000,1000,1.5,1000,1,5
2520,l,TRUE,0.05,09:16,15:10,15:15,15,0,1.5,-100,100,30,2,0,1000,15,-30,-15,0,1000,TRUE,1000,1000,1000,1.5,1000,1,5
2521,l,TRUE,0.05,09:16,15:10,15:15,15,0,1.5,-100,100,30,2,0,1000,15,-30,-20,0,1000,TRUE,1000,1000,1000,1.5,1000,1,5
2522,l,TRUE,0.05,09:16,15:10,15:15,15,0,1.5,-100,100,30,2,0,1000,20,-30,0,0,1000,TRUE,1000,1000,1000,1.5,1000,1,5
2523,l,TRUE,0.05,09:16,15:10,15:15,15,0,1.5,-100,100,30,2,0,1000,20,-30,-1,0,1000,TRUE,1000,1000,1000,1.5,1000,1,5
2524,l,TRUE,0.05,09:16,15:10,15:15,15,0,1.5,-100,100,30,2,0,1000,20,-30,-2,0,1000,TRUE,1000,1000,1000,1.5,1000,1,5
2525,l,TRUE,0.05,09:16,15:10,15:15,15,0,1.5,-100,100,30,2,0,1000,20,-30,-3,0,1000,TRUE,1000,1000,1000,1.5,1000,1,5
2526,l,TRUE,0.05,09:16,15:10,15:15,15,0,1.5,-100,100,30,2,0,1000,20,-30,-4,0,1000,TRUE,1000,1000,1000,1.5,1000,1,5
2527,l,TRUE,0.05,09:16,15:10,15:15,15,0,1.5,-100,100,30,2,0,1000,20,-30,-5,0,1000,TRUE,1000,1000,1000,1.5,1000,1,5
2528,l,TRUE,0.05,09:16,15:10,15:15,15,0,1.5,-100,100,30,2,0,1000,20,-30,-6,0,1000,TRUE,1000,1000,1000,1.5,1000,1,5
2529,l,TRUE,0.05,09:16,15:10,15:15,15,0,1.5,-100,100,30,2,0,1000,20,-30,-7,0,1000,TRUE,1000,1000,1000,1.5,1000,1,5
2530,l,TRUE,0.05,09:16,15:10,15:15,15,0,1.5,-100,100,30,2,0,1000,20,-30,-8,0,1000,TRUE,1000,1000,1000,1.5,1000,1,5
2531,l,TRUE,0.05,09:16,15:10,15:15,15,0,1.5,-100,100,30,2,0,1000,20,-30,-9,0,1000,TRUE,1000,1000,1000,1.5,1000,1,5
2532,l,TRUE,0.05,09:16,15:10,15:15,15,0,1.5,-100,100,30,2,0,1000,20,-30,-10,0,1000,TRUE,1000,1000,1000,1.5,1000,1,5
2533,l,TRUE,0.05,09:16,15:10,15:15,15,0,1.5,-100,100,30,2,0,1000,20,-30,-15,0,1000,TRUE,1000,1000,1000,1.5,1000,1,5
2534,l,TRUE,0.05,09:16,15:10,15:15,15,0,1.5,-100,100,30,2,0,1000,20,-30,-20,0,1000,TRUE,1000,1000,1000,1.5,1000,1,5
2535,l,TRUE,0.05,09:16,15:10,15:15,15,0,1.5,-100,100,30,2,0,1000,30,-30,0,0,1000,TRUE,1000,1000,1000,1.5,1000,1,5
2536,l,TRUE,0.05,09:16,15:10,15:15,15,0,1.5,-100,100,30,2,0,1000,30,-30,-1,0,1000,TRUE,1000,1000,1000,1.5,1000,1,5
2537,l,TRUE,0.05,09:16,15:10,15:15,15,0,1.5,-100,100,30,2,0,1000,30,-30,-2,0,1000,TRUE,1000,1000,1000,1.5,1000,1,5
2538,l,TRUE,0.05,09:16,15:10,15:15,15,0,1.5,-100,100,30,2,0,1000,30,-30,-3,0,1000,TRUE,1000,1000,1000,1.5,1000,1,5
2539,l,TRUE,0.05,09:16,15:10,15:15,15,0,1.5,-100,100,30,2,0,1000,30,-30,-4,0,1000,TRUE,1000,1000,1000,1.5,1000,1,5
2540,l,TRUE,0.05,09:16,15:10,15:15,15,0,1.5,-100,100,30,2,0,1000,30,-30,-5,0,1000,TRUE,1000,1000,1000,1.5,1000,1,5
2541,l,TRUE,0.05,09:16,15:10,15:15,15,0,1.5,-100,100,30,2,0,1000,30,-30,-6,0,1000,TRUE,1000,1000,1000,1.5,1000,1,5
2542,l,TRUE,0.05,09:16,15:10,15:15,15,0,1.5,-100,100,30,2,0,1000,30,-30,-7,0,1000,TRUE,1000,1000,1000,1.5,1000,1,5
2543,l,TRUE,0.05,09:16,15:10,15:15,15,0,1.5,-100,100,30,2,0,1000,30,-30,-8,0,1000,TRUE,1000,1000,1000,1.5,1000,1,5
2544,l,TRUE,0.05,09:16,15:10,15:15,15,0,1.5,-100,100,30,2,0,1000,30,-30,-9,0,1000,TRUE,1000,1000,1000,1.5,1000,1,5
2545,l,TRUE,0.05,09:16,15:10,15:15,15,0,1.5,-100,100,30,2,0,1000,30,-30,-10,0,1000,TRUE,1000,1000,1000,1.5,1000,1,5
2546,l,TRUE,0.05,09:16,15:10,15:15,15,0,1.5,-100,100,30,2,0,1000,30,-30,-15,0,1000,TRUE,1000,1000,1000,1.5,1000,1,5
2547,l,TRUE,0.05,09:16,15:10,15:15,15,0,1.5,-100,100,30,2,0,1000,30,-30,-20,0,1000,TRUE,1000,1000,1000,1.5,1000,1,5
2548,l,TRUE,0.05,09:16,15:10,15:15,15,0,1.5,-100,100,30,3,0,1000,15,-30,0,0,1000,TRUE,1000,1000,1000,1.5,1000,1,5
2549,l,TRUE,0.05,09:16,15:10,15:15,15,0,1.5,-100,100,30,3,0,1000,15,-30,-1,0,1000,TRUE,1000,1000,1000,1.5,1000,1,5
2550,l,TRUE,0.05,09:16,15:10,15:15,15,0,1.5,-100,100,30,3,0,1000,15,-30,-2,0,1000,TRUE,1000,1000,1000,1.5,1000,1,5
2551,l,TRUE,0.05,09:16,15:10,15:15,15,0,1.5,-100,100,30,3,0,1000,15,-30,-3,0,1000,TRUE,1000,1000,1000,1.5,1000,1,5
2552,l,TRUE,0.05,09:16,15:10,15:15,15,0,1.5,-100,100,30,3,0,1000,15,-30,-4,0,1000,TRUE,1000,1000,1000,1.5,1000,1,5
2553,l,TRUE,0.05,09:16,15:10,15:15,15,0,1.5,-100,100,30,3,0,1000,15,-30,-5,0,1000,TRUE,1000,1000,1000,1.5,1000,1,5
2554,l,TRUE,0.05,09:16,15:10,15:15,15,0,1.5,-100,100,30,3,0,1000,15,-30,-6,0,1000,TRUE,1000,1000,1000,1.5,1000,1,5
2555,l,TRUE,0.05,09:16,15:10,15:15,15,0,1.5,-100,100,30,3,0,1000,15,-30,-7,0,1000,TRUE,1000,1000,1000,1.5,1000,1,5
2556,l,TRUE,0.05,09:16,15:10,15:15,15,0,1.5,-100,100,30,3,0,1000,15,-30,-8,0,1000,TRUE,1000,1000,1000,1.5,1000,1,5
2557,l,TRUE,0.05,09:16,15:10,15:15,15,0,1.5,-100,100,30,3,0,1000,15,-30,-9,0,1000,TRUE,1000,1000,1000,1.5,1000,1,5
2558,l,TRUE,0.05,09:16,15:10,15:15,15,0,1.5,-100,100,30,3,0,1000,15,-30,-10,0,1000,TRUE,1000,1000,1000,1.5,1000,1,5
2559,l,TRUE,0.05,09:16,15:10,15:15,15,0,1.5,-100,100,30,3,0,1000,15,-30,-15,0,1000,TRUE,1000,1000,1000,1.5,1000,1,5
2560,l,TRUE,0.05,09:16,15:10,15:15,15,0,1.5,-100,100,30,3,0,1000,15,-30,-20,0,1000,TRUE,1000,1000,1000,1.5,1000,1,5
2561,l,TRUE,0.05,09:16,15:10,15:15,15,0,1.5,-100,100,30,3,0,1000,20,-30,0,0,1000,TRUE,1000,1000,1000,1.5,1000,1,5
2562,l,TRUE,0.05,09:16,15:10,15:15,15,0,1.5,-100,100,30,3,0,1000,20,-30,-1,0,1000,TRUE,1000,1000,1000,1.5,1000,1,5
2563,l,TRUE,0.05,09:16,15:10,15:15,15,0,1.5,-100,100,30,3,0,1000,20,-30,-2,0,1000,TRUE,1000,1000,1000,1.5,1000,1,5
2564,l,TRUE,0.05,09:16,15:10,15:15,15,0,1.5,-100,100,30,3,0,1000,20,-30,-3,0,1000,TRUE,1000,1000,1000,1.5,1000,1,5
2565,l,TRUE,0.05,09:16,15:10,15:15,15,0,1.5,-100,100,30,3,0,1000,20,-30,-4,0,1000,TRUE,1000,1000,1000,1.5,1000,1,5
2566,l,TRUE,0.05,09:16,15:10,15:15,15,0,1.5,-100,100,30,3,0,1000,20,-30,-5,0,1000,TRUE,1000,1000,1000,1.5,1000,1,5
2567,l,TRUE,0.05,09:16,15:10,15:15,15,0,1.5,-100,100,30,3,0,1000,20,-30,-6,0,1000,TRUE,1000,1000,1000,1.5,1000,1,5
2568,l,TRUE,0.05,09:16,15:10,15:15,15,0,1.5,-100,100,30,3,0,1000,20,-30,-7,0,1000,TRUE,1000,1000,1000,1.5,1000,1,5
2569,l,TRUE,0.05,09:16,15:10,15:15,15,0,1.5,-100,100,30,3,0,1000,20,-30,-8,0,1000,TRUE,1000,1000,1000,1.5,1000,1,5
2570,l,TRUE,0.05,09:16,15:10,15:15,15,0,1.5,-100,100,30,3,0,1000,20,-30,-9,0,1000,TRUE,1000,1000,1000,1.5,1000,1,5
2571,l,TRUE,0.05,09:16,15:10,15:15,15,0,1.5,-100,100,30,3,0,1000,20,-30,-10,0,1000,TRUE,1000,1000,1000,1.5,1000,1,5
2572,l,TRUE,0.05,09:16,15:10,15:15,15,0,1.5,-100,100,30,3,0,1000,20,-30,-15,0,1000,TRUE,1000,1000,1000,1.5,1000,1,5
2573,l,TRUE,0.05,09:16,15:10,15:15,15,0,1.5,-100,100,30,3,0,1000,20,-30,-20,0,1000,TRUE,1000,1000,1000,1.5,1000,1,5
2574,l,TRUE,0.05,09:16,15:10,15:15,15,0,1.5,-100,100,30,3,0,1000,30,-30,0,0,1000,TRUE,1000,1000,1000,1.5,1000,1,5
2575,l,TRUE,0.05,09:16,15:10,15:15,15,0,1.5,-100,100,30,3,0,1000,30,-30,-1,0,1000,TRUE,1000,1000,1000,1.5,1000,1,5
2576,l,TRUE,0.05,09:16,15:10,15:15,15,0,1.5,-100,100,30,3,0,1000,30,-30,-2,0,1000,TRUE,1000,1000,1000,1.5,1000,1,5
2577,l,TRUE,0.05,09:16,15:10,15:15,15,0,1.5,-100,100,30,3,0,1000,30,-30,-3,0,1000,TRUE,1000,1000,1000,1.5,1000,1,5
2578,l,TRUE,0.05,09:16,15:10,15:15,15,0,1.5,-100,100,30,3,0,1000,30,-30,-4,0,1000,TRUE,1000,1000,1000,1.5,1000,1,5
2579,l,TRUE,0.05,09:16,15:10,15:15,15,0,1.5,-100,100,30,3,0,1000,30,-30,-5,0,1000,TRUE,1000,1000,1000,1.5,1000,1,5
2580,l,TRUE,0.05,09:16,15:10,15:15,15,0,1.5,-100,100,30,3,0,1000,30,-30,-6,0,1000,TRUE,1000,1000,1000,1.5,1000,1,5
2581,l,TRUE,0.05,09:16,15:10,15:15,15,0,1.5,-100,100,30,3,0,1000,30,-30,-7,0,1000,TRUE,1000,1000,1000,1.5,1000,1,5
2582,l,TRUE,0.05,09:16,15:10,15:15,15,0,1.5,-100,100,30,3,0,1000,30,-30,-8,0,1000,TRUE,1000,1000,1000,1.5,1000,1,5
2583,l,TRUE,0.05,09:16,15:10,15:15,15,0,1.5,-100,100,30,3,0,1000,30,-30,-9,0,1000,TRUE,1000,1000,1000,1.5,1000,1,5
2584,l,TRUE,0.05,09:16,15:10,15:15,15,0,1.5,-100,100,30,3,0,1000,30,-30,-10,0,1000,TRUE,1000,1000,1000,1.5,1000,1,5
2585,l,TRUE,0.05,09:16,15:10,15:15,15,0,1.5,-100,100,30,3,0,1000,30,-30,-15,0,1000,TRUE,1000,1000,1000,1.5,1000,1,5
2586,l,TRUE,0.05,09:16,15:10,15:15,15,0,1.5,-100,100,30,3,0,1000,30,-30,-20,0,1000,TRUE,1000,1000,1000,1.5,1000,1,5
2587,l,TRUE,0.05,09:16,15:10,15:15,15,0,1.5,-100,100,40,2,0,1000,15,-30,0,0,1000,TRUE,1000,1000,1000,1.5,1000,1,5
2588,l,TRUE,0.05,09:16,15:10,15:15,15,0,1.5,-100,100,40,2,0,1000,15,-30,-1,0,1000,TRUE,1000,1000,1000,1.5,1000,1,5
2589,l,TRUE,0.05,09:16,15:10,15:15,15,0,1.5,-100,100,40,2,0,1000,15,-30,-2,0,1000,TRUE,1000,1000,1000,1.5,1000,1,5
2590,l,TRUE,0.05,09:16,15:10,15:15,15,0,1.5,-100,100,40,2,0,1000,15,-30,-3,0,1000,TRUE,1000,1000,1000,1.5,1000,1,5
2591,l,TRUE,0.05,09:16,15:10,15:15,15,0,1.5,-100,100,40,2,0,1000,15,-30,-4,0,1000,TRUE,1000,1000,1000,1.5,1000,1,5
2592,l,TRUE,0.05,09:16,15:10,15:15,15,0,1.5,-100,100,40,2,0,1000,15,-30,-5,0,1000,TRUE,1000,1000,1000,1.5,1000,1,5
2593,l,TRUE,0.05,09:16,15:10,15:15,15,0,1.5,-100,100,40,2,0,1000,15,-30,-6,0,1000,TRUE,1000,1000,1000,1.5,1000,1,5
2594,l,TRUE,0.05,09:16,15:10,15:15,15,0,1.5,-100,100,40,2,0,1000,15,-30,-7,0,1000,TRUE,1000,1000,1000,1.5,1000,1,5
2595,l,TRUE,0.05,09:16,15:10,15:15,15,0,1.5,-100,100,40,2,0,1000,15,-30,-8,0,1000,TRUE,1000,1000,1000,1.5,1000,1,5
2596,l,TRUE,0.05,09:16,15:10,15:15,15,0,1.5,-100,100,40,2,0,1000,15,-30,-9,0,1000,TRUE,1000,1000,1000,1.5,1000,1,5
2597,l,TRUE,0.05,09:16,15:10,15:15,15,0,1.5,-100,100,40,2,0,1000,15,-30,-10,0,1000,TRUE,1000,1000,1000,1.5,1000,1,5
2598,l,TRUE,0.05,09:16,15:10,15:15,15,0,1.5,-100,100,40,2,0,1000,15,-30,-15,0,1000,TRUE,1000,1000,1000,1.5,1000,1,5
2599,l,TRUE,0.05,09:16,15:10,15:15,15,0,1.5,-100,100,40,2,0,1000,15,-30,-20,0,1000,TRUE,1000,1000,1000,1.5,1000,1,5
2600,l,TRUE,0.05,09:16,15:10,15:15,15,0,1.5,-100,100,40,2,0,1000,20,-30,0,0,1000,TRUE,1000,1000,1000,1.5,1000,1,5
2601,l,TRUE,0.05,09:16,15:10,15:15,15,0,1.5,-100,100,40,2,0,1000,20,-30,-1,0,1000,TRUE,1000,1000,1000,1.5,1000,1,5
2602,l,TRUE,0.05,09:16,15:10,15:15,15,0,1.5,-100,100,40,2,0,1000,20,-30,-2,0,1000,TRUE,1000,1000,1000,1.5,1000,1,5
2603,l,TRUE,0.05,09:16,15:10,15:15,15,0,1.5,-100,100,40,2,0,1000,20,-30,-3,0,1000,TRUE,1000,1000,1000,1.5,1000,1,5
2604,l,TRUE,0.05,09:16,15:10,15:15,15,0,1.5,-100,100,40,2,0,1000,20,-30,-4,0,1000,TRUE,1000,1000,1000,1.5,1000,1,5
2605,l,TRUE,0.05,09:16,15:10,15:15,15,0,1.5,-100,100,40,2,0,1000,20,-30,-5,0,1000,TRUE,1000,1000,1000,1.5,1000,1,5
2606,l,TRUE,0.05,09:16,15:10,15:15,15,0,1.5,-100,100,40,2,0,1000,20,-30,-6,0,1000,TRUE,1000,1000,1000,1.5,1000,1,5
2607,l,TRUE,0.05,09:16,15:10,15:15,15,0,1.5,-100,100,40,2,0,1000,20,-30,-7,0,1000,TRUE,1000,1000,1000,1.5,1000,1,5
2608,l,TRUE,0.05,09:16,15:10,15:15,15,0,1.5,-100,100,40,2,0,1000,20,-30,-8,0,1000,TRUE,1000,1000,1000,1.5,1000,1,5
2609,l,TRUE,0.05,09:16,15:10,15:15,15,0,1.5,-100,100,40,2,0,1000,20,-30,-9,0,1000,TRUE,1000,1000,1000,1.5,1000,1,5
2610,l,TRUE,0.05,09:16,15:10,15:15,15,0,1.5,-100,100,40,2,0,1000,20,-30,-10,0,1000,TRUE,1000,1000,1000,1.5,1000,1,5
2611,l,TRUE,0.05,09:16,15:10,15:15,15,0,1.5,-100,100,40,2,0,1000,20,-30,-15,0,1000,TRUE,1000,1000,1000,1.5,1000,1,5
2612,l,TRUE,0.05,09:16,15:10,15:15,15,0,1.5,-100,100,40,2,0,1000,20,-30,-20,0,1000,TRUE,1000,1000,1000,1.5,1000,1,5
2613,l,TRUE,0.05,09:16,15:10,15:15,15,0,1.5,-100,100,40,2,0,1000,30,-30,0,0,1000,TRUE,1000,1000,1000,1.5,1000,1,5
2614,l,TRUE,0.05,09:16,15:10,15:15,15,0,1.5,-100,100,40,2,0,1000,30,-30,-1,0,1000,TRUE,1000,1000,1000,1.5,1000,1,5
2615,l,TRUE,0.05,09:16,15:10,15:15,15,0,1.5,-100,100,40,2,0,1000,30,-30,-2,0,1000,TRUE,1000,1000,1000,1.5,1000,1,5
2616,l,TRUE,0.05,09:16,15:10,15:15,15,0,1.5,-100,100,40,2,0,1000,30,-30,-3,0,1000,TRUE,1000,1000,1000,1.5,1000,1,5
2617,l,TRUE,0.05,09:16,15:10,15:15,15,0,1.5,-100,100,40,2,0,1000,30,-30,-4,0,1000,TRUE,1000,1000,1000,1.5,1000,1,5
2618,l,TRUE,0.05,09:16,15:10,15:15,15,0,1.5,-100,100,40,2,0,1000,30,-30,-5,0,1000,TRUE,1000,1000,1000,1.5,1000,1,5
2619,l,TRUE,0.05,09:16,15:10,15:15,15,0,1.5,-100,100,40,2,0,1000,30,-30,-6,0,1000,TRUE,1000,1000,1000,1.5,1000,1,5
2620,l,TRUE,0.05,09:16,15:10,15:15,15,0,1.5,-100,100,40,2,0,1000,30,-30,-7,0,1000,TRUE,1000,1000,1000,1.5,1000,1,5
2621,l,TRUE,0.05,09:16,15:10,15:15,15,0,1.5,-100,100,40,2,0,1000,30,-30,-8,0,1000,TRUE,1000,1000,1000,1.5,1000,1,5
2622,l,TRUE,0.05,09:16,15:10,15:15,15,0,1.5,-100,100,40,2,0,1000,30,-30,-9,0,1000,TRUE,1000,1000,1000,1.5,1000,1,5
2623,l,TRUE,0.05,09:16,15:10,15:15,15,0,1.5,-100,100,40,2,0,1000,30,-30,-10,0,1000,TRUE,1000,1000,1000,1.5,1000,1,5
2624,l,TRUE,0.05,09:16,15:10,15:15,15,0,1.5,-100,100,40,2,0,1000,30,-30,-15,0,1000,TRUE,1000,1000,1000,1.5,1000,1,5
2625,l,TRUE,0.05,09:16,15:10,15:15,15,0,1.5,-100,100,40,2,0,1000,30,-30,-20,0,1000,TRUE,1000,1000,1000,1.5,1000,1,5
2626,l,TRUE,0.05,09:16,15:10,15:15,15,0,1.5,-100,100,40,3,0,1000,15,-30,0,0,1000,TRUE,1000,1000,1000,1.5,1000,1,5
2627,l,TRUE,0.05,09:16,15:10,15:15,15,0,1.5,-100,100,40,3,0,1000,15,-30,-1,0,1000,TRUE,1000,1000,1000,1.5,1000,1,5
2628,l,TRUE,0.05,09:16,15:10,15:15,15,0,1.5,-100,100,40,3,0,1000,15,-30,-2,0,1000,TRUE,1000,1000,1000,1.5,1000,1,5
2629,l,TRUE,0.05,09:16,15:10,15:15,15,0,1.5,-100,100,40,3,0,1000,15,-30,-3,0,1000,TRUE,1000,1000,1000,1.5,1000,1,5
2630,l,TRUE,0.05,09:16,15:10,15:15,15,0,1.5,-100,100,40,3,0,1000,15,-30,-4,0,1000,TRUE,1000,1000,1000,1.5,1000,1,5
2631,l,TRUE,0.05,09:16,15:10,15:15,15,0,1.5,-100,100,40,3,0,1000,15,-30,-5,0,1000,TRUE,1000,1000,1000,1.5,1000,1,5
2632,l,TRUE,0.05,09:16,15:10,15:15,15,0,1.5,-100,100,40,3,0,1000,15,-30,-6,0,1000,TRUE,1000,1000,1000,1.5,1000,1,5
2633,l,TRUE,0.05,09:16,15:10,15:15,15,0,1.5,-100,100,40,3,0,1000,15,-30,-7,0,1000,TRUE,1000,1000,1000,1.5,1000,1,5
2634,l,TRUE,0.05,09:16,15:10,15:15,15,0,1.5,-100,100,40,3,0,1000,15,-30,-8,0,1000,TRUE,1000,1000,1000,1.5,1000,1,5
2635,l,TRUE,0.05,09:16,15:10,15:15,15,0,1.5,-100,100,40,3,0,1000,15,-30,-9,0,1000,TRUE,1000,1000,1000,1.5,1000,1,5
2636,l,TRUE,0.05,09:16,15:10,15:15,15,0,1.5,-100,100,40,3,0,1000,15,-30,-10,0,1000,TRUE,1000,1000,1000,1.5,1000,1,5
2637,l,TRUE,0.05,09:16,15:10,15:15,15,0,1.5,-100,100,40,3,0,1000,15,-30,-15,0,1000,TRUE,1000,1000,1000,1.5,1000,1,5
2638,l,TRUE,0.05,09:16,15:10,15:15,15,0,1.5,-100,100,40,3,0,1000,15,-30,-20,0,1000,TRUE,1000,1000,1000,1.5,1000,1,5
2639,l,TRUE,0.05,09:16,15:10,15:15,15,0,1.5,-100,100,40,3,0,1000,20,-30,0,0,1000,TRUE,1000,1000,1000,1.5,1000,1,5
2640,l,TRUE,0.05,09:16,15:10,15:15,15,0,1.5,-100,100,40,3,0,1000,20,-30,-1,0,1000,TRUE,1000,1000,1000,1.5,1000,1,5
2641,l,TRUE,0.05,09:16,15:10,15:15,15,0,1.5,-100,100,40,3,0,1000,20,-30,-2,0,1000,TRUE,1000,1000,1000,1.5,1000,1,5
2642,l,TRUE,0.05,09:16,15:10,15:15,15,0,1.5,-100,100,40,3,0,1000,20,-30,-3,0,1000,TRUE,1000,1000,1000,1.5,1000,1,5
2643,l,TRUE,0.05,09:16,15:10,15:15,15,0,1.5,-100,100,40,3,0,1000,20,-30,-4,0,1000,TRUE,1000,1000,1000,1.5,1000,1,5
2644,l,TRUE,0.05,09:16,15:10,15:15,15,0,1.5,-100,100,40,3,0,1000,20,-30,-5,0,1000,TRUE,1000,1000,1000,1.5,1000,1,5
2645,l,TRUE,0.05,09:16,15:10,15:15,15,0,1.5,-100,100,40,3,0,1000,20,-30,-6,0,1000,TRUE,1000,1000,1000,1.5,1000,1,5
2646,l,TRUE,0.05,09:16,15:10,15:15,15,0,1.5,-100,100,40,3,0,1000,20,-30,-7,0,1000,TRUE,1000,1000,1000,1.5,1000,1,5
2647,l,TRUE,0.05,09:16,15:10,15:15,15,0,1.5,-100,100,40,3,0,1000,20,-30,-8,0,1000,TRUE,1000,1000,1000,1.5,1000,1,5
2648,l,TRUE,0.05,09:16,15:10,15:15,15,0,1.5,-100,100,40,3,0,1000,20,-30,-9,0,1000,TRUE,1000,1000,1000,1.5,1000,1,5
2649,l,TRUE,0.05,09:16,15:10,15:15,15,0,1.5,-100,100,40,3,0,1000,20,-30,-10,0,1000,TRUE,1000,1000,1000,1.5,1000,1,5
2650,l,TRUE,0.05,09:16,15:10,15:15,15,0,1.5,-100,100,40,3,0,1000,20,-30,-15,0,1000,TRUE,1000,1000,1000,1.5,1000,1,5
2651,l,TRUE,0.05,09:16,15:10,15:15,15,0,1.5,-100,100,40,3,0,1000,20,-30,-20,0,1000,TRUE,1000,1000,1000,1.5,1000,1,5
2652,l,TRUE,0.05,09:16,15:10,15:15,15,0,1.5,-100,100,40,3,0,1000,30,-30,0,0,1000,TRUE,1000,1000,1000,1.5,1000,1,5
2653,l,TRUE,0.05,09:16,15:10,15:15,15,0,1.5,-100,100,40,3,0,1000,30,-30,-1,0,1000,TRUE,1000,1000,1000,1.5,1000,1,5
2654,l,TRUE,0.05,09:16,15:10,15:15,15,0,1.5,-100,100,40,3,0,1000,30,-30,-2,0,1000,TRUE,1000,1000,1000,1.5,1000,1,5
2655,l,TRUE,0.05,09:16,15:10,15:15,15,0,1.5,-100,100,40,3,0,1000,30,-30,-3,0,1000,TRUE,1000,1000,1000,1.5,1000,1,5
2656,l,TRUE,0.05,09:16,15:10,15:15,15,0,1.5,-100,100,40,3,0,1000,30,-30,-4,0,1000,TRUE,1000,1000,1000,1.5,1000,1,5
2657,l,TRUE,0.05,09:16,15:10,15:15,15,0,1.5,-100,100,40,3,0,1000,30,-30,-5,0,1000,TRUE,1000,1000,1000,1.5,1000,1,5
2658,l,TRUE,0.05,09:16,15:10,15:15,15,0,1.5,-100,100,40,3,0,1000,30,-30,-6,0,1000,TRUE,1000,1000,1000,1.5,1000,1,5
2659,l,TRUE,0.05,09:16,15:10,15:15,15,0,1.5,-100,100,40,3,0,1000,30,-30,-7,0,1000,TRUE,1000,1000,1000,1.5,1000,1,5
2660,l,TRUE,0.05,09:16,15:10,15:15,15,0,1.5,-100,100,40,3,0,1000,30,-30,-8,0,1000,TRUE,1000,1000,1000,1.5,1000,1,5
2661,l,TRUE,0.05,09:16,15:10,15:15,15,0,1.5,-100,100,40,3,0,1000,30,-30,-9,0,1000,TRUE,1000,1000,1000,1.5,1000,1,5
2662,l,TRUE,0.05,09:16,15:10,15:15,15,0,1.5,-100,100,40,3,0,1000,30,-30,-10,0,1000,TRUE,1000,1000,1000,1.5,1000,1,5
2663,l,TRUE,0.05,09:16,15:10,15:15,15,0,1.5,-100,100,40,3,0,1000,30,-30,-15,0,1000,TRUE,1000,1000,1000,1.5,1000,1,5
2664,l,TRUE,0.05,09:16,15:10,15:15,15,0,1.5,-100,100,40,3,0,1000,30,-30,-20,0,1000,TRUE,1000,1000,1000,1.5,1000,1,5
2665,l,TRUE,0.05,09:16,15:10,15:15,15,0,1.5,-100,100,50,2,0,1000,15,-30,0,0,1000,TRUE,1000,1000,1000,1.5,1000,1,5
2666,l,TRUE,0.05,09:16,15:10,15:15,15,0,1.5,-100,100,50,2,0,1000,15,-30,-1,0,1000,TRUE,1000,1000,1000,1.5,1000,1,5
2667,l,TRUE,0.05,09:16,15:10,15:15,15,0,1.5,-100,100,50,2,0,1000,15,-30,-2,0,1000,TRUE,1000,1000,1000,1.5,1000,1,5
2668,l,TRUE,0.05,09:16,15:10,15:15,15,0,1.5,-100,100,50,2,0,1000,15,-30,-3,0,1000,TRUE,1000,1000,1000,1.5,1000,1,5
2669,l,TRUE,0.05,09:16,15:10,15:15,15,0,1.5,-100,100,50,2,0,1000,15,-30,-4,0,1000,TRUE,1000,1000,1000,1.5,1000,1,5
2670,l,TRUE,0.05,09:16,15:10,15:15,15,0,1.5,-100,100,50,2,0,1000,15,-30,-5,0,1000,TRUE,1000,1000,1000,1.5,1000,1,5
2671,l,TRUE,0.05,09:16,15:10,15:15,15,0,1.5,-100,100,50,2,0,1000,15,-30,-6,0,1000,TRUE,1000,1000,1000,1.5,1000,1,5
2672,l,TRUE,0.05,09:16,15:10,15:15,15,0,1.5,-100,100,50,2,0,1000,15,-30,-7,0,1000,TRUE,1000,1000,1000,1.5,1000,1,5
2673,l,TRUE,0.05,09:16,15:10,15:15,15,0,1.5,-100,100,50,2,0,1000,15,-30,-8,0,1000,TRUE,1000,1000,1000,1.5,1000,1,5
2674,l,TRUE,0.05,09:16,15:10,15:15,15,0,1.5,-100,100,50,2,0,1000,15,-30,-9,0,1000,TRUE,1000,1000,1000,1.5,1000,1,5
2675,l,TRUE,0.05,09:16,15:10,15:15,15,0,1.5,-100,100,50,2,0,1000,15,-30,-10,0,1000,TRUE,1000,1000,1000,1.5,1000,1,5
2676,l,TRUE,0.05,09:16,15:10,15:15,15,0,1.5,-100,100,50,2,0,1000,15,-30,-15,0,1000,TRUE,1000,1000,1000,1.5,1000,1,5
2677,l,TRUE,0.05,09:16,15:10,15:15,15,0,1.5,-100,100,50,2,0,1000,15,-30,-20,0,1000,TRUE,1000,1000,1000,1.5,1000,1,5
2678,l,TRUE,0.05,09:16,15:10,15:15,15,0,1.5,-100,100,50,2,0,1000,20,-30,0,0,1000,TRUE,1000,1000,1000,1.5,1000,1,5
2679,l,TRUE,0.05,09:16,15:10,15:15,15,0,1.5,-100,100,50,2,0,1000,20,-30,-1,0,1000,TRUE,1000,1000,1000,1.5,1000,1,5
2680,l,TRUE,0.05,09:16,15:10,15:15,15,0,1.5,-100,100,50,2,0,1000,20,-30,-2,0,1000,TRUE,1000,1000,1000,1.5,1000,1,5
2681,l,TRUE,0.05,09:16,15:10,15:15,15,0,1.5,-100,100,50,2,0,1000,20,-30,-3,0,1000,TRUE,1000,1000,1000,1.5,1000,1,5
2682,l,TRUE,0.05,09:16,15:10,15:15,15,0,1.5,-100,100,50,2,0,1000,20,-30,-4,0,1000,TRUE,1000,1000,1000,1.5,1000,1,5
2683,l,TRUE,0.05,09:16,15:10,15:15,15,0,1.5,-100,100,50,2,0,1000,20,-30,-5,0,1000,TRUE,1000,1000,1000,1.5,1000,1,5
2684,l,TRUE,0.05,09:16,15:10,15:15,15,0,1.5,-100,100,50,2,0,1000,20,-30,-6,0,1000,TRUE,1000,1000,1000,1.5,1000,1,5
2685,l,TRUE,0.05,09:16,15:10,15:15,15,0,1.5,-100,100,50,2,0,1000,20,-30,-7,0,1000,TRUE,1000,1000,1000,1.5,1000,1,5
2686,l,TRUE,0.05,09:16,15:10,15:15,15,0,1.5,-100,100,50,2,0,1000,20,-30,-8,0,1000,TRUE,1000,1000,1000,1.5,1000,1,5
2687,l,TRUE,0.05,09:16,15:10,15:15,15,0,1.5,-100,100,50,2,0,1000,20,-30,-9,0,1000,TRUE,1000,1000,1000,1.5,1000,1,5
2688,l,TRUE,0.05,09:16,15:10,15:15,15,0,1.5,-100,100,50,2,0,1000,20,-30,-10,0,1000,TRUE,1000,1000,1000,1.5,1000,1,5
2689,l,TRUE,0.05,09:16,15:10,15:15,15,0,1.5,-100,100,50,2,0,1000,20,-30,-15,0,1000,TRUE,1000,1000,1000,1.5,1000,1,5
2690,l,TRUE,0.05,09:16,15:10,15:15,15,0,1.5,-100,100,50,2,0,1000,20,-30,-20,0,1000,TRUE,1000,1000,1000,1.5,1000,1,5
2691,l,TRUE,0.05,09:16,15:10,15:15,15,0,1.5,-100,100,50,2,0,1000,30,-30,0,0,1000,TRUE,1000,1000,1000,1.5,1000,1,5
2692,l,TRUE,0.05,09:16,15:10,15:15,15,0,1.5,-100,100,50,2,0,1000,30,-30,-1,0,1000,TRUE,1000,1000,1000,1.5,1000,1,5
2693,l,TRUE,0.05,09:16,15:10,15:15,15,0,1.5,-100,100,50,2,0,1000,30,-30,-2,0,1000,TRUE,1000,1000,1000,1.5,1000,1,5
2694,l,TRUE,0.05,09:16,15:10,15:15,15,0,1.5,-100,100,50,2,0,1000,30,-30,-3,0,1000,TRUE,1000,1000,1000,1.5,1000,1,5
2695,l,TRUE,0.05,09:16,15:10,15:15,15,0,1.5,-100,100,50,2,0,1000,30,-30,-4,0,1000,TRUE,1000,1000,1000,1.5,1000,1,5
2696,l,TRUE,0.05,09:16,15:10,15:15,15,0,1.5,-100,100,50,2,0,1000,30,-30,-5,0,1000,TRUE,1000,1000,1000,1.5,1000,1,5
2697,l,TRUE,0.05,09:16,15:10,15:15,15,0,1.5,-100,100,50,2,0,1000,30,-30,-6,0,1000,TRUE,1000,1000,1000,1.5,1000,1,5
2698,l,TRUE,0.05,09:16,15:10,15:15,15,0,1.5,-100,100,50,2,0,1000,30,-30,-7,0,1000,TRUE,1000,1000,1000,1.5,1000,1,5
2699,l,TRUE,0.05,09:16,15:10,15:15,15,0,1.5,-100,100,50,2,0,1000,30,-30,-8,0,1000,TRUE,1000,1000,1000,1.5,1000,1,5
2700,l,TRUE,0.05,09:16,15:10,15:15,15,0,1.5,-100,100,50,2,0,1000,30,-30,-9,0,1000,TRUE,1000,1000,1000,1.5,1000,1,5
2701,l,TRUE,0.05,09:16,15:10,15:15,15,0,1.5,-100,100,50,2,0,1000,30,-30,-10,0,1000,TRUE,1000,1000,1000,1.5,1000,1,5
2702,l,TRUE,0.05,09:16,15:10,15:15,15,0,1.5,-100,100,50,2,0,1000,30,-30,-15,0,1000,TRUE,1000,1000,1000,1.5,1000,1,5
2703,l,TRUE,0.05,09:16,15:10,15:15,15,0,1.5,-100,100,50,2,0,1000,30,-30,-20,0,1000,TRUE,1000,1000,1000,1.5,1000,1,5
2704,l,TRUE,0.05,09:16,15:10,15:15,15,0,1.5,-100,100,50,3,0,1000,15,-30,0,0,1000,TRUE,1000,1000,1000,1.5,1000,1,5
2705,l,TRUE,0.05,09:16,15:10,15:15,15,0,1.5,-100,100,50,3,0,1000,15,-30,-1,0,1000,TRUE,1000,1000,1000,1.5,1000,1,5
2706,l,TRUE,0.05,09:16,15:10,15:15,15,0,1.5,-100,100,50,3,0,1000,15,-30,-2,0,1000,TRUE,1000,1000,1000,1.5,1000,1,5
2707,l,TRUE,0.05,09:16,15:10,15:15,15,0,1.5,-100,100,50,3,0,1000,15,-30,-3,0,1000,TRUE,1000,1000,1000,1.5,1000,1,5
2708,l,TRUE,0.05,09:16,15:10,15:15,15,0,1.5,-100,100,50,3,0,1000,15,-30,-4,0,1000,TRUE,1000,1000,1000,1.5,1000,1,5
2709,l,TRUE,0.05,09:16,15:10,15:15,15,0,1.5,-100,100,50,3,0,1000,15,-30,-5,0,1000,TRUE,1000,1000,1000,1.5,1000,1,5
2710,l,TRUE,0.05,09:16,15:10,15:15,15,0,1.5,-100,100,50,3,0,1000,15,-30,-6,0,1000,TRUE,1000,1000,1000,1.5,1000,1,5
2711,l,TRUE,0.05,09:16,15:10,15:15,15,0,1.5,-100,100,50,3,0,1000,15,-30,-7,0,1000,TRUE,1000,1000,1000,1.5,1000,1,5
2712,l,TRUE,0.05,09:16,15:10,15:15,15,0,1.5,-100,100,50,3,0,1000,15,-30,-8,0,1000,TRUE,1000,1000,1000,1.5,1000,1,5
2713,l,TRUE,0.05,09:16,15:10,15:15,15,0,1.5,-100,100,50,3,0,1000,15,-30,-9,0,1000,TRUE,1000,1000,1000,1.5,1000,1,5
2714,l,TRUE,0.05,09:16,15:10,15:15,15,0,1.5,-100,100,50,3,0,1000,15,-30,-10,0,1000,TRUE,1000,1000,1000,1.5,1000,1,5
2715,l,TRUE,0.05,09:16,15:10,15:15,15,0,1.5,-100,100,50,3,0,1000,15,-30,-15,0,1000,TRUE,1000,1000,1000,1.5,1000,1,5
2716,l,TRUE,0.05,09:16,15:10,15:15,15,0,1.5,-100,100,50,3,0,1000,15,-30,-20,0,1000,TRUE,1000,1000,1000,1.5,1000,1,5
2717,l,TRUE,0.05,09:16,15:10,15:15,15,0,1.5,-100,100,50,3,0,1000,20,-30,0,0,1000,TRUE,1000,1000,1000,1.5,1000,1,5
2718,l,TRUE,0.05,09:16,15:10,15:15,15,0,1.5,-100,100,50,3,0,1000,20,-30,-1,0,1000,TRUE,1000,1000,1000,1.5,1000,1,5
2719,l,TRUE,0.05,09:16,15:10,15:15,15,0,1.5,-100,100,50,3,0,1000,20,-30,-2,0,1000,TRUE,1000,1000,1000,1.5,1000,1,5
2720,l,TRUE,0.05,09:16,15:10,15:15,15,0,1.5,-100,100,50,3,0,1000,20,-30,-3,0,1000,TRUE,1000,1000,1000,1.5,1000,1,5
2721,l,TRUE,0.05,09:16,15:10,15:15,15,0,1.5,-100,100,50,3,0,1000,20,-30,-4,0,1000,TRUE,1000,1000,1000,1.5,1000,1,5
2722,l,TRUE,0.05,09:16,15:10,15:15,15,0,1.5,-100,100,50,3,0,1000,20,-30,-5,0,1000,TRUE,1000,1000,1000,1.5,1000,1,5
2723,l,TRUE,0.05,09:16,15:10,15:15,15,0,1.5,-100,100,50,3,0,1000,20,-30,-6,0,1000,TRUE,1000,1000,1000,1.5,1000,1,5
2724,l,TRUE,0.05,09:16,15:10,15:15,15,0,1.5,-100,100,50,3,0,1000,20,-30,-7,0,1000,TRUE,1000,1000,1000,1.5,1000,1,5
2725,l,TRUE,0.05,09:16,15:10,15:15,15,0,1.5,-100,100,50,3,0,1000,20,-30,-8,0,1000,TRUE,1000,1000,1000,1.5,1000,1,5
2726,l,TRUE,0.05,09:16,15:10,15:15,15,0,1.5,-100,100,50,3,0,1000,20,-30,-9,0,1000,TRUE,1000,1000,1000,1.5,1000,1,5
2727,l,TRUE,0.05,09:16,15:10,15:15,15,0,1.5,-100,100,50,3,0,1000,20,-30,-10,0,1000,TRUE,1000,1000,1000,1.5,1000,1,5
2728,l,TRUE,0.05,09:16,15:10,15:15,15,0,1.5,-100,100,50,3,0,1000,20,-30,-15,0,1000,TRUE,1000,1000,1000,1.5,1000,1,5
2729,l,TRUE,0.05,09:16,15:10,15:15,15,0,1.5,-100,100,50,3,0,1000,20,-30,-20,0,1000,TRUE,1000,1000,1000,1.5,1000,1,5
2730,l,TRUE,0.05,09:16,15:10,15:15,15,0,1.5,-100,100,50,3,0,1000,30,-30,0,0,1000,TRUE,1000,1000,1000,1.5,1000,1,5
2731,l,TRUE,0.05,09:16,15:10,15:15,15,0,1.5,-100,100,50,3,0,1000,30,-30,-1,0,1000,TRUE,1000,1000,1000,1.5,1000,1,5
2732,l,TRUE,0.05,09:16,15:10,15:15,15,0,1.5,-100,100,50,3,0,1000,30,-30,-2,0,1000,TRUE,1000,1000,1000,1.5,1000,1,5
2733,l,TRUE,0.05,09:16,15:10,15:15,15,0,1.5,-100,100,50,3,0,1000,30,-30,-3,0,1000,TRUE,1000,1000,1000,1.5,1000,1,5
2734,l,TRUE,0.05,09:16,15:10,15:15,15,0,1.5,-100,100,50,3,0,1000,30,-30,-4,0,1000,TRUE,1000,1000,1000,1.5,1000,1,5
2735,l,TRUE,0.05,09:16,15:10,15:15,15,0,1.5,-100,100,50,3,0,1000,30,-30,-5,0,1000,TRUE,1000,1000,1000,1.5,1000,1,5
2736,l,TRUE,0.05,09:16,15:10,15:15,15,0,1.5,-100,100,50,3,0,1000,30,-30,-6,0,1000,TRUE,1000,1000,1000,1.5,1000,1,5
2737,l,TRUE,0.05,09:16,15:10,15:15,15,0,1.5,-100,100,50,3,0,1000,30,-30,-7,0,1000,TRUE,1000,1000,1000,1.5,1000,1,5
2738,l,TRUE,0.05,09:16,15:10,15:15,15,0,1.5,-100,100,50,3,0,1000,30,-30,-8,0,1000,TRUE,1000,1000,1000,1.5,1000,1,5
2739,l,TRUE,0.05,09:16,15:10,15:15,15,0,1.5,-100,100,50,3,0,1000,30,-30,-9,0,1000,TRUE,1000,1000,1000,1.5,1000,1,5
2740,l,TRUE,0.05,09:16,15:10,15:15,15,0,1.5,-100,100,50,3,0,1000,30,-30,-10,0,1000,TRUE,1000,1000,1000,1.5,1000,1,5
2741,l,TRUE,0.05,09:16,15:10,15:15,15,0,1.5,-100,100,50,3,0,1000,30,-30,-15,0,1000,TRUE,1000,1000,1000,1.5,1000,1,5
2742,l,TRUE,0.05,09:16,15:10,15:15,15,0,1.5,-100,100,50,3,0,1000,30,-30,-20,0,1000,TRUE,1000,1000,1000,1.5,1000,1,5
2743,l,TRUE,0.05,09:16,15:10,15:15,15,0,1.5,-100,100,60,2,0,1000,15,-30,0,0,1000,TRUE,1000,1000,1000,1.5,1000,1,5
2744,l,TRUE,0.05,09:16,15:10,15:15,15,0,1.5,-100,100,60,2,0,1000,15,-30,-1,0,1000,TRUE,1000,1000,1000,1.5,1000,1,5
2745,l,TRUE,0.05,09:16,15:10,15:15,15,0,1.5,-100,100,60,2,0,1000,15,-30,-2,0,1000,TRUE,1000,1000,1000,1.5,1000,1,5
2746,l,TRUE,0.05,09:16,15:10,15:15,15,0,1.5,-100,100,60,2,0,1000,15,-30,-3,0,1000,TRUE,1000,1000,1000,1.5,1000,1,5
2747,l,TRUE,0.05,09:16,15:10,15:15,15,0,1.5,-100,100,60,2,0,1000,15,-30,-4,0,1000,TRUE,1000,1000,1000,1.5,1000,1,5
2748,l,TRUE,0.05,09:16,15:10,15:15,15,0,1.5,-100,100,60,2,0,1000,15,-30,-5,0,1000,TRUE,1000,1000,1000,1.5,1000,1,5
2749,l,TRUE,0.05,09:16,15:10,15:15,15,0,1.5,-100,100,60,2,0,1000,15,-30,-6,0,1000,TRUE,1000,1000,1000,1.5,1000,1,5
2750,l,TRUE,0.05,09:16,15:10,15:15,15,0,1.5,-100,100,60,2,0,1000,15,-30,-7,0,1000,TRUE,1000,1000,1000,1.5,1000,1,5
2751,l,TRUE,0.05,09:16,15:10,15:15,15,0,1.5,-100,100,60,2,0,1000,15,-30,-8,0,1000,TRUE,1000,1000,1000,1.5,1000,1,5
2752,l,TRUE,0.05,09:16,15:10,15:15,15,0,1.5,-100,100,60,2,0,1000,15,-30,-9,0,1000,TRUE,1000,1000,1000,1.5,1000,1,5
2753,l,TRUE,0.05,09:16,15:10,15:15,15,0,1.5,-100,100,60,2,0,1000,15,-30,-10,0,1000,TRUE,1000,1000,1000,1.5,1000,1,5
2754,l,TRUE,0.05,09:16,15:10,15:15,15,0,1.5,-100,100,60,2,0,1000,15,-30,-15,0,1000,TRUE,1000,1000,1000,1.5,1000,1,5
2755,l,TRUE,0.05,09:16,15:10,15:15,15,0,1.5,-100,100,60,2,0,1000,15,-30,-20,0,1000,TRUE,1000,1000,1000,1.5,1000,1,5
2756,l,TRUE,0.05,09:16,15:10,15:15,15,0,1.5,-100,100,60,2,0,1000,20,-30,0,0,1000,TRUE,1000,1000,1000,1.5,1000,1,5
2757,l,TRUE,0.05,09:16,15:10,15:15,15,0,1.5,-100,100,60,2,0,1000,20,-30,-1,0,1000,TRUE,1000,1000,1000,1.5,1000,1,5
2758,l,TRUE,0.05,09:16,15:10,15:15,15,0,1.5,-100,100,60,2,0,1000,20,-30,-2,0,1000,TRUE,1000,1000,1000,1.5,1000,1,5
2759,l,TRUE,0.05,09:16,15:10,15:15,15,0,1.5,-100,100,60,2,0,1000,20,-30,-3,0,1000,TRUE,1000,1000,1000,1.5,1000,1,5
2760,l,TRUE,0.05,09:16,15:10,15:15,15,0,1.5,-100,100,60,2,0,1000,20,-30,-4,0,1000,TRUE,1000,1000,1000,1.5,1000,1,5
2761,l,TRUE,0.05,09:16,15:10,15:15,15,0,1.5,-100,100,60,2,0,1000,20,-30,-5,0,1000,TRUE,1000,1000,1000,1.5,1000,1,5
2762,l,TRUE,0.05,09:16,15:10,15:15,15,0,1.5,-100,100,60,2,0,1000,20,-30,-6,0,1000,TRUE,1000,1000,1000,1.5,1000,1,5
2763,l,TRUE,0.05,09:16,15:10,15:15,15,0,1.5,-100,100,60,2,0,1000,20,-30,-7,0,1000,TRUE,1000,1000,1000,1.5,1000,1,5
2764,l,TRUE,0.05,09:16,15:10,15:15,15,0,1.5,-100,100,60,2,0,1000,20,-30,-8,0,1000,TRUE,1000,1000,1000,1.5,1000,1,5
2765,l,TRUE,0.05,09:16,15:10,15:15,15,0,1.5,-100,100,60,2,0,1000,20,-30,-9,0,1000,TRUE,1000,1000,1000,1.5,1000,1,5
2766,l,TRUE,0.05,09:16,15:10,15:15,15,0,1.5,-100,100,60,2,0,1000,20,-30,-10,0,1000,TRUE,1000,1000,1000,1.5,1000,1,5
2767,l,TRUE,0.05,09:16,15:10,15:15,15,0,1.5,-100,100,60,2,0,1000,20,-30,-15,0,1000,TRUE,1000,1000,1000,1.5,1000,1,5
2768,l,TRUE,0.05,09:16,15:10,15:15,15,0,1.5,-100,100,60,2,0,1000,20,-30,-20,0,1000,TRUE,1000,1000,1000,1.5,1000,1,5
2769,l,TRUE,0.05,09:16,15:10,15:15,15,0,1.5,-100,100,60,2,0,1000,30,-30,0,0,1000,TRUE,1000,1000,1000,1.5,1000,1,5
2770,l,TRUE,0.05,09:16,15:10,15:15,15,0,1.5,-100,100,60,2,0,1000,30,-30,-1,0,1000,TRUE,1000,1000,1000,1.5,1000,1,5
2771,l,TRUE,0.05,09:16,15:10,15:15,15,0,1.5,-100,100,60,2,0,1000,30,-30,-2,0,1000,TRUE,1000,1000,1000,1.5,1000,1,5
2772,l,TRUE,0.05,09:16,15:10,15:15,15,0,1.5,-100,100,60,2,0,1000,30,-30,-3,0,1000,TRUE,1000,1000,1000,1.5,1000,1,5
2773,l,TRUE,0.05,09:16,15:10,15:15,15,0,1.5,-100,100,60,2,0,1000,30,-30,-4,0,1000,TRUE,1000,1000,1000,1.5,1000,1,5
2774,l,TRUE,0.05,09:16,15:10,15:15,15,0,1.5,-100,100,60,2,0,1000,30,-30,-5,0,1000,TRUE,1000,1000,1000,1.5,1000,1,5
2775,l,TRUE,0.05,09:16,15:10,15:15,15,0,1.5,-100,100,60,2,0,1000,30,-30,-6,0,1000,TRUE,1000,1000,1000,1.5,1000,1,5
2776,l,TRUE,0.05,09:16,15:10,15:15,15,0,1.5,-100,100,60,2,0,1000,30,-30,-7,0,1000,TRUE,1000,1000,1000,1.5,1000,1,5
2777,l,TRUE,0.05,09:16,15:10,15:15,15,0,1.5,-100,100,60,2,0,1000,30,-30,-8,0,1000,TRUE,1000,1000,1000,1.5,1000,1,5
2778,l,TRUE,0.05,09:16,15:10,15:15,15,0,1.5,-100,100,60,2,0,1000,30,-30,-9,0,1000,TRUE,1000,1000,1000,1.5,1000,1,5
2779,l,TRUE,0.05,09:16,15:10,15:15,15,0,1.5,-100,100,60,2,0,1000,30,-30,-10,0,1000,TRUE,1000,1000,1000,1.5,1000,1,5
2780,l,TRUE,0.05,09:16,15:10,15:15,15,0,1.5,-100,100,60,2,0,1000,30,-30,-15,0,1000,TRUE,1000,1000,1000,1.5,1000,1,5
2781,l,TRUE,0.05,09:16,15:10,15:15,15,0,1.5,-100,100,60,2,0,1000,30,-30,-20,0,1000,TRUE,1000,1000,1000,1.5,1000,1,5
2782,l,TRUE,0.05,09:16,15:10,15:15,15,0,1.5,-100,100,60,3,0,1000,15,-30,0,0,1000,TRUE,1000,1000,1000,1.5,1000,1,5
2783,l,TRUE,0.05,09:16,15:10,15:15,15,0,1.5,-100,100,60,3,0,1000,15,-30,-1,0,1000,TRUE,1000,1000,1000,1.5,1000,1,5
2784,l,TRUE,0.05,09:16,15:10,15:15,15,0,1.5,-100,100,60,3,0,1000,15,-30,-2,0,1000,TRUE,1000,1000,1000,1.5,1000,1,5
2785,l,TRUE,0.05,09:16,15:10,15:15,15,0,1.5,-100,100,60,3,0,1000,15,-30,-3,0,1000,TRUE,1000,1000,1000,1.5,1000,1,5
2786,l,TRUE,0.05,09:16,15:10,15:15,15,0,1.5,-100,100,60,3,0,1000,15,-30,-4,0,1000,TRUE,1000,1000,1000,1.5,1000,1,5
2787,l,TRUE,0.05,09:16,15:10,15:15,15,0,1.5,-100,100,60,3,0,1000,15,-30,-5,0,1000,TRUE,1000,1000,1000,1.5,1000,1,5
2788,l,TRUE,0.05,09:16,15:10,15:15,15,0,1.5,-100,100,60,3,0,1000,15,-30,-6,0,1000,TRUE,1000,1000,1000,1.5,1000,1,5
2789,l,TRUE,0.05,09:16,15:10,15:15,15,0,1.5,-100,100,60,3,0,1000,15,-30,-7,0,1000,TRUE,1000,1000,1000,1.5,1000,1,5
2790,l,TRUE,0.05,09:16,15:10,15:15,15,0,1.5,-100,100,60,3,0,1000,15,-30,-8,0,1000,TRUE,1000,1000,1000,1.5,1000,1,5
2791,l,TRUE,0.05,09:16,15:10,15:15,15,0,1.5,-100,100,60,3,0,1000,15,-30,-9,0,1000,TRUE,1000,1000,1000,1.5,1000,1,5
2792,l,TRUE,0.05,09:16,15:10,15:15,15,0,1.5,-100,100,60,3,0,1000,15,-30,-10,0,1000,TRUE,1000,1000,1000,1.5,1000,1,5
2793,l,TRUE,0.05,09:16,15:10,15:15,15,0,1.5,-100,100,60,3,0,1000,15,-30,-15,0,1000,TRUE,1000,1000,1000,1.5,1000,1,5
2794,l,TRUE,0.05,09:16,15:10,15:15,15,0,1.5,-100,100,60,3,0,1000,15,-30,-20,0,1000,TRUE,1000,1000,1000,1.5,1000,1,5
2795,l,TRUE,0.05,09:16,15:10,15:15,15,0,1.5,-100,100,60,3,0,1000,20,-30,0,0,1000,TRUE,1000,1000,1000,1.5,1000,1,5
2796,l,TRUE,0.05,09:16,15:10,15:15,15,0,1.5,-100,100,60,3,0,1000,20,-30,-1,0,1000,TRUE,1000,1000,1000,1.5,1000,1,5
2797,l,TRUE,0.05,09:16,15:10,15:15,15,0,1.5,-100,100,60,3,0,1000,20,-30,-2,0,1000,TRUE,1000,1000,1000,1.5,1000,1,5
2798,l,TRUE,0.05,09:16,15:10,15:15,15,0,1.5,-100,100,60,3,0,1000,20,-30,-3,0,1000,TRUE,1000,1000,1000,1.5,1000,1,5
2799,l,TRUE,0.05,09:16,15:10,15:15,15,0,1.5,-100,100,60,3,0,1000,20,-30,-4,0,1000,TRUE,1000,1000,1000,1.5,1000,1,5
2800,l,TRUE,0.05,09:16,15:10,15:15,15,0,1.5,-100,100,60,3,0,1000,20,-30,-5,0,1000,TRUE,1000,1000,1000,1.5,1000,1,5
2801,l,TRUE,0.05,09:16,15:10,15:15,15,0,1.5,-100,100,60,3,0,1000,20,-30,-6,0,1000,TRUE,1000,1000,1000,1.5,1000,1,5
2802,l,TRUE,0.05,09:16,15:10,15:15,15,0,1.5,-100,100,60,3,0,1000,20,-30,-7,0,1000,TRUE,1000,1000,1000,1.5,1000,1,5
2803,l,TRUE,0.05,09:16,15:10,15:15,15,0,1.5,-100,100,60,3,0,1000,20,-30,-8,0,1000,TRUE,1000,1000,1000,1.5,1000,1,5
2804,l,TRUE,0.05,09:16,15:10,15:15,15,0,1.5,-100,100,60,3,0,1000,20,-30,-9,0,1000,TRUE,1000,1000,1000,1.5,1000,1,5
2805,l,TRUE,0.05,09:16,15:10,15:15,15,0,1.5,-100,100,60,3,0,1000,20,-30,-10,0,1000,TRUE,1000,1000,1000,1.5,1000,1,5
2806,l,TRUE,0.05,09:16,15:10,15:15,15,0,1.5,-100,100,60,3,0,1000,20,-30,-15,0,1000,TRUE,1000,1000,1000,1.5,1000,1,5
2807,l,TRUE,0.05,09:16,15:10,15:15,15,0,1.5,-100,100,60,3,0,1000,20,-30,-20,0,1000,TRUE,1000,1000,1000,1.5,1000,1,5
2808,l,TRUE,0.05,09:16,15:10,15:15,15,0,1.5,-100,100,60,3,0,1000,30,-30,0,0,1000,TRUE,1000,1000,1000,1.5,1000,1,5
2809,l,TRUE,0.05,09:16,15:10,15:15,15,0,1.5,-100,100,60,3,0,1000,30,-30,-1,0,1000,TRUE,1000,1000,1000,1.5,1000,1,5
2810,l,TRUE,0.05,09:16,15:10,15:15,15,0,1.5,-100,100,60,3,0,1000,30,-30,-2,0,1000,TRUE,1000,1000,1000,1.5,1000,1,5
2811,l,TRUE,0.05,09:16,15:10,15:15,15,0,1.5,-100,100,60,3,0,1000,30,-30,-3,0,1000,TRUE,1000,1000,1000,1.5,1000,1,5
2812,l,TRUE,0.05,09:16,15:10,15:15,15,0,1.5,-100,100,60,3,0,1000,30,-30,-4,0,1000,TRUE,1000,1000,1000,1.5,1000,1,5
2813,l,TRUE,0.05,09:16,15:10,15:15,15,0,1.5,-100,100,60,3,0,1000,30,-30,-5,0,1000,TRUE,1000,1000,1000,1.5,1000,1,5
2814,l,TRUE,0.05,09:16,15:10,15:15,15,0,1.5,-100,100,60,3,0,1000,30,-30,-6,0,1000,TRUE,1000,1000,1000,1.5,1000,1,5
2815,l,TRUE,0.05,09:16,15:10,15:15,15,0,1.5,-100,100,60,3,0,1000,30,-30,-7,0,1000,TRUE,1000,1000,1000,1.5,1000,1,5
2816,l,TRUE,0.05,09:16,15:10,15:15,15,0,1.5,-100,100,60,3,0,1000,30,-30,-8,0,1000,TRUE,1000,1000,1000,1.5,1000,1,5
2817,l,TRUE,0.05,09:16,15:10,15:15,15,0,1.5,-100,100,60,3,0,1000,30,-30,-9,0,1000,TRUE,1000,1000,1000,1.5,1000,1,5
2818,l,TRUE,0.05,09:16,15:10,15:15,15,0,1.5,-100,100,60,3,0,1000,30,-30,-10,0,1000,TRUE,1000,1000,1000,1.5,1000,1,5
2819,l,TRUE,0.05,09:16,15:10,15:15,15,0,1.5,-100,100,60,3,0,1000,30,-30,-15,0,1000,TRUE,1000,1000,1000,1.5,1000,1,5
2820,l,TRUE,0.05,09:16,15:10,15:15,15,0,1.5,-100,100,60,3,0,1000,30,-30,-20,0,1000,TRUE,1000,1000,1000,1.5,1000,1,5
2821,l,TRUE,0.05,09:16,15:10,15:15,15,0,1.5,-100,100,20,2,0,1000,15,-40,0,0,1000,TRUE,1000,1000,1000,1.5,1000,1,5
2822,l,TRUE,0.05,09:16,15:10,15:15,15,0,1.5,-100,100,20,2,0,1000,15,-40,-1,0,1000,TRUE,1000,1000,1000,1.5,1000,1,5
2823,l,TRUE,0.05,09:16,15:10,15:15,15,0,1.5,-100,100,20,2,0,1000,15,-40,-2,0,1000,TRUE,1000,1000,1000,1.5,1000,1,5
2824,l,TRUE,0.05,09:16,15:10,15:15,15,0,1.5,-100,100,20,2,0,1000,15,-40,-3,0,1000,TRUE,1000,1000,1000,1.5,1000,1,5
2825,l,TRUE,0.05,09:16,15:10,15:15,15,0,1.5,-100,100,20,2,0,1000,15,-40,-4,0,1000,TRUE,1000,1000,1000,1.5,1000,1,5
2826,l,TRUE,0.05,09:16,15:10,15:15,15,0,1.5,-100,100,20,2,0,1000,15,-40,-5,0,1000,TRUE,1000,1000,1000,1.5,1000,1,5
2827,l,TRUE,0.05,09:16,15:10,15:15,15,0,1.5,-100,100,20,2,0,1000,15,-40,-6,0,1000,TRUE,1000,1000,1000,1.5,1000,1,5
2828,l,TRUE,0.05,09:16,15:10,15:15,15,0,1.5,-100,100,20,2,0,1000,15,-40,-7,0,1000,TRUE,1000,1000,1000,1.5,1000,1,5
2829,l,TRUE,0.05,09:16,15:10,15:15,15,0,1.5,-100,100,20,2,0,1000,15,-40,-8,0,1000,TRUE,1000,1000,1000,1.5,1000,1,5
2830,l,TRUE,0.05,09:16,15:10,15:15,15,0,1.5,-100,100,20,2,0,1000,15,-40,-9,0,1000,TRUE,1000,1000,1000,1.5,1000,1,5
2831,l,TRUE,0.05,09:16,15:10,15:15,15,0,1.5,-100,100,20,2,0,1000,15,-40,-10,0,1000,TRUE,1000,1000,1000,1.5,1000,1,5
2832,l,TRUE,0.05,09:16,15:10,15:15,15,0,1.5,-100,100,20,2,0,1000,15,-40,-15,0,1000,TRUE,1000,1000,1000,1.5,1000,1,5
2833,l,TRUE,0.05,09:16,15:10,15:15,15,0,1.5,-100,100,20,2,0,1000,15,-40,-20,0,1000,TRUE,1000,1000,1000,1.5,1000,1,5
2834,l,TRUE,0.05,09:16,15:10,15:15,15,0,1.5,-100,100,20,2,0,1000,20,-40,0,0,1000,TRUE,1000,1000,1000,1.5,1000,1,5
2835,l,TRUE,0.05,09:16,15:10,15:15,15,0,1.5,-100,100,20,2,0,1000,20,-40,-1,0,1000,TRUE,1000,1000,1000,1.5,1000,1,5
2836,l,TRUE,0.05,09:16,15:10,15:15,15,0,1.5,-100,100,20,2,0,1000,20,-40,-2,0,1000,TRUE,1000,1000,1000,1.5,1000,1,5
2837,l,TRUE,0.05,09:16,15:10,15:15,15,0,1.5,-100,100,20,2,0,1000,20,-40,-3,0,1000,TRUE,1000,1000,1000,1.5,1000,1,5
2838,l,TRUE,0.05,09:16,15:10,15:15,15,0,1.5,-100,100,20,2,0,1000,20,-40,-4,0,1000,TRUE,1000,1000,1000,1.5,1000,1,5
2839,l,TRUE,0.05,09:16,15:10,15:15,15,0,1.5,-100,100,20,2,0,1000,20,-40,-5,0,1000,TRUE,1000,1000,1000,1.5,1000,1,5
2840,l,TRUE,0.05,09:16,15:10,15:15,15,0,1.5,-100,100,20,2,0,1000,20,-40,-6,0,1000,TRUE,1000,1000,1000,1.5,1000,1,5
2841,l,TRUE,0.05,09:16,15:10,15:15,15,0,1.5,-100,100,20,2,0,1000,20,-40,-7,0,1000,TRUE,1000,1000,1000,1.5,1000,1,5
2842,l,TRUE,0.05,09:16,15:10,15:15,15,0,1.5,-100,100,20,2,0,1000,20,-40,-8,0,1000,TRUE,1000,1000,1000,1.5,1000,1,5
2843,l,TRUE,0.05,09:16,15:10,15:15,15,0,1.5,-100,100,20,2,0,1000,20,-40,-9,0,1000,TRUE,1000,1000,1000,1.5,1000,1,5
2844,l,TRUE,0.05,09:16,15:10,15:15,15,0,1.5,-100,100,20,2,0,1000,20,-40,-10,0,1000,TRUE,1000,1000,1000,1.5,1000,1,5
2845,l,TRUE,0.05,09:16,15:10,15:15,15,0,1.5,-100,100,20,2,0,1000,20,-40,-15,0,1000,TRUE,1000,1000,1000,1.5,1000,1,5
2846,l,TRUE,0.05,09:16,15:10,15:15,15,0,1.5,-100,100,20,2,0,1000,20,-40,-20,0,1000,TRUE,1000,1000,1000,1.5,1000,1,5
2847,l,TRUE,0.05,09:16,15:10,15:15,15,0,1.5,-100,100,20,2,0,1000,30,-40,0,0,1000,TRUE,1000,1000,1000,1.5,1000,1,5
2848,l,TRUE,0.05,09:16,15:10,15:15,15,0,1.5,-100,100,20,2,0,1000,30,-40,-1,0,1000,TRUE,1000,1000,1000,1.5,1000,1,5
2849,l,TRUE,0.05,09:16,15:10,15:15,15,0,1.5,-100,100,20,2,0,1000,30,-40,-2,0,1000,TRUE,1000,1000,1000,1.5,1000,1,5
2850,l,TRUE,0.05,09:16,15:10,15:15,15,0,1.5,-100,100,20,2,0,1000,30,-40,-3,0,1000,TRUE,1000,1000,1000,1.5,1000,1,5
2851,l,TRUE,0.05,09:16,15:10,15:15,15,0,1.5,-100,100,20,2,0,1000,30,-40,-4,0,1000,TRUE,1000,1000,1000,1.5,1000,1,5
2852,l,TRUE,0.05,09:16,15:10,15:15,15,0,1.5,-100,100,20,2,0,1000,30,-40,-5,0,1000,TRUE,1000,1000,1000,1.5,1000,1,5
2853,l,TRUE,0.05,09:16,15:10,15:15,15,0,1.5,-100,100,20,2,0,1000,30,-40,-6,0,1000,TRUE,1000,1000,1000,1.5,1000,1,5
2854,l,TRUE,0.05,09:16,15:10,15:15,15,0,1.5,-100,100,20,2,0,1000,30,-40,-7,0,1000,TRUE,1000,1000,1000,1.5,1000,1,5
2855,l,TRUE,0.05,09:16,15:10,15:15,15,0,1.5,-100,100,20,2,0,1000,30,-40,-8,0,1000,TRUE,1000,1000,1000,1.5,1000,1,5
2856,l,TRUE,0.05,09:16,15:10,15:15,15,0,1.5,-100,100,20,2,0,1000,30,-40,-9,0,1000,TRUE,1000,1000,1000,1.5,1000,1,5
2857,l,TRUE,0.05,09:16,15:10,15:15,15,0,1.5,-100,100,20,2,0,1000,30,-40,-10,0,1000,TRUE,1000,1000,1000,1.5,1000,1,5
2858,l,TRUE,0.05,09:16,15:10,15:15,15,0,1.5,-100,100,20,2,0,1000,30,-40,-15,0,1000,TRUE,1000,1000,1000,1.5,1000,1,5
2859,l,TRUE,0.05,09:16,15:10,15:15,15,0,1.5,-100,100,20,2,0,1000,30,-40,-20,0,1000,TRUE,1000,1000,1000,1.5,1000,1,5
2860,l,TRUE,0.05,09:16,15:10,15:15,15,0,1.5,-100,100,20,3,0,1000,15,-40,0,0,1000,TRUE,1000,1000,1000,1.5,1000,1,5
2861,l,TRUE,0.05,09:16,15:10,15:15,15,0,1.5,-100,100,20,3,0,1000,15,-40,-1,0,1000,TRUE,1000,1000,1000,1.5,1000,1,5
2862,l,TRUE,0.05,09:16,15:10,15:15,15,0,1.5,-100,100,20,3,0,1000,15,-40,-2,0,1000,TRUE,1000,1000,1000,1.5,1000,1,5
2863,l,TRUE,0.05,09:16,15:10,15:15,15,0,1.5,-100,100,20,3,0,1000,15,-40,-3,0,1000,TRUE,1000,1000,1000,1.5,1000,1,5
2864,l,TRUE,0.05,09:16,15:10,15:15,15,0,1.5,-100,100,20,3,0,1000,15,-40,-4,0,1000,TRUE,1000,1000,1000,1.5,1000,1,5
2865,l,TRUE,0.05,09:16,15:10,15:15,15,0,1.5,-100,100,20,3,0,1000,15,-40,-5,0,1000,TRUE,1000,1000,1000,1.5,1000,1,5
2866,l,TRUE,0.05,09:16,15:10,15:15,15,0,1.5,-100,100,20,3,0,1000,15,-40,-6,0,1000,TRUE,1000,1000,1000,1.5,1000,1,5
2867,l,TRUE,0.05,09:16,15:10,15:15,15,0,1.5,-100,100,20,3,0,1000,15,-40,-7,0,1000,TRUE,1000,1000,1000,1.5,1000,1,5
2868,l,TRUE,0.05,09:16,15:10,15:15,15,0,1.5,-100,100,20,3,0,1000,15,-40,-8,0,1000,TRUE,1000,1000,1000,1.5,1000,1,5
2869,l,TRUE,0.05,09:16,15:10,15:15,15,0,1.5,-100,100,20,3,0,1000,15,-40,-9,0,1000,TRUE,1000,1000,1000,1.5,1000,1,5
2870,l,TRUE,0.05,09:16,15:10,15:15,15,0,1.5,-100,100,20,3,0,1000,15,-40,-10,0,1000,TRUE,1000,1000,1000,1.5,1000,1,5
2871,l,TRUE,0.05,09:16,15:10,15:15,15,0,1.5,-100,100,20,3,0,1000,15,-40,-15,0,1000,TRUE,1000,1000,1000,1.5,1000,1,5
2872,l,TRUE,0.05,09:16,15:10,15:15,15,0,1.5,-100,100,20,3,0,1000,15,-40,-20,0,1000,TRUE,1000,1000,1000,1.5,1000,1,5
2873,l,TRUE,0.05,09:16,15:10,15:15,15,0,1.5,-100,100,20,3,0,1000,20,-40,0,0,1000,TRUE,1000,1000,1000,1.5,1000,1,5
2874,l,TRUE,0.05,09:16,15:10,15:15,15,0,1.5,-100,100,20,3,0,1000,20,-40,-1,0,1000,TRUE,1000,1000,1000,1.5,1000,1,5
2875,l,TRUE,0.05,09:16,15:10,15:15,15,0,1.5,-100,100,20,3,0,1000,20,-40,-2,0,1000,TRUE,1000,1000,1000,1.5,1000,1,5
2876,l,TRUE,0.05,09:16,15:10,15:15,15,0,1.5,-100,100,20,3,0,1000,20,-40,-3,0,1000,TRUE,1000,1000,1000,1.5,1000,1,5
2877,l,TRUE,0.05,09:16,15:10,15:15,15,0,1.5,-100,100,20,3,0,1000,20,-40,-4,0,1000,TRUE,1000,1000,1000,1.5,1000,1,5
2878,l,TRUE,0.05,09:16,15:10,15:15,15,0,1.5,-100,100,20,3,0,1000,20,-40,-5,0,1000,TRUE,1000,1000,1000,1.5,1000,1,5
2879,l,TRUE,0.05,09:16,15:10,15:15,15,0,1.5,-100,100,20,3,0,1000,20,-40,-6,0,1000,TRUE,1000,1000,1000,1.5,1000,1,5
2880,l,TRUE,0.05,09:16,15:10,15:15,15,0,1.5,-100,100,20,3,0,1000,20,-40,-7,0,1000,TRUE,1000,1000,1000,1.5,1000,1,5
2881,l,TRUE,0.05,09:16,15:10,15:15,15,0,1.5,-100,100,20,3,0,1000,20,-40,-8,0,1000,TRUE,1000,1000,1000,1.5,1000,1,5
2882,l,TRUE,0.05,09:16,15:10,15:15,15,0,1.5,-100,100,20,3,0,1000,20,-40,-9,0,1000,TRUE,1000,1000,1000,1.5,1000,1,5
2883,l,TRUE,0.05,09:16,15:10,15:15,15,0,1.5,-100,100,20,3,0,1000,20,-40,-10,0,1000,TRUE,1000,1000,1000,1.5,1000,1,5
2884,l,TRUE,0.05,09:16,15:10,15:15,15,0,1.5,-100,100,20,3,0,1000,20,-40,-15,0,1000,TRUE,1000,1000,1000,1.5,1000,1,5
2885,l,TRUE,0.05,09:16,15:10,15:15,15,0,1.5,-100,100,20,3,0,1000,20,-40,-20,0,1000,TRUE,1000,1000,1000,1.5,1000,1,5
2886,l,TRUE,0.05,09:16,15:10,15:15,15,0,1.5,-100,100,20,3,0,1000,30,-40,0,0,1000,TRUE,1000,1000,1000,1.5,1000,1,5
2887,l,TRUE,0.05,09:16,15:10,15:15,15,0,1.5,-100,100,20,3,0,1000,30,-40,-1,0,1000,TRUE,1000,1000,1000,1.5,1000,1,5
2888,l,TRUE,0.05,09:16,15:10,15:15,15,0,1.5,-100,100,20,3,0,1000,30,-40,-2,0,1000,TRUE,1000,1000,1000,1.5,1000,1,5
2889,l,TRUE,0.05,09:16,15:10,15:15,15,0,1.5,-100,100,20,3,0,1000,30,-40,-3,0,1000,TRUE,1000,1000,1000,1.5,1000,1,5
2890,l,TRUE,0.05,09:16,15:10,15:15,15,0,1.5,-100,100,20,3,0,1000,30,-40,-4,0,1000,TRUE,1000,1000,1000,1.5,1000,1,5
2891,l,TRUE,0.05,09:16,15:10,15:15,15,0,1.5,-100,100,20,3,0,1000,30,-40,-5,0,1000,TRUE,1000,1000,1000,1.5,1000,1,5
2892,l,TRUE,0.05,09:16,15:10,15:15,15,0,1.5,-100,100,20,3,0,1000,30,-40,-6,0,1000,TRUE,1000,1000,1000,1.5,1000,1,5
2893,l,TRUE,0.05,09:16,15:10,15:15,15,0,1.5,-100,100,20,3,0,1000,30,-40,-7,0,1000,TRUE,1000,1000,1000,1.5,1000,1,5
2894,l,TRUE,0.05,09:16,15:10,15:15,15,0,1.5,-100,100,20,3,0,1000,30,-40,-8,0,1000,TRUE,1000,1000,1000,1.5,1000,1,5
2895,l,TRUE,0.05,09:16,15:10,15:15,15,0,1.5,-100,100,20,3,0,1000,30,-40,-9,0,1000,TRUE,1000,1000,1000,1.5,1000,1,5
2896,l,TRUE,0.05,09:16,15:10,15:15,15,0,1.5,-100,100,20,3,0,1000,30,-40,-10,0,1000,TRUE,1000,1000,1000,1.5,1000,1,5
2897,l,TRUE,0.05,09:16,15:10,15:15,15,0,1.5,-100,100,20,3,0,1000,30,-40,-15,0,1000,TRUE,1000,1000,1000,1.5,1000,1,5
2898,l,TRUE,0.05,09:16,15:10,15:15,15,0,1.5,-100,100,20,3,0,1000,30,-40,-20,0,1000,TRUE,1000,1000,1000,1.5,1000,1,5
2899,l,TRUE,0.05,09:16,15:10,15:15,15,0,1.5,-100,100,30,2,0,1000,15,-40,0,0,1000,TRUE,1000,1000,1000,1.5,1000,1,5
2900,l,TRUE,0.05,09:16,15:10,15:15,15,0,1.5,-100,100,30,2,0,1000,15,-40,-1,0,1000,TRUE,1000,1000,1000,1.5,1000,1,5
2901,l,TRUE,0.05,09:16,15:10,15:15,15,0,1.5,-100,100,30,2,0,1000,15,-40,-2,0,1000,TRUE,1000,1000,1000,1.5,1000,1,5
2902,l,TRUE,0.05,09:16,15:10,15:15,15,0,1.5,-100,100,30,2,0,1000,15,-40,-3,0,1000,TRUE,1000,1000,1000,1.5,1000,1,5
2903,l,TRUE,0.05,09:16,15:10,15:15,15,0,1.5,-100,100,30,2,0,1000,15,-40,-4,0,1000,TRUE,1000,1000,1000,1.5,1000,1,5
2904,l,TRUE,0.05,09:16,15:10,15:15,15,0,1.5,-100,100,30,2,0,1000,15,-40,-5,0,1000,TRUE,1000,1000,1000,1.5,1000,1,5
2905,l,TRUE,0.05,09:16,15:10,15:15,15,0,1.5,-100,100,30,2,0,1000,15,-40,-6,0,1000,TRUE,1000,1000,1000,1.5,1000,1,5
2906,l,TRUE,0.05,09:16,15:10,15:15,15,0,1.5,-100,100,30,2,0,1000,15,-40,-7,0,1000,TRUE,1000,1000,1000,1.5,1000,1,5
2907,l,TRUE,0.05,09:16,15:10,15:15,15,0,1.5,-100,100,30,2,0,1000,15,-40,-8,0,1000,TRUE,1000,1000,1000,1.5,1000,1,5
2908,l,TRUE,0.05,09:16,15:10,15:15,15,0,1.5,-100,100,30,2,0,1000,15,-40,-9,0,1000,TRUE,1000,1000,1000,1.5,1000,1,5
2909,l,TRUE,0.05,09:16,15:10,15:15,15,0,1.5,-100,100,30,2,0,1000,15,-40,-10,0,1000,TRUE,1000,1000,1000,1.5,1000,1,5
2910,l,TRUE,0.05,09:16,15:10,15:15,15,0,1.5,-100,100,30,2,0,1000,15,-40,-15,0,1000,TRUE,1000,1000,1000,1.5,1000,1,5
2911,l,TRUE,0.05,09:16,15:10,15:15,15,0,1.5,-100,100,30,2,0,1000,15,-40,-20,0,1000,TRUE,1000,1000,1000,1.5,1000,1,5
2912,l,TRUE,0.05,09:16,15:10,15:15,15,0,1.5,-100,100,30,2,0,1000,20,-40,0,0,1000,TRUE,1000,1000,1000,1.5,1000,1,5
2913,l,TRUE,0.05,09:16,15:10,15:15,15,0,1.5,-100,100,30,2,0,1000,20,-40,-1,0,1000,TRUE,1000,1000,1000,1.5,1000,1,5
2914,l,TRUE,0.05,09:16,15:10,15:15,15,0,1.5,-100,100,30,2,0,1000,20,-40,-2,0,1000,TRUE,1000,1000,1000,1.5,1000,1,5
2915,l,TRUE,0.05,09:16,15:10,15:15,15,0,1.5,-100,100,30,2,0,1000,20,-40,-3,0,1000,TRUE,1000,1000,1000,1.5,1000,1,5
2916,l,TRUE,0.05,09:16,15:10,15:15,15,0,1.5,-100,100,30,2,0,1000,20,-40,-4,0,1000,TRUE,1000,1000,1000,1.5,1000,1,5
2917,l,TRUE,0.05,09:16,15:10,15:15,15,0,1.5,-100,100,30,2,0,1000,20,-40,-5,0,1000,TRUE,1000,1000,1000,1.5,1000,1,5
2918,l,TRUE,0.05,09:16,15:10,15:15,15,0,1.5,-100,100,30,2,0,1000,20,-40,-6,0,1000,TRUE,1000,1000,1000,1.5,1000,1,5
2919,l,TRUE,0.05,09:16,15:10,15:15,15,0,1.5,-100,100,30,2,0,1000,20,-40,-7,0,1000,TRUE,1000,1000,1000,1.5,1000,1,5
2920,l,TRUE,0.05,09:16,15:10,15:15,15,0,1.5,-100,100,30,2,0,1000,20,-40,-8,0,1000,TRUE,1000,1000,1000,1.5,1000,1,5
2921,l,TRUE,0.05,09:16,15:10,15:15,15,0,1.5,-100,100,30,2,0,1000,20,-40,-9,0,1000,TRUE,1000,1000,1000,1.5,1000,1,5
2922,l,TRUE,0.05,09:16,15:10,15:15,15,0,1.5,-100,100,30,2,0,1000,20,-40,-10,0,1000,TRUE,1000,1000,1000,1.5,1000,1,5
2923,l,TRUE,0.05,09:16,15:10,15:15,15,0,1.5,-100,100,30,2,0,1000,20,-40,-15,0,1000,TRUE,1000,1000,1000,1.5,1000,1,5
2924,l,TRUE,0.05,09:16,15:10,15:15,15,0,1.5,-100,100,30,2,0,1000,20,-40,-20,0,1000,TRUE,1000,1000,1000,1.5,1000,1,5
2925,l,TRUE,0.05,09:16,15:10,15:15,15,0,1.5,-100,100,30,2,0,1000,30,-40,0,0,1000,TRUE,1000,1000,1000,1.5,1000,1,5
2926,l,TRUE,0.05,09:16,15:10,15:15,15,0,1.5,-100,100,30,2,0,1000,30,-40,-1,0,1000,TRUE,1000,1000,1000,1.5,1000,1,5
2927,l,TRUE,0.05,09:16,15:10,15:15,15,0,1.5,-100,100,30,2,0,1000,30,-40,-2,0,1000,TRUE,1000,1000,1000,1.5,1000,1,5
2928,l,TRUE,0.05,09:16,15:10,15:15,15,0,1.5,-100,100,30,2,0,1000,30,-40,-3,0,1000,TRUE,1000,1000,1000,1.5,1000,1,5
2929,l,TRUE,0.05,09:16,15:10,15:15,15,0,1.5,-100,100,30,2,0,1000,30,-40,-4,0,1000,TRUE,1000,1000,1000,1.5,1000,1,5
2930,l,TRUE,0.05,09:16,15:10,15:15,15,0,1.5,-100,100,30,2,0,1000,30,-40,-5,0,1000,TRUE,1000,1000,1000,1.5,1000,1,5
2931,l,TRUE,0.05,09:16,15:10,15:15,15,0,1.5,-100,100,30,2,0,1000,30,-40,-6,0,1000,TRUE,1000,1000,1000,1.5,1000,1,5
2932,l,TRUE,0.05,09:16,15:10,15:15,15,0,1.5,-100,100,30,2,0,1000,30,-40,-7,0,1000,TRUE,1000,1000,1000,1.5,1000,1,5
2933,l,TRUE,0.05,09:16,15:10,15:15,15,0,1.5,-100,100,30,2,0,1000,30,-40,-8,0,1000,TRUE,1000,1000,1000,1.5,1000,1,5
2934,l,TRUE,0.05,09:16,15:10,15:15,15,0,1.5,-100,100,30,2,0,1000,30,-40,-9,0,1000,TRUE,1000,1000,1000,1.5,1000,1,5
2935,l,TRUE,0.05,09:16,15:10,15:15,15,0,1.5,-100,100,30,2,0,1000,30,-40,-10,0,1000,TRUE,1000,1000,1000,1.5,1000,1,5
2936,l,TRUE,0.05,09:16,15:10,15:15,15,0,1.5,-100,100,30,2,0,1000,30,-40,-15,0,1000,TRUE,1000,1000,1000,1.5,1000,1,5
2937,l,TRUE,0.05,09:16,15:10,15:15,15,0,1.5,-100,100,30,2,0,1000,30,-40,-20,0,1000,TRUE,1000,1000,1000,1.5,1000,1,5
2938,l,TRUE,0.05,09:16,15:10,15:15,15,0,1.5,-100,100,30,3,0,1000,15,-40,0,0,1000,TRUE,1000,1000,1000,1.5,1000,1,5
2939,l,TRUE,0.05,09:16,15:10,15:15,15,0,1.5,-100,100,30,3,0,1000,15,-40,-1,0,1000,TRUE,1000,1000,1000,1.5,1000,1,5
2940,l,TRUE,0.05,09:16,15:10,15:15,15,0,1.5,-100,100,30,3,0,1000,15,-40,-2,0,1000,TRUE,1000,1000,1000,1.5,1000,1,5
2941,l,TRUE,0.05,09:16,15:10,15:15,15,0,1.5,-100,100,30,3,0,1000,15,-40,-3,0,1000,TRUE,1000,1000,1000,1.5,1000,1,5
2942,l,TRUE,0.05,09:16,15:10,15:15,15,0,1.5,-100,100,30,3,0,1000,15,-40,-4,0,1000,TRUE,1000,1000,1000,1.5,1000,1,5
2943,l,TRUE,0.05,09:16,15:10,15:15,15,0,1.5,-100,100,30,3,0,1000,15,-40,-5,0,1000,TRUE,1000,1000,1000,1.5,1000,1,5
2944,l,TRUE,0.05,09:16,15:10,15:15,15,0,1.5,-100,100,30,3,0,1000,15,-40,-6,0,1000,TRUE,1000,1000,1000,1.5,1000,1,5
2945,l,TRUE,0.05,09:16,15:10,15:15,15,0,1.5,-100,100,30,3,0,1000,15,-40,-7,0,1000,TRUE,1000,1000,1000,1.5,1000,1,5
2946,l,TRUE,0.05,09:16,15:10,15:15,15,0,1.5,-100,100,30,3,0,1000,15,-40,-8,0,1000,TRUE,1000,1000,1000,1.5,1000,1,5
2947,l,TRUE,0.05,09:16,15:10,15:15,15,0,1.5,-100,100,30,3,0,1000,15,-40,-9,0,1000,TRUE,1000,1000,1000,1.5,1000,1,5
2948,l,TRUE,0.05,09:16,15:10,15:15,15,0,1.5,-100,100,30,3,0,1000,15,-40,-10,0,1000,TRUE,1000,1000,1000,1.5,1000,1,5
2949,l,TRUE,0.05,09:16,15:10,15:15,15,0,1.5,-100,100,30,3,0,1000,15,-40,-15,0,1000,TRUE,1000,1000,1000,1.5,1000,1,5
2950,l,TRUE,0.05,09:16,15:10,15:15,15,0,1.5,-100,100,30,3,0,1000,15,-40,-20,0,1000,TRUE,1000,1000,1000,1.5,1000,1,5
2951,l,TRUE,0.05,09:16,15:10,15:15,15,0,1.5,-100,100,30,3,0,1000,20,-40,0,0,1000,TRUE,1000,1000,1000,1.5,1000,1,5
2952,l,TRUE,0.05,09:16,15:10,15:15,15,0,1.5,-100,100,30,3,0,1000,20,-40,-1,0,1000,TRUE,1000,1000,1000,1.5,1000,1,5
2953,l,TRUE,0.05,09:16,15:10,15:15,15,0,1.5,-100,100,30,3,0,1000,20,-40,-2,0,1000,TRUE,1000,1000,1000,1.5,1000,1,5
2954,l,TRUE,0.05,09:16,15:10,15:15,15,0,1.5,-100,100,30,3,0,1000,20,-40,-3,0,1000,TRUE,1000,1000,1000,1.5,1000,1,5
2955,l,TRUE,0.05,09:16,15:10,15:15,15,0,1.5,-100,100,30,3,0,1000,20,-40,-4,0,1000,TRUE,1000,1000,1000,1.5,1000,1,5
2956,l,TRUE,0.05,09:16,15:10,15:15,15,0,1.5,-100,100,30,3,0,1000,20,-40,-5,0,1000,TRUE,1000,1000,1000,1.5,1000,1,5
2957,l,TRUE,0.05,09:16,15:10,15:15,15,0,1.5,-100,100,30,3,0,1000,20,-40,-6,0,1000,TRUE,1000,1000,1000,1.5,1000,1,5
2958,l,TRUE,0.05,09:16,15:10,15:15,15,0,1.5,-100,100,30,3,0,1000,20,-40,-7,0,1000,TRUE,1000,1000,1000,1.5,1000,1,5
2959,l,TRUE,0.05,09:16,15:10,15:15,15,0,1.5,-100,100,30,3,0,1000,20,-40,-8,0,1000,TRUE,1000,1000,1000,1.5,1000,1,5
2960,l,TRUE,0.05,09:16,15:10,15:15,15,0,1.5,-100,100,30,3,0,1000,20,-40,-9,0,1000,TRUE,1000,1000,1000,1.5,1000,1,5
2961,l,TRUE,0.05,09:16,15:10,15:15,15,0,1.5,-100,100,30,3,0,1000,20,-40,-10,0,1000,TRUE,1000,1000,1000,1.5,1000,1,5
2962,l,TRUE,0.05,09:16,15:10,15:15,15,0,1.5,-100,100,30,3,0,1000,20,-40,-15,0,1000,TRUE,1000,1000,1000,1.5,1000,1,5
2963,l,TRUE,0.05,09:16,15:10,15:15,15,0,1.5,-100,100,30,3,0,1000,20,-40,-20,0,1000,TRUE,1000,1000,1000,1.5,1000,1,5
2964,l,TRUE,0.05,09:16,15:10,15:15,15,0,1.5,-100,100,30,3,0,1000,30,-40,0,0,1000,TRUE,1000,1000,1000,1.5,1000,1,5
2965,l,TRUE,0.05,09:16,15:10,15:15,15,0,1.5,-100,100,30,3,0,1000,30,-40,-1,0,1000,TRUE,1000,1000,1000,1.5,1000,1,5
2966,l,TRUE,0.05,09:16,15:10,15:15,15,0,1.5,-100,100,30,3,0,1000,30,-40,-2,0,1000,TRUE,1000,1000,1000,1.5,1000,1,5
2967,l,TRUE,0.05,09:16,15:10,15:15,15,0,1.5,-100,100,30,3,0,1000,30,-40,-3,0,1000,TRUE,1000,1000,1000,1.5,1000,1,5
2968,l,TRUE,0.05,09:16,15:10,15:15,15,0,1.5,-100,100,30,3,0,1000,30,-40,-4,0,1000,TRUE,1000,1000,1000,1.5,1000,1,5
2969,l,TRUE,0.05,09:16,15:10,15:15,15,0,1.5,-100,100,30,3,0,1000,30,-40,-5,0,1000,TRUE,1000,1000,1000,1.5,1000,1,5
2970,l,TRUE,0.05,09:16,15:10,15:15,15,0,1.5,-100,100,30,3,0,1000,30,-40,-6,0,1000,TRUE,1000,1000,1000,1.5,1000,1,5
2971,l,TRUE,0.05,09:16,15:10,15:15,15,0,1.5,-100,100,30,3,0,1000,30,-40,-7,0,1000,TRUE,1000,1000,1000,1.5,1000,1,5
2972,l,TRUE,0.05,09:16,15:10,15:15,15,0,1.5,-100,100,30,3,0,1000,30,-40,-8,0,1000,TRUE,1000,1000,1000,1.5,1000,1,5
2973,l,TRUE,0.05,09:16,15:10,15:15,15,0,1.5,-100,100,30,3,0,1000,30,-40,-9,0,1000,TRUE,1000,1000,1000,1.5,1000,1,5
2974,l,TRUE,0.05,09:16,15:10,15:15,15,0,1.5,-100,100,30,3,0,1000,30,-40,-10,0,1000,TRUE,1000,1000,1000,1.5,1000,1,5
2975,l,TRUE,0.05,09:16,15:10,15:15,15,0,1.5,-100,100,30,3,0,1000,30,-40,-15,0,1000,TRUE,1000,1000,1000,1.5,1000,1,5
2976,l,TRUE,0.05,09:16,15:10,15:15,15,0,1.5,-100,100,30,3,0,1000,30,-40,-20,0,1000,TRUE,1000,1000,1000,1.5,1000,1,5
2977,l,TRUE,0.05,09:16,15:10,15:15,15,0,1.5,-100,100,40,2,0,1000,15,-40,0,0,1000,TRUE,1000,1000,1000,1.5,1000,1,5
2978,l,TRUE,0.05,09:16,15:10,15:15,15,0,1.5,-100,100,40,2,0,1000,15,-40,-1,0,1000,TRUE,1000,1000,1000,1.5,1000,1,5
2979,l,TRUE,0.05,09:16,15:10,15:15,15,0,1.5,-100,100,40,2,0,1000,15,-40,-2,0,1000,TRUE,1000,1000,1000,1.5,1000,1,5
2980,l,TRUE,0.05,09:16,15:10,15:15,15,0,1.5,-100,100,40,2,0,1000,15,-40,-3,0,1000,TRUE,1000,1000,1000,1.5,1000,1,5
2981,l,TRUE,0.05,09:16,15:10,15:15,15,0,1.5,-100,100,40,2,0,1000,15,-40,-4,0,1000,TRUE,1000,1000,1000,1.5,1000,1,5
2982,l,TRUE,0.05,09:16,15:10,15:15,15,0,1.5,-100,100,40,2,0,1000,15,-40,-5,0,1000,TRUE,1000,1000,1000,1.5,1000,1,5
2983,l,TRUE,0.05,09:16,15:10,15:15,15,0,1.5,-100,100,40,2,0,1000,15,-40,-6,0,1000,TRUE,1000,1000,1000,1.5,1000,1,5
2984,l,TRUE,0.05,09:16,15:10,15:15,15,0,1.5,-100,100,40,2,0,1000,15,-40,-7,0,1000,TRUE,1000,1000,1000,1.5,1000,1,5
2985,l,TRUE,0.05,09:16,15:10,15:15,15,0,1.5,-100,100,40,2,0,1000,15,-40,-8,0,1000,TRUE,1000,1000,1000,1.5,1000,1,5
2986,l,TRUE,0.05,09:16,15:10,15:15,15,0,1.5,-100,100,40,2,0,1000,15,-40,-9,0,1000,TRUE,1000,1000,1000,1.5,1000,1,5
2987,l,TRUE,0.05,09:16,15:10,15:15,15,0,1.5,-100,100,40,2,0,1000,15,-40,-10,0,1000,TRUE,1000,1000,1000,1.5,1000,1,5
2988,l,TRUE,0.05,09:16,15:10,15:15,15,0,1.5,-100,100,40,2,0,1000,15,-40,-15,0,1000,TRUE,1000,1000,1000,1.5,1000,1,5
2989,l,TRUE,0.05,09:16,15:10,15:15,15,0,1.5,-100,100,40,2,0,1000,15,-40,-20,0,1000,TRUE,1000,1000,1000,1.5,1000,1,5
2990,l,TRUE,0.05,09:16,15:10,15:15,15,0,1.5,-100,100,40,2,0,1000,20,-40,0,0,1000,TRUE,1000,1000,1000,1.5,1000,1,5
2991,l,TRUE,0.05,09:16,15:10,15:15,15,0,1.5,-100,100,40,2,0,1000,20,-40,-1,0,1000,TRUE,1000,1000,1000,1.5,1000,1,5
2992,l,TRUE,0.05,09:16,15:10,15:15,15,0,1.5,-100,100,40,2,0,1000,20,-40,-2,0,1000,TRUE,1000,1000,1000,1.5,1000,1,5
2993,l,TRUE,0.05,09:16,15:10,15:15,15,0,1.5,-100,100,40,2,0,1000,20,-40,-3,0,1000,TRUE,1000,1000,1000,1.5,1000,1,5
2994,l,TRUE,0.05,09:16,15:10,15:15,15,0,1.5,-100,100,40,2,0,1000,20,-40,-4,0,1000,TRUE,1000,1000,1000,1.5,1000,1,5
2995,l,TRUE,0.05,09:16,15:10,15:15,15,0,1.5,-100,100,40,2,0,1000,20,-40,-5,0,1000,TRUE,1000,1000,1000,1.5,1000,1,5
2996,l,TRUE,0.05,09:16,15:10,15:15,15,0,1.5,-100,100,40,2,0,1000,20,-40,-6,0,1000,TRUE,1000,1000,1000,1.5,1000,1,5
2997,l,TRUE,0.05,09:16,15:10,15:15,15,0,1.5,-100,100,40,2,0,1000,20,-40,-7,0,1000,TRUE,1000,1000,1000,1.5,1000,1,5
2998,l,TRUE,0.05,09:16,15:10,15:15,15,0,1.5,-100,100,40,2,0,1000,20,-40,-8,0,1000,TRUE,1000,1000,1000,1.5,1000,1,5
2999,l,TRUE,0.05,09:16,15:10,15:15,15,0,1.5,-100,100,40,2,0,1000,20,-40,-9,0,1000,TRUE,1000,1000,1000,1.5,1000,1,5
3000,l,TRUE,0.05,09:16,15:10,15:15,15,0,1.5,-100,100,40,2,0,1000,20,-40,-10,0,1000,TRUE,1000,1000,1000,1.5,1000,1,5
3001,l,TRUE,0.05,09:16,15:10,15:15,15,0,1.5,-100,100,40,2,0,1000,20,-40,-15,0,1000,TRUE,1000,1000,1000,1.5,1000,1,5
3002,l,TRUE,0.05,09:16,15:10,15:15,15,0,1.5,-100,100,40,2,0,1000,20,-40,-20,0,1000,TRUE,1000,1000,1000,1.5,1000,1,5
3003,l,TRUE,0.05,09:16,15:10,15:15,15,0,1.5,-100,100,40,2,0,1000,30,-40,0,0,1000,TRUE,1000,1000,1000,1.5,1000,1,5
3004,l,TRUE,0.05,09:16,15:10,15:15,15,0,1.5,-100,100,40,2,0,1000,30,-40,-1,0,1000,TRUE,1000,1000,1000,1.5,1000,1,5
3005,l,TRUE,0.05,09:16,15:10,15:15,15,0,1.5,-100,100,40,2,0,1000,30,-40,-2,0,1000,TRUE,1000,1000,1000,1.5,1000,1,5
3006,l,TRUE,0.05,09:16,15:10,15:15,15,0,1.5,-100,100,40,2,0,1000,30,-40,-3,0,1000,TRUE,1000,1000,1000,1.5,1000,1,5
3007,l,TRUE,0.05,09:16,15:10,15:15,15,0,1.5,-100,100,40,2,0,1000,30,-40,-4,0,1000,TRUE,1000,1000,1000,1.5,1000,1,5
3008,l,TRUE,0.05,09:16,15:10,15:15,15,0,1.5,-100,100,40,2,0,1000,30,-40,-5,0,1000,TRUE,1000,1000,1000,1.5,1000,1,5
3009,l,TRUE,0.05,09:16,15:10,15:15,15,0,1.5,-100,100,40,2,0,1000,30,-40,-6,0,1000,TRUE,1000,1000,1000,1.5,1000,1,5
3010,l,TRUE,0.05,09:16,15:10,15:15,15,0,1.5,-100,100,40,2,0,1000,30,-40,-7,0,1000,TRUE,1000,1000,1000,1.5,1000,1,5
3011,l,TRUE,0.05,09:16,15:10,15:15,15,0,1.5,-100,100,40,2,0,1000,30,-40,-8,0,1000,TRUE,1000,1000,1000,1.5,1000,1,5
3012,l,TRUE,0.05,09:16,15:10,15:15,15,0,1.5,-100,100,40,2,0,1000,30,-40,-9,0,1000,TRUE,1000,1000,1000,1.5,1000,1,5
3013,l,TRUE,0.05,09:16,15:10,15:15,15,0,1.5,-100,100,40,2,0,1000,30,-40,-10,0,1000,TRUE,1000,1000,1000,1.5,1000,1,5
3014,l,TRUE,0.05,09:16,15:10,15:15,15,0,1.5,-100,100,40,2,0,1000,30,-40,-15,0,1000,TRUE,1000,1000,1000,1.5,1000,1,5
3015,l,TRUE,0.05,09:16,15:10,15:15,15,0,1.5,-100,100,40,2,0,1000,30,-40,-20,0,1000,TRUE,1000,1000,1000,1.5,1000,1,5
3016,l,TRUE,0.05,09:16,15:10,15:15,15,0,1.5,-100,100,40,3,0,1000,15,-40,0,0,1000,TRUE,1000,1000,1000,1.5,1000,1,5
3017,l,TRUE,0.05,09:16,15:10,15:15,15,0,1.5,-100,100,40,3,0,1000,15,-40,-1,0,1000,TRUE,1000,1000,1000,1.5,1000,1,5
3018,l,TRUE,0.05,09:16,15:10,15:15,15,0,1.5,-100,100,40,3,0,1000,15,-40,-2,0,1000,TRUE,1000,1000,1000,1.5,1000,1,5
3019,l,TRUE,0.05,09:16,15:10,15:15,15,0,1.5,-100,100,40,3,0,1000,15,-40,-3,0,1000,TRUE,1000,1000,1000,1.5,1000,1,5
3020,l,TRUE,0.05,09:16,15:10,15:15,15,0,1.5,-100,100,40,3,0,1000,15,-40,-4,0,1000,TRUE,1000,1000,1000,1.5,1000,1,5
3021,l,TRUE,0.05,09:16,15:10,15:15,15,0,1.5,-100,100,40,3,0,1000,15,-40,-5,0,1000,TRUE,1000,1000,1000,1.5,1000,1,5
3022,l,TRUE,0.05,09:16,15:10,15:15,15,0,1.5,-100,100,40,3,0,1000,15,-40,-6,0,1000,TRUE,1000,1000,1000,1.5,1000,1,5
3023,l,TRUE,0.05,09:16,15:10,15:15,15,0,1.5,-100,100,40,3,0,1000,15,-40,-7,0,1000,TRUE,1000,1000,1000,1.5,1000,1,5
3024,l,TRUE,0.05,09:16,15:10,15:15,15,0,1.5,-100,100,40,3,0,1000,15,-40,-8,0,1000,TRUE,1000,1000,1000,1.5,1000,1,5
3025,l,TRUE,0.05,09:16,15:10,15:15,15,0,1.5,-100,100,40,3,0,1000,15,-40,-9,0,1000,TRUE,1000,1000,1000,1.5,1000,1,5
3026,l,TRUE,0.05,09:16,15:10,15:15,15,0,1.5,-100,100,40,3,0,1000,15,-40,-10,0,1000,TRUE,1000,1000,1000,1.5,1000,1,5
3027,l,TRUE,0.05,09:16,15:10,15:15,15,0,1.5,-100,100,40,3,0,1000,15,-40,-15,0,1000,TRUE,1000,1000,1000,1.5,1000,1,5
3028,l,TRUE,0.05,09:16,15:10,15:15,15,0,1.5,-100,100,40,3,0,1000,15,-40,-20,0,1000,TRUE,1000,1000,1000,1.5,1000,1,5
3029,l,TRUE,0.05,09:16,15:10,15:15,15,0,1.5,-100,100,40,3,0,1000,20,-40,0,0,1000,TRUE,1000,1000,1000,1.5,1000,1,5
3030,l,TRUE,0.05,09:16,15:10,15:15,15,0,1.5,-100,100,40,3,0,1000,20,-40,-1,0,1000,TRUE,1000,1000,1000,1.5,1000,1,5
3031,l,TRUE,0.05,09:16,15:10,15:15,15,0,1.5,-100,100,40,3,0,1000,20,-40,-2,0,1000,TRUE,1000,1000,1000,1.5,1000,1,5
3032,l,TRUE,0.05,09:16,15:10,15:15,15,0,1.5,-100,100,40,3,0,1000,20,-40,-3,0,1000,TRUE,1000,1000,1000,1.5,1000,1,5
3033,l,TRUE,0.05,09:16,15:10,15:15,15,0,1.5,-100,100,40,3,0,1000,20,-40,-4,0,1000,TRUE,1000,1000,1000,1.5,1000,1,5
3034,l,TRUE,0.05,09:16,15:10,15:15,15,0,1.5,-100,100,40,3,0,1000,20,-40,-5,0,1000,TRUE,1000,1000,1000,1.5,1000,1,5
3035,l,TRUE,0.05,09:16,15:10,15:15,15,0,1.5,-100,100,40,3,0,1000,20,-40,-6,0,1000,TRUE,1000,1000,1000,1.5,1000,1,5
3036,l,TRUE,0.05,09:16,15:10,15:15,15,0,1.5,-100,100,40,3,0,1000,20,-40,-7,0,1000,TRUE,1000,1000,1000,1.5,1000,1,5
3037,l,TRUE,0.05,09:16,15:10,15:15,15,0,1.5,-100,100,40,3,0,1000,20,-40,-8,0,1000,TRUE,1000,1000,1000,1.5,1000,1,5
3038,l,TRUE,0.05,09:16,15:10,15:15,15,0,1.5,-100,100,40,3,0,1000,20,-40,-9,0,1000,TRUE,1000,1000,1000,1.5,1000,1,5
3039,l,TRUE,0.05,09:16,15:10,15:15,15,0,1.5,-100,100,40,3,0,1000,20,-40,-10,0,1000,TRUE,1000,1000,1000,1.5,1000,1,5
3040,l,TRUE,0.05,09:16,15:10,15:15,15,0,1.5,-100,100,40,3,0,1000,20,-40,-15,0,1000,TRUE,1000,1000,1000,1.5,1000,1,5
3041,l,TRUE,0.05,09:16,15:10,15:15,15,0,1.5,-100,100,40,3,0,1000,20,-40,-20,0,1000,TRUE,1000,1000,1000,1.5,1000,1,5
3042,l,TRUE,0.05,09:16,15:10,15:15,15,0,1.5,-100,100,40,3,0,1000,30,-40,0,0,1000,TRUE,1000,1000,1000,1.5,1000,1,5
3043,l,TRUE,0.05,09:16,15:10,15:15,15,0,1.5,-100,100,40,3,0,1000,30,-40,-1,0,1000,TRUE,1000,1000,1000,1.5,1000,1,5
3044,l,TRUE,0.05,09:16,15:10,15:15,15,0,1.5,-100,100,40,3,0,1000,30,-40,-2,0,1000,TRUE,1000,1000,1000,1.5,1000,1,5
3045,l,TRUE,0.05,09:16,15:10,15:15,15,0,1.5,-100,100,40,3,0,1000,30,-40,-3,0,1000,TRUE,1000,1000,1000,1.5,1000,1,5
3046,l,TRUE,0.05,09:16,15:10,15:15,15,0,1.5,-100,100,40,3,0,1000,30,-40,-4,0,1000,TRUE,1000,1000,1000,1.5,1000,1,5
3047,l,TRUE,0.05,09:16,15:10,15:15,15,0,1.5,-100,100,40,3,0,1000,30,-40,-5,0,1000,TRUE,1000,1000,1000,1.5,1000,1,5
3048,l,TRUE,0.05,09:16,15:10,15:15,15,0,1.5,-100,100,40,3,0,1000,30,-40,-6,0,1000,TRUE,1000,1000,1000,1.5,1000,1,5
3049,l,TRUE,0.05,09:16,15:10,15:15,15,0,1.5,-100,100,40,3,0,1000,30,-40,-7,0,1000,TRUE,1000,1000,1000,1.5,1000,1,5
3050,l,TRUE,0.05,09:16,15:10,15:15,15,0,1.5,-100,100,40,3,0,1000,30,-40,-8,0,1000,TRUE,1000,1000,1000,1.5,1000,1,5
3051,l,TRUE,0.05,09:16,15:10,15:15,15,0,1.5,-100,100,40,3,0,1000,30,-40,-9,0,1000,TRUE,1000,1000,1000,1.5,1000,1,5
3052,l,TRUE,0.05,09:16,15:10,15:15,15,0,1.5,-100,100,40,3,0,1000,30,-40,-10,0,1000,TRUE,1000,1000,1000,1.5,1000,1,5
3053,l,TRUE,0.05,09:16,15:10,15:15,15,0,1.5,-100,100,40,3,0,1000,30,-40,-15,0,1000,TRUE,1000,1000,1000,1.5,1000,1,5
3054,l,TRUE,0.05,09:16,15:10,15:15,15,0,1.5,-100,100,40,3,0,1000,30,-40,-20,0,1000,TRUE,1000,1000,1000,1.5,1000,1,5
3055,l,TRUE,0.05,09:16,15:10,15:15,15,0,1.5,-100,100,50,2,0,1000,15,-40,0,0,1000,TRUE,1000,1000,1000,1.5,1000,1,5
3056,l,TRUE,0.05,09:16,15:10,15:15,15,0,1.5,-100,100,50,2,0,1000,15,-40,-1,0,1000,TRUE,1000,1000,1000,1.5,1000,1,5
3057,l,TRUE,0.05,09:16,15:10,15:15,15,0,1.5,-100,100,50,2,0,1000,15,-40,-2,0,1000,TRUE,1000,1000,1000,1.5,1000,1,5
3058,l,TRUE,0.05,09:16,15:10,15:15,15,0,1.5,-100,100,50,2,0,1000,15,-40,-3,0,1000,TRUE,1000,1000,1000,1.5,1000,1,5
3059,l,TRUE,0.05,09:16,15:10,15:15,15,0,1.5,-100,100,50,2,0,1000,15,-40,-4,0,1000,TRUE,1000,1000,1000,1.5,1000,1,5
3060,l,TRUE,0.05,09:16,15:10,15:15,15,0,1.5,-100,100,50,2,0,1000,15,-40,-5,0,1000,TRUE,1000,1000,1000,1.5,1000,1,5
3061,l,TRUE,0.05,09:16,15:10,15:15,15,0,1.5,-100,100,50,2,0,1000,15,-40,-6,0,1000,TRUE,1000,1000,1000,1.5,1000,1,5
3062,l,TRUE,0.05,09:16,15:10,15:15,15,0,1.5,-100,100,50,2,0,1000,15,-40,-7,0,1000,TRUE,1000,1000,1000,1.5,1000,1,5
3063,l,TRUE,0.05,09:16,15:10,15:15,15,0,1.5,-100,100,50,2,0,1000,15,-40,-8,0,1000,TRUE,1000,1000,1000,1.5,1000,1,5
3064,l,TRUE,0.05,09:16,15:10,15:15,15,0,1.5,-100,100,50,2,0,1000,15,-40,-9,0,1000,TRUE,1000,1000,1000,1.5,1000,1,5
3065,l,TRUE,0.05,09:16,15:10,15:15,15,0,1.5,-100,100,50,2,0,1000,15,-40,-10,0,1000,TRUE,1000,1000,1000,1.5,1000,1,5
3066,l,TRUE,0.05,09:16,15:10,15:15,15,0,1.5,-100,100,50,2,0,1000,15,-40,-15,0,1000,TRUE,1000,1000,1000,1.5,1000,1,5
3067,l,TRUE,0.05,09:16,15:10,15:15,15,0,1.5,-100,100,50,2,0,1000,15,-40,-20,0,1000,TRUE,1000,1000,1000,1.5,1000,1,5
3068,l,TRUE,0.05,09:16,15:10,15:15,15,0,1.5,-100,100,50,2,0,1000,20,-40,0,0,1000,TRUE,1000,1000,1000,1.5,1000,1,5
3069,l,TRUE,0.05,09:16,15:10,15:15,15,0,1.5,-100,100,50,2,0,1000,20,-40,-1,0,1000,TRUE,1000,1000,1000,1.5,1000,1,5
3070,l,TRUE,0.05,09:16,15:10,15:15,15,0,1.5,-100,100,50,2,0,1000,20,-40,-2,0,1000,TRUE,1000,1000,1000,1.5,1000,1,5
3071,l,TRUE,0.05,09:16,15:10,15:15,15,0,1.5,-100,100,50,2,0,1000,20,-40,-3,0,1000,TRUE,1000,1000,1000,1.5,1000,1,5
3072,l,TRUE,0.05,09:16,15:10,15:15,15,0,1.5,-100,100,50,2,0,1000,20,-40,-4,0,1000,TRUE,1000,1000,1000,1.5,1000,1,5
3073,l,TRUE,0.05,09:16,15:10,15:15,15,0,1.5,-100,100,50,2,0,1000,20,-40,-5,0,1000,TRUE,1000,1000,1000,1.5,1000,1,5
3074,l,TRUE,0.05,09:16,15:10,15:15,15,0,1.5,-100,100,50,2,0,1000,20,-40,-6,0,1000,TRUE,1000,1000,1000,1.5,1000,1,5
3075,l,TRUE,0.05,09:16,15:10,15:15,15,0,1.5,-100,100,50,2,0,1000,20,-40,-7,0,1000,TRUE,1000,1000,1000,1.5,1000,1,5
3076,l,TRUE,0.05,09:16,15:10,15:15,15,0,1.5,-100,100,50,2,0,1000,20,-40,-8,0,1000,TRUE,1000,1000,1000,1.5,1000,1,5
3077,l,TRUE,0.05,09:16,15:10,15:15,15,0,1.5,-100,100,50,2,0,1000,20,-40,-9,0,1000,TRUE,1000,1000,1000,1.5,1000,1,5
3078,l,TRUE,0.05,09:16,15:10,15:15,15,0,1.5,-100,100,50,2,0,1000,20,-40,-10,0,1000,TRUE,1000,1000,1000,1.5,1000,1,5
3079,l,TRUE,0.05,09:16,15:10,15:15,15,0,1.5,-100,100,50,2,0,1000,20,-40,-15,0,1000,TRUE,1000,1000,1000,1.5,1000,1,5
3080,l,TRUE,0.05,09:16,15:10,15:15,15,0,1.5,-100,100,50,2,0,1000,20,-40,-20,0,1000,TRUE,1000,1000,1000,1.5,1000,1,5
3081,l,TRUE,0.05,09:16,15:10,15:15,15,0,1.5,-100,100,50,2,0,1000,30,-40,0,0,1000,TRUE,1000,1000,1000,1.5,1000,1,5
3082,l,TRUE,0.05,09:16,15:10,15:15,15,0,1.5,-100,100,50,2,0,1000,30,-40,-1,0,1000,TRUE,1000,1000,1000,1.5,1000,1,5
3083,l,TRUE,0.05,09:16,15:10,15:15,15,0,1.5,-100,100,50,2,0,1000,30,-40,-2,0,1000,TRUE,1000,1000,1000,1.5,1000,1,5
3084,l,TRUE,0.05,09:16,15:10,15:15,15,0,1.5,-100,100,50,2,0,1000,30,-40,-3,0,1000,TRUE,1000,1000,1000,1.5,1000,1,5
3085,l,TRUE,0.05,09:16,15:10,15:15,15,0,1.5,-100,100,50,2,0,1000,30,-40,-4,0,1000,TRUE,1000,1000,1000,1.5,1000,1,5
3086,l,TRUE,0.05,09:16,15:10,15:15,15,0,1.5,-100,100,50,2,0,1000,30,-40,-5,0,1000,TRUE,1000,1000,1000,1.5,1000,1,5
3087,l,TRUE,0.05,09:16,15:10,15:15,15,0,1.5,-100,100,50,2,0,1000,30,-40,-6,0,1000,TRUE,1000,1000,1000,1.5,1000,1,5
3088,l,TRUE,0.05,09:16,15:10,15:15,15,0,1.5,-100,100,50,2,0,1000,30,-40,-7,0,1000,TRUE,1000,1000,1000,1.5,1000,1,5
3089,l,TRUE,0.05,09:16,15:10,15:15,15,0,1.5,-100,100,50,2,0,1000,30,-40,-8,0,1000,TRUE,1000,1000,1000,1.5,1000,1,5
3090,l,TRUE,0.05,09:16,15:10,15:15,15,0,1.5,-100,100,50,2,0,1000,30,-40,-9,0,1000,TRUE,1000,1000,1000,1.5,1000,1,5
3091,l,TRUE,0.05,09:16,15:10,15:15,15,0,1.5,-100,100,50,2,0,1000,30,-40,-10,0,1000,TRUE,1000,1000,1000,1.5,1000,1,5
3092,l,TRUE,0.05,09:16,15:10,15:15,15,0,1.5,-100,100,50,2,0,1000,30,-40,-15,0,1000,TRUE,1000,1000,1000,1.5,1000,1,5
3093,l,TRUE,0.05,09:16,15:10,15:15,15,0,1.5,-100,100,50,2,0,1000,30,-40,-20,0,1000,TRUE,1000,1000,1000,1.5,1000,1,5
3094,l,TRUE,0.05,09:16,15:10,15:15,15,0,1.5,-100,100,50,3,0,1000,15,-40,0,0,1000,TRUE,1000,1000,1000,1.5,1000,1,5
3095,l,TRUE,0.05,09:16,15:10,15:15,15,0,1.5,-100,100,50,3,0,1000,15,-40,-1,0,1000,TRUE,1000,1000,1000,1.5,1000,1,5
3096,l,TRUE,0.05,09:16,15:10,15:15,15,0,1.5,-100,100,50,3,0,1000,15,-40,-2,0,1000,TRUE,1000,1000,1000,1.5,1000,1,5
3097,l,TRUE,0.05,09:16,15:10,15:15,15,0,1.5,-100,100,50,3,0,1000,15,-40,-3,0,1000,TRUE,1000,1000,1000,1.5,1000,1,5
3098,l,TRUE,0.05,09:16,15:10,15:15,15,0,1.5,-100,100,50,3,0,1000,15,-40,-4,0,1000,TRUE,1000,1000,1000,1.5,1000,1,5
3099,l,TRUE,0.05,09:16,15:10,15:15,15,0,1.5,-100,100,50,3,0,1000,15,-40,-5,0,1000,TRUE,1000,1000,1000,1.5,1000,1,5
3100,l,TRUE,0.05,09:16,15:10,15:15,15,0,1.5,-100,100,50,3,0,1000,15,-40,-6,0,1000,TRUE,1000,1000,1000,1.5,1000,1,5
3101,l,TRUE,0.05,09:16,15:10,15:15,15,0,1.5,-100,100,50,3,0,1000,15,-40,-7,0,1000,TRUE,1000,1000,1000,1.5,1000,1,5
3102,l,TRUE,0.05,09:16,15:10,15:15,15,0,1.5,-100,100,50,3,0,1000,15,-40,-8,0,1000,TRUE,1000,1000,1000,1.5,1000,1,5
3103,l,TRUE,0.05,09:16,15:10,15:15,15,0,1.5,-100,100,50,3,0,1000,15,-40,-9,0,1000,TRUE,1000,1000,1000,1.5,1000,1,5
3104,l,TRUE,0.05,09:16,15:10,15:15,15,0,1.5,-100,100,50,3,0,1000,15,-40,-10,0,1000,TRUE,1000,1000,1000,1.5,1000,1,5
3105,l,TRUE,0.05,09:16,15:10,15:15,15,0,1.5,-100,100,50,3,0,1000,15,-40,-15,0,1000,TRUE,1000,1000,1000,1.5,1000,1,5
3106,l,TRUE,0.05,09:16,15:10,15:15,15,0,1.5,-100,100,50,3,0,1000,15,-40,-20,0,1000,TRUE,1000,1000,1000,1.5,1000,1,5
3107,l,TRUE,0.05,09:16,15:10,15:15,15,0,1.5,-100,100,50,3,0,1000,20,-40,0,0,1000,TRUE,1000,1000,1000,1.5,1000,1,5
3108,l,TRUE,0.05,09:16,15:10,15:15,15,0,1.5,-100,100,50,3,0,1000,20,-40,-1,0,1000,TRUE,1000,1000,1000,1.5,1000,1,5
3109,l,TRUE,0.05,09:16,15:10,15:15,15,0,1.5,-100,100,50,3,0,1000,20,-40,-2,0,1000,TRUE,1000,1000,1000,1.5,1000,1,5
3110,l,TRUE,0.05,09:16,15:10,15:15,15,0,1.5,-100,100,50,3,0,1000,20,-40,-3,0,1000,TRUE,1000,1000,1000,1.5,1000,1,5
3111,l,TRUE,0.05,09:16,15:10,15:15,15,0,1.5,-100,100,50,3,0,1000,20,-40,-4,0,1000,TRUE,1000,1000,1000,1.5,1000,1,5
3112,l,TRUE,0.05,09:16,15:10,15:15,15,0,1.5,-100,100,50,3,0,1000,20,-40,-5,0,1000,TRUE,1000,1000,1000,1.5,1000,1,5
3113,l,TRUE,0.05,09:16,15:10,15:15,15,0,1.5,-100,100,50,3,0,1000,20,-40,-6,0,1000,TRUE,1000,1000,1000,1.5,1000,1,5
3114,l,TRUE,0.05,09:16,15:10,15:15,15,0,1.5,-100,100,50,3,0,1000,20,-40,-7,0,1000,TRUE,1000,1000,1000,1.5,1000,1,5
3115,l,TRUE,0.05,09:16,15:10,15:15,15,0,1.5,-100,100,50,3,0,1000,20,-40,-8,0,1000,TRUE,1000,1000,1000,1.5,1000,1,5
3116,l,TRUE,0.05,09:16,15:10,15:15,15,0,1.5,-100,100,50,3,0,1000,20,-40,-9,0,1000,TRUE,1000,1000,1000,1.5,1000,1,5
3117,l,TRUE,0.05,09:16,15:10,15:15,15,0,1.5,-100,100,50,3,0,1000,20,-40,-10,0,1000,TRUE,1000,1000,1000,1.5,1000,1,5
3118,l,TRUE,0.05,09:16,15:10,15:15,15,0,1.5,-100,100,50,3,0,1000,20,-40,-15,0,1000,TRUE,1000,1000,1000,1.5,1000,1,5
3119,l,TRUE,0.05,09:16,15:10,15:15,15,0,1.5,-100,100,50,3,0,1000,20,-40,-20,0,1000,TRUE,1000,1000,1000,1.5,1000,1,5
3120,l,TRUE,0.05,09:16,15:10,15:15,15,0,1.5,-100,100,50,3,0,1000,30,-40,0,0,1000,TRUE,1000,1000,1000,1.5,1000,1,5
3121,l,TRUE,0.05,09:16,15:10,15:15,15,0,1.5,-100,100,50,3,0,1000,30,-40,-1,0,1000,TRUE,1000,1000,1000,1.5,1000,1,5
3122,l,TRUE,0.05,09:16,15:10,15:15,15,0,1.5,-100,100,50,3,0,1000,30,-40,-2,0,1000,TRUE,1000,1000,1000,1.5,1000,1,5
3123,l,TRUE,0.05,09:16,15:10,15:15,15,0,1.5,-100,100,50,3,0,1000,30,-40,-3,0,1000,TRUE,1000,1000,1000,1.5,1000,1,5
3124,l,TRUE,0.05,09:16,15:10,15:15,15,0,1.5,-100,100,50,3,0,1000,30,-40,-4,0,1000,TRUE,1000,1000,1000,1.5,1000,1,5
3125,l,TRUE,0.05,09:16,15:10,15:15,15,0,1.5,-100,100,50,3,0,1000,30,-40,-5,0,1000,TRUE,1000,1000,1000,1.5,1000,1,5
3126,l,TRUE,0.05,09:16,15:10,15:15,15,0,1.5,-100,100,50,3,0,1000,30,-40,-6,0,1000,TRUE,1000,1000,1000,1.5,1000,1,5
3127,l,TRUE,0.05,09:16,15:10,15:15,15,0,1.5,-100,100,50,3,0,1000,30,-40,-7,0,1000,TRUE,1000,1000,1000,1.5,1000,1,5
3128,l,TRUE,0.05,09:16,15:10,15:15,15,0,1.5,-100,100,50,3,0,1000,30,-40,-8,0,1000,TRUE,1000,1000,1000,1.5,1000,1,5
3129,l,TRUE,0.05,09:16,15:10,15:15,15,0,1.5,-100,100,50,3,0,1000,30,-40,-9,0,1000,TRUE,1000,1000,1000,1.5,1000,1,5
3130,l,TRUE,0.05,09:16,15:10,15:15,15,0,1.5,-100,100,50,3,0,1000,30,-40,-10,0,1000,TRUE,1000,1000,1000,1.5,1000,1,5
3131,l,TRUE,0.05,09:16,15:10,15:15,15,0,1.5,-100,100,50,3,0,1000,30,-40,-15,0,1000,TRUE,1000,1000,1000,1.5,1000,1,5
3132,l,TRUE,0.05,09:16,15:10,15:15,15,0,1.5,-100,100,50,3,0,1000,30,-40,-20,0,1000,TRUE,1000,1000,1000,1.5,1000,1,5
3133,l,TRUE,0.05,09:16,15:10,15:15,15,0,1.5,-100,100,60,2,0,1000,15,-40,0,0,1000,TRUE,1000,1000,1000,1.5,1000,1,5
3134,l,TRUE,0.05,09:16,15:10,15:15,15,0,1.5,-100,100,60,2,0,1000,15,-40,-1,0,1000,TRUE,1000,1000,1000,1.5,1000,1,5
3135,l,TRUE,0.05,09:16,15:10,15:15,15,0,1.5,-100,100,60,2,0,1000,15,-40,-2,0,1000,TRUE,1000,1000,1000,1.5,1000,1,5
3136,l,TRUE,0.05,09:16,15:10,15:15,15,0,1.5,-100,100,60,2,0,1000,15,-40,-3,0,1000,TRUE,1000,1000,1000,1.5,1000,1,5
3137,l,TRUE,0.05,09:16,15:10,15:15,15,0,1.5,-100,100,60,2,0,1000,15,-40,-4,0,1000,TRUE,1000,1000,1000,1.5,1000,1,5
3138,l,TRUE,0.05,09:16,15:10,15:15,15,0,1.5,-100,100,60,2,0,1000,15,-40,-5,0,1000,TRUE,1000,1000,1000,1.5,1000,1,5
3139,l,TRUE,0.05,09:16,15:10,15:15,15,0,1.5,-100,100,60,2,0,1000,15,-40,-6,0,1000,TRUE,1000,1000,1000,1.5,1000,1,5
3140,l,TRUE,0.05,09:16,15:10,15:15,15,0,1.5,-100,100,60,2,0,1000,15,-40,-7,0,1000,TRUE,1000,1000,1000,1.5,1000,1,5
3141,l,TRUE,0.05,09:16,15:10,15:15,15,0,1.5,-100,100,60,2,0,1000,15,-40,-8,0,1000,TRUE,1000,1000,1000,1.5,1000,1,5
3142,l,TRUE,0.05,09:16,15:10,15:15,15,0,1.5,-100,100,60,2,0,1000,15,-40,-9,0,1000,TRUE,1000,1000,1000,1.5,1000,1,5
3143,l,TRUE,0.05,09:16,15:10,15:15,15,0,1.5,-100,100,60,2,0,1000,15,-40,-10,0,1000,TRUE,1000,1000,1000,1.5,1000,1,5
3144,l,TRUE,0.05,09:16,15:10,15:15,15,0,1.5,-100,100,60,2,0,1000,15,-40,-15,0,1000,TRUE,1000,1000,1000,1.5,1000,1,5
3145,l,TRUE,0.05,09:16,15:10,15:15,15,0,1.5,-100,100,60,2,0,1000,15,-40,-20,0,1000,TRUE,1000,1000,1000,1.5,1000,1,5
3146,l,TRUE,0.05,09:16,15:10,15:15,15,0,1.5,-100,100,60,2,0,1000,20,-40,0,0,1000,TRUE,1000,1000,1000,1.5,1000,1,5
3147,l,TRUE,0.05,09:16,15:10,15:15,15,0,1.5,-100,100,60,2,0,1000,20,-40,-1,0,1000,TRUE,1000,1000,1000,1.5,1000,1,5
3148,l,TRUE,0.05,09:16,15:10,15:15,15,0,1.5,-100,100,60,2,0,1000,20,-40,-2,0,1000,TRUE,1000,1000,1000,1.5,1000,1,5
3149,l,TRUE,0.05,09:16,15:10,15:15,15,0,1.5,-100,100,60,2,0,1000,20,-40,-3,0,1000,TRUE,1000,1000,1000,1.5,1000,1,5
3150,l,TRUE,0.05,09:16,15:10,15:15,15,0,1.5,-100,100,60,2,0,1000,20,-40,-4,0,1000,TRUE,1000,1000,1000,1.5,1000,1,5
3151,l,TRUE,0.05,09:16,15:10,15:15,15,0,1.5,-100,100,60,2,0,1000,20,-40,-5,0,1000,TRUE,1000,1000,1000,1.5,1000,1,5
3152,l,TRUE,0.05,09:16,15:10,15:15,15,0,1.5,-100,100,60,2,0,1000,20,-40,-6,0,1000,TRUE,1000,1000,1000,1.5,1000,1,5
3153,l,TRUE,0.05,09:16,15:10,15:15,15,0,1.5,-100,100,60,2,0,1000,20,-40,-7,0,1000,TRUE,1000,1000,1000,1.5,1000,1,5
3154,l,TRUE,0.05,09:16,15:10,15:15,15,0,1.5,-100,100,60,2,0,1000,20,-40,-8,0,1000,TRUE,1000,1000,1000,1.5,1000,1,5
3155,l,TRUE,0.05,09:16,15:10,15:15,15,0,1.5,-100,100,60,2,0,1000,20,-40,-9,0,1000,TRUE,1000,1000,1000,1.5,1000,1,5
3156,l,TRUE,0.05,09:16,15:10,15:15,15,0,1.5,-100,100,60,2,0,1000,20,-40,-10,0,1000,TRUE,1000,1000,1000,1.5,1000,1,5
3157,l,TRUE,0.05,09:16,15:10,15:15,15,0,1.5,-100,100,60,2,0,1000,20,-40,-15,0,1000,TRUE,1000,1000,1000,1.5,1000,1,5
3158,l,TRUE,0.05,09:16,15:10,15:15,15,0,1.5,-100,100,60,2,0,1000,20,-40,-20,0,1000,TRUE,1000,1000,1000,1.5,1000,1,5
3159,l,TRUE,0.05,09:16,15:10,15:15,15,0,1.5,-100,100,60,2,0,1000,30,-40,0,0,1000,TRUE,1000,1000,1000,1.5,1000,1,5
3160,l,TRUE,0.05,09:16,15:10,15:15,15,0,1.5,-100,100,60,2,0,1000,30,-40,-1,0,1000,TRUE,1000,1000,1000,1.5,1000,1,5
3161,l,TRUE,0.05,09:16,15:10,15:15,15,0,1.5,-100,100,60,2,0,1000,30,-40,-2,0,1000,TRUE,1000,1000,1000,1.5,1000,1,5
3162,l,TRUE,0.05,09:16,15:10,15:15,15,0,1.5,-100,100,60,2,0,1000,30,-40,-3,0,1000,TRUE,1000,1000,1000,1.5,1000,1,5
3163,l,TRUE,0.05,09:16,15:10,15:15,15,0,1.5,-100,100,60,2,0,1000,30,-40,-4,0,1000,TRUE,1000,1000,1000,1.5,1000,1,5
3164,l,TRUE,0.05,09:16,15:10,15:15,15,0,1.5,-100,100,60,2,0,1000,30,-40,-5,0,1000,TRUE,1000,1000,1000,1.5,1000,1,5
3165,l,TRUE,0.05,09:16,15:10,15:15,15,0,1.5,-100,100,60,2,0,1000,30,-40,-6,0,1000,TRUE,1000,1000,1000,1.5,1000,1,5
3166,l,TRUE,0.05,09:16,15:10,15:15,15,0,1.5,-100,100,60,2,0,1000,30,-40,-7,0,1000,TRUE,1000,1000,1000,1.5,1000,1,5
3167,l,TRUE,0.05,09:16,15:10,15:15,15,0,1.5,-100,100,60,2,0,1000,30,-40,-8,0,1000,TRUE,1000,1000,1000,1.5,1000,1,5
3168,l,TRUE,0.05,09:16,15:10,15:15,15,0,1.5,-100,100,60,2,0,1000,30,-40,-9,0,1000,TRUE,1000,1000,1000,1.5,1000,1,5
3169,l,TRUE,0.05,09:16,15:10,15:15,15,0,1.5,-100,100,60,2,0,1000,30,-40,-10,0,1000,TRUE,1000,1000,1000,1.5,1000,1,5
3170,l,TRUE,0.05,09:16,15:10,15:15,15,0,1.5,-100,100,60,2,0,1000,30,-40,-15,0,1000,TRUE,1000,1000,1000,1.5,1000,1,5
3171,l,TRUE,0.05,09:16,15:10,15:15,15,0,1.5,-100,100,60,2,0,1000,30,-40,-20,0,1000,TRUE,1000,1000,1000,1.5,1000,1,5
3172,l,TRUE,0.05,09:16,15:10,15:15,15,0,1.5,-100,100,60,3,0,1000,15,-40,0,0,1000,TRUE,1000,1000,1000,1.5,1000,1,5
3173,l,TRUE,0.05,09:16,15:10,15:15,15,0,1.5,-100,100,60,3,0,1000,15,-40,-1,0,1000,TRUE,1000,1000,1000,1.5,1000,1,5
3174,l,TRUE,0.05,09:16,15:10,15:15,15,0,1.5,-100,100,60,3,0,1000,15,-40,-2,0,1000,TRUE,1000,1000,1000,1.5,1000,1,5
3175,l,TRUE,0.05,09:16,15:10,15:15,15,0,1.5,-100,100,60,3,0,1000,15,-40,-3,0,1000,TRUE,1000,1000,1000,1.5,1000,1,5
3176,l,TRUE,0.05,09:16,15:10,15:15,15,0,1.5,-100,100,60,3,0,1000,15,-40,-4,0,1000,TRUE,1000,1000,1000,1.5,1000,1,5
3177,l,TRUE,0.05,09:16,15:10,15:15,15,0,1.5,-100,100,60,3,0,1000,15,-40,-5,0,1000,TRUE,1000,1000,1000,1.5,1000,1,5
3178,l,TRUE,0.05,09:16,15:10,15:15,15,0,1.5,-100,100,60,3,0,1000,15,-40,-6,0,1000,TRUE,1000,1000,1000,1.5,1000,1,5
3179,l,TRUE,0.05,09:16,15:10,15:15,15,0,1.5,-100,100,60,3,0,1000,15,-40,-7,0,1000,TRUE,1000,1000,1000,1.5,1000,1,5
3180,l,TRUE,0.05,09:16,15:10,15:15,15,0,1.5,-100,100,60,3,0,1000,15,-40,-8,0,1000,TRUE,1000,1000,1000,1.5,1000,1,5
3181,l,TRUE,0.05,09:16,15:10,15:15,15,0,1.5,-100,100,60,3,0,1000,15,-40,-9,0,1000,TRUE,1000,1000,1000,1.5,1000,1,5
3182,l,TRUE,0.05,09:16,15:10,15:15,15,0,1.5,-100,100,60,3,0,1000,15,-40,-10,0,1000,TRUE,1000,1000,1000,1.5,1000,1,5
3183,l,TRUE,0.05,09:16,15:10,15:15,15,0,1.5,-100,100,60,3,0,1000,15,-40,-15,0,1000,TRUE,1000,1000,1000,1.5,1000,1,5
3184,l,TRUE,0.05,09:16,15:10,15:15,15,0,1.5,-100,100,60,3,0,1000,15,-40,-20,0,1000,TRUE,1000,1000,1000,1.5,1000,1,5
3185,l,TRUE,0.05,09:16,15:10,15:15,15,0,1.5,-100,100,60,3,0,1000,20,-40,0,0,1000,TRUE,1000,1000,1000,1.5,1000,1,5
3186,l,TRUE,0.05,09:16,15:10,15:15,15,0,1.5,-100,100,60,3,0,1000,20,-40,-1,0,1000,TRUE,1000,1000,1000,1.5,1000,1,5
3187,l,TRUE,0.05,09:16,15:10,15:15,15,0,1.5,-100,100,60,3,0,1000,20,-40,-2,0,1000,TRUE,1000,1000,1000,1.5,1000,1,5
3188,l,TRUE,0.05,09:16,15:10,15:15,15,0,1.5,-100,100,60,3,0,1000,20,-40,-3,0,1000,TRUE,1000,1000,1000,1.5,1000,1,5
3189,l,TRUE,0.05,09:16,15:10,15:15,15,0,1.5,-100,100,60,3,0,1000,20,-40,-4,0,1000,TRUE,1000,1000,1000,1.5,1000,1,5
3190,l,TRUE,0.05,09:16,15:10,15:15,15,0,1.5,-100,100,60,3,0,1000,20,-40,-5,0,1000,TRUE,1000,1000,1000,1.5,1000,1,5
3191,l,TRUE,0.05,09:16,15:10,15:15,15,0,1.5,-100,100,60,3,0,1000,20,-40,-6,0,1000,TRUE,1000,1000,1000,1.5,1000,1,5
3192,l,TRUE,0.05,09:16,15:10,15:15,15,0,1.5,-100,100,60,3,0,1000,20,-40,-7,0,1000,TRUE,1000,1000,1000,1.5,1000,1,5
3193,l,TRUE,0.05,09:16,15:10,15:15,15,0,1.5,-100,100,60,3,0,1000,20,-40,-8,0,1000,TRUE,1000,1000,1000,1.5,1000,1,5
3194,l,TRUE,0.05,09:16,15:10,15:15,15,0,1.5,-100,100,60,3,0,1000,20,-40,-9,0,1000,TRUE,1000,1000,1000,1.5,1000,1,5
3195,l,TRUE,0.05,09:16,15:10,15:15,15,0,1.5,-100,100,60,3,0,1000,20,-40,-10,0,1000,TRUE,1000,1000,1000,1.5,1000,1,5
3196,l,TRUE,0.05,09:16,15:10,15:15,15,0,1.5,-100,100,60,3,0,1000,20,-40,-15,0,1000,TRUE,1000,1000,1000,1.5,1000,1,5
3197,l,TRUE,0.05,09:16,15:10,15:15,15,0,1.5,-100,100,60,3,0,1000,20,-40,-20,0,1000,TRUE,1000,1000,1000,1.5,1000,1,5
3198,l,TRUE,0.05,09:16,15:10,15:15,15,0,1.5,-100,100,60,3,0,1000,30,-40,0,0,1000,TRUE,1000,1000,1000,1.5,1000,1,5
3199,l,TRUE,0.05,09:16,15:10,15:15,15,0,1.5,-100,100,60,3,0,1000,30,-40,-1,0,1000,TRUE,1000,1000,1000,1.5,1000,1,5
3200,l,TRUE,0.05,09:16,15:10,15:15,15,0,1.5,-100,100,60,3,0,1000,30,-40,-2,0,1000,TRUE,1000,1000,1000,1.5,1000,1,5
3201,l,TRUE,0.05,09:16,15:10,15:15,15,0,1.5,-100,100,60,3,0,1000,30,-40,-3,0,1000,TRUE,1000,1000,1000,1.5,1000,1,5
3202,l,TRUE,0.05,09:16,15:10,15:15,15,0,1.5,-100,100,60,3,0,1000,30,-40,-4,0,1000,TRUE,1000,1000,1000,1.5,1000,1,5
3203,l,TRUE,0.05,09:16,15:10,15:15,15,0,1.5,-100,100,60,3,0,1000,30,-40,-5,0,1000,TRUE,1000,1000,1000,1.5,1000,1,5
3204,l,TRUE,0.05,09:16,15:10,15:15,15,0,1.5,-100,100,60,3,0,1000,30,-40,-6,0,1000,TRUE,1000,1000,1000,1.5,1000,1,5
3205,l,TRUE,0.05,09:16,15:10,15:15,15,0,1.5,-100,100,60,3,0,1000,30,-40,-7,0,1000,TRUE,1000,1000,1000,1.5,1000,1,5
3206,l,TRUE,0.05,09:16,15:10,15:15,15,0,1.5,-100,100,60,3,0,1000,30,-40,-8,0,1000,TRUE,1000,1000,1000,1.5,1000,1,5
3207,l,TRUE,0.05,09:16,15:10,15:15,15,0,1.5,-100,100,60,3,0,1000,30,-40,-9,0,1000,TRUE,1000,1000,1000,1.5,1000,1,5
3208,l,TRUE,0.05,09:16,15:10,15:15,15,0,1.5,-100,100,60,3,0,1000,30,-40,-10,0,1000,TRUE,1000,1000,1000,1.5,1000,1,5
3209,l,TRUE,0.05,09:16,15:10,15:15,15,0,1.5,-100,100,60,3,0,1000,30,-40,-15,0,1000,TRUE,1000,1000,1000,1.5,1000,1,5
3210,l,TRUE,0.05,09:16,15:10,15:15,15,0,1.5,-100,100,60,3,0,1000,30,-40,-20,0,1000,TRUE,1000,1000,1000,1.5,1000,1,5
3211,l,TRUE,0.05,09:16,15:10,15:15,15,0,1.5,-100,100,20,2,0,1000,15,-50,0,0,1000,TRUE,1000,1000,1000,1.5,1000,1,5
3212,l,TRUE,0.05,09:16,15:10,15:15,15,0,1.5,-100,100,20,2,0,1000,15,-50,-1,0,1000,TRUE,1000,1000,1000,1.5,1000,1,5
3213,l,TRUE,0.05,09:16,15:10,15:15,15,0,1.5,-100,100,20,2,0,1000,15,-50,-2,0,1000,TRUE,1000,1000,1000,1.5,1000,1,5
3214,l,TRUE,0.05,09:16,15:10,15:15,15,0,1.5,-100,100,20,2,0,1000,15,-50,-3,0,1000,TRUE,1000,1000,1000,1.5,1000,1,5
3215,l,TRUE,0.05,09:16,15:10,15:15,15,0,1.5,-100,100,20,2,0,1000,15,-50,-4,0,1000,TRUE,1000,1000,1000,1.5,1000,1,5
3216,l,TRUE,0.05,09:16,15:10,15:15,15,0,1.5,-100,100,20,2,0,1000,15,-50,-5,0,1000,TRUE,1000,1000,1000,1.5,1000,1,5
3217,l,TRUE,0.05,09:16,15:10,15:15,15,0,1.5,-100,100,20,2,0,1000,15,-50,-6,0,1000,TRUE,1000,1000,1000,1.5,1000,1,5
3218,l,TRUE,0.05,09:16,15:10,15:15,15,0,1.5,-100,100,20,2,0,1000,15,-50,-7,0,1000,TRUE,1000,1000,1000,1.5,1000,1,5
3219,l,TRUE,0.05,09:16,15:10,15:15,15,0,1.5,-100,100,20,2,0,1000,15,-50,-8,0,1000,TRUE,1000,1000,1000,1.5,1000,1,5
3220,l,TRUE,0.05,09:16,15:10,15:15,15,0,1.5,-100,100,20,2,0,1000,15,-50,-9,0,1000,TRUE,1000,1000,1000,1.5,1000,1,5
3221,l,TRUE,0.05,09:16,15:10,15:15,15,0,1.5,-100,100,20,2,0,1000,15,-50,-10,0,1000,TRUE,1000,1000,1000,1.5,1000,1,5
3222,l,TRUE,0.05,09:16,15:10,15:15,15,0,1.5,-100,100,20,2,0,1000,15,-50,-15,0,1000,TRUE,1000,1000,1000,1.5,1000,1,5
3223,l,TRUE,0.05,09:16,15:10,15:15,15,0,1.5,-100,100,20,2,0,1000,15,-50,-20,0,1000,TRUE,1000,1000,1000,1.5,1000,1,5
3224,l,TRUE,0.05,09:16,15:10,15:15,15,0,1.5,-100,100,20,2,0,1000,20,-50,0,0,1000,TRUE,1000,1000,1000,1.5,1000,1,5
3225,l,TRUE,0.05,09:16,15:10,15:15,15,0,1.5,-100,100,20,2,0,1000,20,-50,-1,0,1000,TRUE,1000,1000,1000,1.5,1000,1,5
3226,l,TRUE,0.05,09:16,15:10,15:15,15,0,1.5,-100,100,20,2,0,1000,20,-50,-2,0,1000,TRUE,1000,1000,1000,1.5,1000,1,5
3227,l,TRUE,0.05,09:16,15:10,15:15,15,0,1.5,-100,100,20,2,0,1000,20,-50,-3,0,1000,TRUE,1000,1000,1000,1.5,1000,1,5
3228,l,TRUE,0.05,09:16,15:10,15:15,15,0,1.5,-100,100,20,2,0,1000,20,-50,-4,0,1000,TRUE,1000,1000,1000,1.5,1000,1,5
3229,l,TRUE,0.05,09:16,15:10,15:15,15,0,1.5,-100,100,20,2,0,1000,20,-50,-5,0,1000,TRUE,1000,1000,1000,1.5,1000,1,5
3230,l,TRUE,0.05,09:16,15:10,15:15,15,0,1.5,-100,100,20,2,0,1000,20,-50,-6,0,1000,TRUE,1000,1000,1000,1.5,1000,1,5
3231,l,TRUE,0.05,09:16,15:10,15:15,15,0,1.5,-100,100,20,2,0,1000,20,-50,-7,0,1000,TRUE,1000,1000,1000,1.5,1000,1,5
3232,l,TRUE,0.05,09:16,15:10,15:15,15,0,1.5,-100,100,20,2,0,1000,20,-50,-8,0,1000,TRUE,1000,1000,1000,1.5,1000,1,5
3233,l,TRUE,0.05,09:16,15:10,15:15,15,0,1.5,-100,100,20,2,0,1000,20,-50,-9,0,1000,TRUE,1000,1000,1000,1.5,1000,1,5
3234,l,TRUE,0.05,09:16,15:10,15:15,15,0,1.5,-100,100,20,2,0,1000,20,-50,-10,0,1000,TRUE,1000,1000,1000,1.5,1000,1,5
3235,l,TRUE,0.05,09:16,15:10,15:15,15,0,1.5,-100,100,20,2,0,1000,20,-50,-15,0,1000,TRUE,1000,1000,1000,1.5,1000,1,5
3236,l,TRUE,0.05,09:16,15:10,15:15,15,0,1.5,-100,100,20,2,0,1000,20,-50,-20,0,1000,TRUE,1000,1000,1000,1.5,1000,1,5
3237,l,TRUE,0.05,09:16,15:10,15:15,15,0,1.5,-100,100,20,2,0,1000,30,-50,0,0,1000,TRUE,1000,1000,1000,1.5,1000,1,5
3238,l,TRUE,0.05,09:16,15:10,15:15,15,0,1.5,-100,100,20,2,0,1000,30,-50,-1,0,1000,TRUE,1000,1000,1000,1.5,1000,1,5
3239,l,TRUE,0.05,09:16,15:10,15:15,15,0,1.5,-100,100,20,2,0,1000,30,-50,-2,0,1000,TRUE,1000,1000,1000,1.5,1000,1,5
3240,l,TRUE,0.05,09:16,15:10,15:15,15,0,1.5,-100,100,20,2,0,1000,30,-50,-3,0,1000,TRUE,1000,1000,1000,1.5,1000,1,5
3241,l,TRUE,0.05,09:16,15:10,15:15,15,0,1.5,-100,100,20,2,0,1000,30,-50,-4,0,1000,TRUE,1000,1000,1000,1.5,1000,1,5
3242,l,TRUE,0.05,09:16,15:10,15:15,15,0,1.5,-100,100,20,2,0,1000,30,-50,-5,0,1000,TRUE,1000,1000,1000,1.5,1000,1,5
3243,l,TRUE,0.05,09:16,15:10,15:15,15,0,1.5,-100,100,20,2,0,1000,30,-50,-6,0,1000,TRUE,1000,1000,1000,1.5,1000,1,5
3244,l,TRUE,0.05,09:16,15:10,15:15,15,0,1.5,-100,100,20,2,0,1000,30,-50,-7,0,1000,TRUE,1000,1000,1000,1.5,1000,1,5
3245,l,TRUE,0.05,09:16,15:10,15:15,15,0,1.5,-100,100,20,2,0,1000,30,-50,-8,0,1000,TRUE,1000,1000,1000,1.5,1000,1,5
3246,l,TRUE,0.05,09:16,15:10,15:15,15,0,1.5,-100,100,20,2,0,1000,30,-50,-9,0,1000,TRUE,1000,1000,1000,1.5,1000,1,5
3247,l,TRUE,0.05,09:16,15:10,15:15,15,0,1.5,-100,100,20,2,0,1000,30,-50,-10,0,1000,TRUE,1000,1000,1000,1.5,1000,1,5
3248,l,TRUE,0.05,09:16,15:10,15:15,15,0,1.5,-100,100,20,2,0,1000,30,-50,-15,0,1000,TRUE,1000,1000,1000,1.5,1000,1,5
3249,l,TRUE,0.05,09:16,15:10,15:15,15,0,1.5,-100,100,20,2,0,1000,30,-50,-20,0,1000,TRUE,1000,1000,1000,1.5,1000,1,5
3250,l,TRUE,0.05,09:16,15:10,15:15,15,0,1.5,-100,100,20,3,0,1000,15,-50,0,0,1000,TRUE,1000,1000,1000,1.5,1000,1,5
3251,l,TRUE,0.05,09:16,15:10,15:15,15,0,1.5,-100,100,20,3,0,1000,15,-50,-1,0,1000,TRUE,1000,1000,1000,1.5,1000,1,5
3252,l,TRUE,0.05,09:16,15:10,15:15,15,0,1.5,-100,100,20,3,0,1000,15,-50,-2,0,1000,TRUE,1000,1000,1000,1.5,1000,1,5
3253,l,TRUE,0.05,09:16,15:10,15:15,15,0,1.5,-100,100,20,3,0,1000,15,-50,-3,0,1000,TRUE,1000,1000,1000,1.5,1000,1,5
3254,l,TRUE,0.05,09:16,15:10,15:15,15,0,1.5,-100,100,20,3,0,1000,15,-50,-4,0,1000,TRUE,1000,1000,1000,1.5,1000,1,5
3255,l,TRUE,0.05,09:16,15:10,15:15,15,0,1.5,-100,100,20,3,0,1000,15,-50,-5,0,1000,TRUE,1000,1000,1000,1.5,1000,1,5
3256,l,TRUE,0.05,09:16,15:10,15:15,15,0,1.5,-100,100,20,3,0,1000,15,-50,-6,0,1000,TRUE,1000,1000,1000,1.5,1000,1,5
3257,l,TRUE,0.05,09:16,15:10,15:15,15,0,1.5,-100,100,20,3,0,1000,15,-50,-7,0,1000,TRUE,1000,1000,1000,1.5,1000,1,5
3258,l,TRUE,0.05,09:16,15:10,15:15,15,0,1.5,-100,100,20,3,0,1000,15,-50,-8,0,1000,TRUE,1000,1000,1000,1.5,1000,1,5
3259,l,TRUE,0.05,09:16,15:10,15:15,15,0,1.5,-100,100,20,3,0,1000,15,-50,-9,0,1000,TRUE,1000,1000,1000,1.5,1000,1,5
3260,l,TRUE,0.05,09:16,15:10,15:15,15,0,1.5,-100,100,20,3,0,1000,15,-50,-10,0,1000,TRUE,1000,1000,1000,1.5,1000,1,5
3261,l,TRUE,0.05,09:16,15:10,15:15,15,0,1.5,-100,100,20,3,0,1000,15,-50,-15,0,1000,TRUE,1000,1000,1000,1.5,1000,1,5
3262,l,TRUE,0.05,09:16,15:10,15:15,15,0,1.5,-100,100,20,3,0,1000,15,-50,-20,0,1000,TRUE,1000,1000,1000,1.5,1000,1,5
3263,l,TRUE,0.05,09:16,15:10,15:15,15,0,1.5,-100,100,20,3,0,1000,20,-50,0,0,1000,TRUE,1000,1000,1000,1.5,1000,1,5
3264,l,TRUE,0.05,09:16,15:10,15:15,15,0,1.5,-100,100,20,3,0,1000,20,-50,-1,0,1000,TRUE,1000,1000,1000,1.5,1000,1,5
3265,l,TRUE,0.05,09:16,15:10,15:15,15,0,1.5,-100,100,20,3,0,1000,20,-50,-2,0,1000,TRUE,1000,1000,1000,1.5,1000,1,5
3266,l,TRUE,0.05,09:16,15:10,15:15,15,0,1.5,-100,100,20,3,0,1000,20,-50,-3,0,1000,TRUE,1000,1000,1000,1.5,1000,1,5
3267,l,TRUE,0.05,09:16,15:10,15:15,15,0,1.5,-100,100,20,3,0,1000,20,-50,-4,0,1000,TRUE,1000,1000,1000,1.5,1000,1,5
3268,l,TRUE,0.05,09:16,15:10,15:15,15,0,1.5,-100,100,20,3,0,1000,20,-50,-5,0,1000,TRUE,1000,1000,1000,1.5,1000,1,5
3269,l,TRUE,0.05,09:16,15:10,15:15,15,0,1.5,-100,100,20,3,0,1000,20,-50,-6,0,1000,TRUE,1000,1000,1000,1.5,1000,1,5
3270,l,TRUE,0.05,09:16,15:10,15:15,15,0,1.5,-100,100,20,3,0,1000,20,-50,-7,0,1000,TRUE,1000,1000,1000,1.5,1000,1,5
3271,l,TRUE,0.05,09:16,15:10,15:15,15,0,1.5,-100,100,20,3,0,1000,20,-50,-8,0,1000,TRUE,1000,1000,1000,1.5,1000,1,5
3272,l,TRUE,0.05,09:16,15:10,15:15,15,0,1.5,-100,100,20,3,0,1000,20,-50,-9,0,1000,TRUE,1000,1000,1000,1.5,1000,1,5
3273,l,TRUE,0.05,09:16,15:10,15:15,15,0,1.5,-100,100,20,3,0,1000,20,-50,-10,0,1000,TRUE,1000,1000,1000,1.5,1000,1,5
3274,l,TRUE,0.05,09:16,15:10,15:15,15,0,1.5,-100,100,20,3,0,1000,20,-50,-15,0,1000,TRUE,1000,1000,1000,1.5,1000,1,5
3275,l,TRUE,0.05,09:16,15:10,15:15,15,0,1.5,-100,100,20,3,0,1000,20,-50,-20,0,1000,TRUE,1000,1000,1000,1.5,1000,1,5
3276,l,TRUE,0.05,09:16,15:10,15:15,15,0,1.5,-100,100,20,3,0,1000,30,-50,0,0,1000,TRUE,1000,1000,1000,1.5,1000,1,5
3277,l,TRUE,0.05,09:16,15:10,15:15,15,0,1.5,-100,100,20,3,0,1000,30,-50,-1,0,1000,TRUE,1000,1000,1000,1.5,1000,1,5
3278,l,TRUE,0.05,09:16,15:10,15:15,15,0,1.5,-100,100,20,3,0,1000,30,-50,-2,0,1000,TRUE,1000,1000,1000,1.5,1000,1,5
3279,l,TRUE,0.05,09:16,15:10,15:15,15,0,1.5,-100,100,20,3,0,1000,30,-50,-3,0,1000,TRUE,1000,1000,1000,1.5,1000,1,5
3280,l,TRUE,0.05,09:16,15:10,15:15,15,0,1.5,-100,100,20,3,0,1000,30,-50,-4,0,1000,TRUE,1000,1000,1000,1.5,1000,1,5
3281,l,TRUE,0.05,09:16,15:10,15:15,15,0,1.5,-100,100,20,3,0,1000,30,-50,-5,0,1000,TRUE,1000,1000,1000,1.5,1000,1,5
3282,l,TRUE,0.05,09:16,15:10,15:15,15,0,1.5,-100,100,20,3,0,1000,30,-50,-6,0,1000,TRUE,1000,1000,1000,1.5,1000,1,5
3283,l,TRUE,0.05,09:16,15:10,15:15,15,0,1.5,-100,100,20,3,0,1000,30,-50,-7,0,1000,TRUE,1000,1000,1000,1.5,1000,1,5
3284,l,TRUE,0.05,09:16,15:10,15:15,15,0,1.5,-100,100,20,3,0,1000,30,-50,-8,0,1000,TRUE,1000,1000,1000,1.5,1000,1,5
3285,l,TRUE,0.05,09:16,15:10,15:15,15,0,1.5,-100,100,20,3,0,1000,30,-50,-9,0,1000,TRUE,1000,1000,1000,1.5,1000,1,5
3286,l,TRUE,0.05,09:16,15:10,15:15,15,0,1.5,-100,100,20,3,0,1000,30,-50,-10,0,1000,TRUE,1000,1000,1000,1.5,1000,1,5
3287,l,TRUE,0.05,09:16,15:10,15:15,15,0,1.5,-100,100,20,3,0,1000,30,-50,-15,0,1000,TRUE,1000,1000,1000,1.5,1000,1,5
3288,l,TRUE,0.05,09:16,15:10,15:15,15,0,1.5,-100,100,20,3,0,1000,30,-50,-20,0,1000,TRUE,1000,1000,1000,1.5,1000,1,5
3289,l,TRUE,0.05,09:16,15:10,15:15,15,0,1.5,-100,100,30,2,0,1000,15,-50,0,0,1000,TRUE,1000,1000,1000,1.5,1000,1,5
3290,l,TRUE,0.05,09:16,15:10,15:15,15,0,1.5,-100,100,30,2,0,1000,15,-50,-1,0,1000,TRUE,1000,1000,1000,1.5,1000,1,5
3291,l,TRUE,0.05,09:16,15:10,15:15,15,0,1.5,-100,100,30,2,0,1000,15,-50,-2,0,1000,TRUE,1000,1000,1000,1.5,1000,1,5
3292,l,TRUE,0.05,09:16,15:10,15:15,15,0,1.5,-100,100,30,2,0,1000,15,-50,-3,0,1000,TRUE,1000,1000,1000,1.5,1000,1,5
3293,l,TRUE,0.05,09:16,15:10,15:15,15,0,1.5,-100,100,30,2,0,1000,15,-50,-4,0,1000,TRUE,1000,1000,1000,1.5,1000,1,5
3294,l,TRUE,0.05,09:16,15:10,15:15,15,0,1.5,-100,100,30,2,0,1000,15,-50,-5,0,1000,TRUE,1000,1000,1000,1.5,1000,1,5
3295,l,TRUE,0.05,09:16,15:10,15:15,15,0,1.5,-100,100,30,2,0,1000,15,-50,-6,0,1000,TRUE,1000,1000,1000,1.5,1000,1,5
3296,l,TRUE,0.05,09:16,15:10,15:15,15,0,1.5,-100,100,30,2,0,1000,15,-50,-7,0,1000,TRUE,1000,1000,1000,1.5,1000,1,5
3297,l,TRUE,0.05,09:16,15:10,15:15,15,0,1.5,-100,100,30,2,0,1000,15,-50,-8,0,1000,TRUE,1000,1000,1000,1.5,1000,1,5
3298,l,TRUE,0.05,09:16,15:10,15:15,15,0,1.5,-100,100,30,2,0,1000,15,-50,-9,0,1000,TRUE,1000,1000,1000,1.5,1000,1,5
3299,l,TRUE,0.05,09:16,15:10,15:15,15,0,1.5,-100,100,30,2,0,1000,15,-50,-10,0,1000,TRUE,1000,1000,1000,1.5,1000,1,5
3300,l,TRUE,0.05,09:16,15:10,15:15,15,0,1.5,-100,100,30,2,0,1000,15,-50,-15,0,1000,TRUE,1000,1000,1000,1.5,1000,1,5
3301,l,TRUE,0.05,09:16,15:10,15:15,15,0,1.5,-100,100,30,2,0,1000,15,-50,-20,0,1000,TRUE,1000,1000,1000,1.5,1000,1,5
3302,l,TRUE,0.05,09:16,15:10,15:15,15,0,1.5,-100,100,30,2,0,1000,20,-50,0,0,1000,TRUE,1000,1000,1000,1.5,1000,1,5
3303,l,TRUE,0.05,09:16,15:10,15:15,15,0,1.5,-100,100,30,2,0,1000,20,-50,-1,0,1000,TRUE,1000,1000,1000,1.5,1000,1,5
3304,l,TRUE,0.05,09:16,15:10,15:15,15,0,1.5,-100,100,30,2,0,1000,20,-50,-2,0,1000,TRUE,1000,1000,1000,1.5,1000,1,5
3305,l,TRUE,0.05,09:16,15:10,15:15,15,0,1.5,-100,100,30,2,0,1000,20,-50,-3,0,1000,TRUE,1000,1000,1000,1.5,1000,1,5
3306,l,TRUE,0.05,09:16,15:10,15:15,15,0,1.5,-100,100,30,2,0,1000,20,-50,-4,0,1000,TRUE,1000,1000,1000,1.5,1000,1,5
3307,l,TRUE,0.05,09:16,15:10,15:15,15,0,1.5,-100,100,30,2,0,1000,20,-50,-5,0,1000,TRUE,1000,1000,1000,1.5,1000,1,5
3308,l,TRUE,0.05,09:16,15:10,15:15,15,0,1.5,-100,100,30,2,0,1000,20,-50,-6,0,1000,TRUE,1000,1000,1000,1.5,1000,1,5
3309,l,TRUE,0.05,09:16,15:10,15:15,15,0,1.5,-100,100,30,2,0,1000,20,-50,-7,0,1000,TRUE,1000,1000,1000,1.5,1000,1,5
3310,l,TRUE,0.05,09:16,15:10,15:15,15,0,1.5,-100,100,30,2,0,1000,20,-50,-8,0,1000,TRUE,1000,1000,1000,1.5,1000,1,5
3311,l,TRUE,0.05,09:16,15:10,15:15,15,0,1.5,-100,100,30,2,0,1000,20,-50,-9,0,1000,TRUE,1000,1000,1000,1.5,1000,1,5
3312,l,TRUE,0.05,09:16,15:10,15:15,15,0,1.5,-100,100,30,2,0,1000,20,-50,-10,0,1000,TRUE,1000,1000,1000,1.5,1000,1,5
3313,l,TRUE,0.05,09:16,15:10,15:15,15,0,1.5,-100,100,30,2,0,1000,20,-50,-15,0,1000,TRUE,1000,1000,1000,1.5,1000,1,5
3314,l,TRUE,0.05,09:16,15:10,15:15,15,0,1.5,-100,100,30,2,0,1000,20,-50,-20,0,1000,TRUE,1000,1000,1000,1.5,1000,1,5
3315,l,TRUE,0.05,09:16,15:10,15:15,15,0,1.5,-100,100,30,2,0,1000,30,-50,0,0,1000,TRUE,1000,1000,1000,1.5,1000,1,5
3316,l,TRUE,0.05,09:16,15:10,15:15,15,0,1.5,-100,100,30,2,0,1000,30,-50,-1,0,1000,TRUE,1000,1000,1000,1.5,1000,1,5
3317,l,TRUE,0.05,09:16,15:10,15:15,15,0,1.5,-100,100,30,2,0,1000,30,-50,-2,0,1000,TRUE,1000,1000,1000,1.5,1000,1,5
3318,l,TRUE,0.05,09:16,15:10,15:15,15,0,1.5,-100,100,30,2,0,1000,30,-50,-3,0,1000,TRUE,1000,1000,1000,1.5,1000,1,5
3319,l,TRUE,0.05,09:16,15:10,15:15,15,0,1.5,-100,100,30,2,0,1000,30,-50,-4,0,1000,TRUE,1000,1000,1000,1.5,1000,1,5
3320,l,TRUE,0.05,09:16,15:10,15:15,15,0,1.5,-100,100,30,2,0,1000,30,-50,-5,0,1000,TRUE,1000,1000,1000,1.5,1000,1,5
3321,l,TRUE,0.05,09:16,15:10,15:15,15,0,1.5,-100,100,30,2,0,1000,30,-50,-6,0,1000,TRUE,1000,1000,1000,1.5,1000,1,5
3322,l,TRUE,0.05,09:16,15:10,15:15,15,0,1.5,-100,100,30,2,0,1000,30,-50,-7,0,1000,TRUE,1000,1000,1000,1.5,1000,1,5
3323,l,TRUE,0.05,09:16,15:10,15:15,15,0,1.5,-100,100,30,2,0,1000,30,-50,-8,0,1000,TRUE,1000,1000,1000,1.5,1000,1,5
3324,l,TRUE,0.05,09:16,15:10,15:15,15,0,1.5,-100,100,30,2,0,1000,30,-50,-9,0,1000,TRUE,1000,1000,1000,1.5,1000,1,5
3325,l,TRUE,0.05,09:16,15:10,15:15,15,0,1.5,-100,100,30,2,0,1000,30,-50,-10,0,1000,TRUE,1000,1000,1000,1.5,1000,1,5
3326,l,TRUE,0.05,09:16,15:10,15:15,15,0,1.5,-100,100,30,2,0,1000,30,-50,-15,0,1000,TRUE,1000,1000,1000,1.5,1000,1,5
3327,l,TRUE,0.05,09:16,15:10,15:15,15,0,1.5,-100,100,30,2,0,1000,30,-50,-20,0,1000,TRUE,1000,1000,1000,1.5,1000,1,5
3328,l,TRUE,0.05,09:16,15:10,15:15,15,0,1.5,-100,100,30,3,0,1000,15,-50,0,0,1000,TRUE,1000,1000,1000,1.5,1000,1,5
3329,l,TRUE,0.05,09:16,15:10,15:15,15,0,1.5,-100,100,30,3,0,1000,15,-50,-1,0,1000,TRUE,1000,1000,1000,1.5,1000,1,5
3330,l,TRUE,0.05,09:16,15:10,15:15,15,0,1.5,-100,100,30,3,0,1000,15,-50,-2,0,1000,TRUE,1000,1000,1000,1.5,1000,1,5
3331,l,TRUE,0.05,09:16,15:10,15:15,15,0,1.5,-100,100,30,3,0,1000,15,-50,-3,0,1000,TRUE,1000,1000,1000,1.5,1000,1,5
3332,l,TRUE,0.05,09:16,15:10,15:15,15,0,1.5,-100,100,30,3,0,1000,15,-50,-4,0,1000,TRUE,1000,1000,1000,1.5,1000,1,5
3333,l,TRUE,0.05,09:16,15:10,15:15,15,0,1.5,-100,100,30,3,0,1000,15,-50,-5,0,1000,TRUE,1000,1000,1000,1.5,1000,1,5
3334,l,TRUE,0.05,09:16,15:10,15:15,15,0,1.5,-100,100,30,3,0,1000,15,-50,-6,0,1000,TRUE,1000,1000,1000,1.5,1000,1,5
3335,l,TRUE,0.05,09:16,15:10,15:15,15,0,1.5,-100,100,30,3,0,1000,15,-50,-7,0,1000,TRUE,1000,1000,1000,1.5,1000,1,5
3336,l,TRUE,0.05,09:16,15:10,15:15,15,0,1.5,-100,100,30,3,0,1000,15,-50,-8,0,1000,TRUE,1000,1000,1000,1.5,1000,1,5
3337,l,TRUE,0.05,09:16,15:10,15:15,15,0,1.5,-100,100,30,3,0,1000,15,-50,-9,0,1000,TRUE,1000,1000,1000,1.5,1000,1,5
3338,l,TRUE,0.05,09:16,15:10,15:15,15,0,1.5,-100,100,30,3,0,1000,15,-50,-10,0,1000,TRUE,1000,1000,1000,1.5,1000,1,5
3339,l,TRUE,0.05,09:16,15:10,15:15,15,0,1.5,-100,100,30,3,0,1000,15,-50,-15,0,1000,TRUE,1000,1000,1000,1.5,1000,1,5
3340,l,TRUE,0.05,09:16,15:10,15:15,15,0,1.5,-100,100,30,3,0,1000,15,-50,-20,0,1000,TRUE,1000,1000,1000,1.5,1000,1,5
3341,l,TRUE,0.05,09:16,15:10,15:15,15,0,1.5,-100,100,30,3,0,1000,20,-50,0,0,1000,TRUE,1000,1000,1000,1.5,1000,1,5
3342,l,TRUE,0.05,09:16,15:10,15:15,15,0,1.5,-100,100,30,3,0,1000,20,-50,-1,0,1000,TRUE,1000,1000,1000,1.5,1000,1,5
3343,l,TRUE,0.05,09:16,15:10,15:15,15,0,1.5,-100,100,30,3,0,1000,20,-50,-2,0,1000,TRUE,1000,1000,1000,1.5,1000,1,5
3344,l,TRUE,0.05,09:16,15:10,15:15,15,0,1.5,-100,100,30,3,0,1000,20,-50,-3,0,1000,TRUE,1000,1000,1000,1.5,1000,1,5
3345,l,TRUE,0.05,09:16,15:10,15:15,15,0,1.5,-100,100,30,3,0,1000,20,-50,-4,0,1000,TRUE,1000,1000,1000,1.5,1000,1,5
3346,l,TRUE,0.05,09:16,15:10,15:15,15,0,1.5,-100,100,30,3,0,1000,20,-50,-5,0,1000,TRUE,1000,1000,1000,1.5,1000,1,5
3347,l,TRUE,0.05,09:16,15:10,15:15,15,0,1.5,-100,100,30,3,0,1000,20,-50,-6,0,1000,TRUE,1000,1000,1000,1.5,1000,1,5
3348,l,TRUE,0.05,09:16,15:10,15:15,15,0,1.5,-100,100,30,3,0,1000,20,-50,-7,0,1000,TRUE,1000,1000,1000,1.5,1000,1,5
3349,l,TRUE,0.05,09:16,15:10,15:15,15,0,1.5,-100,100,30,3,0,1000,20,-50,-8,0,1000,TRUE,1000,1000,1000,1.5,1000,1,5
3350,l,TRUE,0.05,09:16,15:10,15:15,15,0,1.5,-100,100,30,3,0,1000,20,-50,-9,0,1000,TRUE,1000,1000,1000,1.5,1000,1,5
3351,l,TRUE,0.05,09:16,15:10,15:15,15,0,1.5,-100,100,30,3,0,1000,20,-50,-10,0,1000,TRUE,1000,1000,1000,1.5,1000,1,5
3352,l,TRUE,0.05,09:16,15:10,15:15,15,0,1.5,-100,100,30,3,0,1000,20,-50,-15,0,1000,TRUE,1000,1000,1000,1.5,1000,1,5
3353,l,TRUE,0.05,09:16,15:10,15:15,15,0,1.5,-100,100,30,3,0,1000,20,-50,-20,0,1000,TRUE,1000,1000,1000,1.5,1000,1,5
3354,l,TRUE,0.05,09:16,15:10,15:15,15,0,1.5,-100,100,30,3,0,1000,30,-50,0,0,1000,TRUE,1000,1000,1000,1.5,1000,1,5
3355,l,TRUE,0.05,09:16,15:10,15:15,15,0,1.5,-100,100,30,3,0,1000,30,-50,-1,0,1000,TRUE,1000,1000,1000,1.5,1000,1,5
3356,l,TRUE,0.05,09:16,15:10,15:15,15,0,1.5,-100,100,30,3,0,1000,30,-50,-2,0,1000,TRUE,1000,1000,1000,1.5,1000,1,5
3357,l,TRUE,0.05,09:16,15:10,15:15,15,0,1.5,-100,100,30,3,0,1000,30,-50,-3,0,1000,TRUE,1000,1000,1000,1.5,1000,1,5
3358,l,TRUE,0.05,09:16,15:10,15:15,15,0,1.5,-100,100,30,3,0,1000,30,-50,-4,0,1000,TRUE,1000,1000,1000,1.5,1000,1,5
3359,l,TRUE,0.05,09:16,15:10,15:15,15,0,1.5,-100,100,30,3,0,1000,30,-50,-5,0,1000,TRUE,1000,1000,1000,1.5,1000,1,5
3360,l,TRUE,0.05,09:16,15:10,15:15,15,0,1.5,-100,100,30,3,0,1000,30,-50,-6,0,1000,TRUE,1000,1000,1000,1.5,1000,1,5
3361,l,TRUE,0.05,09:16,15:10,15:15,15,0,1.5,-100,100,30,3,0,1000,30,-50,-7,0,1000,TRUE,1000,1000,1000,1.5,1000,1,5
3362,l,TRUE,0.05,09:16,15:10,15:15,15,0,1.5,-100,100,30,3,0,1000,30,-50,-8,0,1000,TRUE,1000,1000,1000,1.5,1000,1,5
3363,l,TRUE,0.05,09:16,15:10,15:15,15,0,1.5,-100,100,30,3,0,1000,30,-50,-9,0,1000,TRUE,1000,1000,1000,1.5,1000,1,5
3364,l,TRUE,0.05,09:16,15:10,15:15,15,0,1.5,-100,100,30,3,0,1000,30,-50,-10,0,1000,TRUE,1000,1000,1000,1.5,1000,1,5
3365,l,TRUE,0.05,09:16,15:10,15:15,15,0,1.5,-100,100,30,3,0,1000,30,-50,-15,0,1000,TRUE,1000,1000,1000,1.5,1000,1,5
3366,l,TRUE,0.05,09:16,15:10,15:15,15,0,1.5,-100,100,30,3,0,1000,30,-50,-20,0,1000,TRUE,1000,1000,1000,1.5,1000,1,5
3367,l,TRUE,0.05,09:16,15:10,15:15,15,0,1.5,-100,100,40,2,0,1000,15,-50,0,0,1000,TRUE,1000,1000,1000,1.5,1000,1,5
3368,l,TRUE,0.05,09:16,15:10,15:15,15,0,1.5,-100,100,40,2,0,1000,15,-50,-1,0,1000,TRUE,1000,1000,1000,1.5,1000,1,5
3369,l,TRUE,0.05,09:16,15:10,15:15,15,0,1.5,-100,100,40,2,0,1000,15,-50,-2,0,1000,TRUE,1000,1000,1000,1.5,1000,1,5
3370,l,TRUE,0.05,09:16,15:10,15:15,15,0,1.5,-100,100,40,2,0,1000,15,-50,-3,0,1000,TRUE,1000,1000,1000,1.5,1000,1,5
3371,l,TRUE,0.05,09:16,15:10,15:15,15,0,1.5,-100,100,40,2,0,1000,15,-50,-4,0,1000,TRUE,1000,1000,1000,1.5,1000,1,5
3372,l,TRUE,0.05,09:16,15:10,15:15,15,0,1.5,-100,100,40,2,0,1000,15,-50,-5,0,1000,TRUE,1000,1000,1000,1.5,1000,1,5
3373,l,TRUE,0.05,09:16,15:10,15:15,15,0,1.5,-100,100,40,2,0,1000,15,-50,-6,0,1000,TRUE,1000,1000,1000,1.5,1000,1,5
3374,l,TRUE,0.05,09:16,15:10,15:15,15,0,1.5,-100,100,40,2,0,1000,15,-50,-7,0,1000,TRUE,1000,1000,1000,1.5,1000,1,5
3375,l,TRUE,0.05,09:16,15:10,15:15,15,0,1.5,-100,100,40,2,0,1000,15,-50,-8,0,1000,TRUE,1000,1000,1000,1.5,1000,1,5
3376,l,TRUE,0.05,09:16,15:10,15:15,15,0,1.5,-100,100,40,2,0,1000,15,-50,-9,0,1000,TRUE,1000,1000,1000,1.5,1000,1,5
3377,l,TRUE,0.05,09:16,15:10,15:15,15,0,1.5,-100,100,40,2,0,1000,15,-50,-10,0,1000,TRUE,1000,1000,1000,1.5,1000,1,5
3378,l,TRUE,0.05,09:16,15:10,15:15,15,0,1.5,-100,100,40,2,0,1000,15,-50,-15,0,1000,TRUE,1000,1000,1000,1.5,1000,1,5
3379,l,TRUE,0.05,09:16,15:10,15:15,15,0,1.5,-100,100,40,2,0,1000,15,-50,-20,0,1000,TRUE,1000,1000,1000,1.5,1000,1,5
3380,l,TRUE,0.05,09:16,15:10,15:15,15,0,1.5,-100,100,40,2,0,1000,20,-50,0,0,1000,TRUE,1000,1000,1000,1.5,1000,1,5
3381,l,TRUE,0.05,09:16,15:10,15:15,15,0,1.5,-100,100,40,2,0,1000,20,-50,-1,0,1000,TRUE,1000,1000,1000,1.5,1000,1,5
3382,l,TRUE,0.05,09:16,15:10,15:15,15,0,1.5,-100,100,40,2,0,1000,20,-50,-2,0,1000,TRUE,1000,1000,1000,1.5,1000,1,5
3383,l,TRUE,0.05,09:16,15:10,15:15,15,0,1.5,-100,100,40,2,0,1000,20,-50,-3,0,1000,TRUE,1000,1000,1000,1.5,1000,1,5
3384,l,TRUE,0.05,09:16,15:10,15:15,15,0,1.5,-100,100,40,2,0,1000,20,-50,-4,0,1000,TRUE,1000,1000,1000,1.5,1000,1,5
3385,l,TRUE,0.05,09:16,15:10,15:15,15,0,1.5,-100,100,40,2,0,1000,20,-50,-5,0,1000,TRUE,1000,1000,1000,1.5,1000,1,5
3386,l,TRUE,0.05,09:16,15:10,15:15,15,0,1.5,-100,100,40,2,0,1000,20,-50,-6,0,1000,TRUE,1000,1000,1000,1.5,1000,1,5
3387,l,TRUE,0.05,09:16,15:10,15:15,15,0,1.5,-100,100,40,2,0,1000,20,-50,-7,0,1000,TRUE,1000,1000,1000,1.5,1000,1,5
3388,l,TRUE,0.05,09:16,15:10,15:15,15,0,1.5,-100,100,40,2,0,1000,20,-50,-8,0,1000,TRUE,1000,1000,1000,1.5,1000,1,5
3389,l,TRUE,0.05,09:16,15:10,15:15,15,0,1.5,-100,100,40,2,0,1000,20,-50,-9,0,1000,TRUE,1000,1000,1000,1.5,1000,1,5
3390,l,TRUE,0.05,09:16,15:10,15:15,15,0,1.5,-100,100,40,2,0,1000,20,-50,-10,0,1000,TRUE,1000,1000,1000,1.5,1000,1,5
3391,l,TRUE,0.05,09:16,15:10,15:15,15,0,1.5,-100,100,40,2,0,1000,20,-50,-15,0,1000,TRUE,1000,1000,1000,1.5,1000,1,5
3392,l,TRUE,0.05,09:16,15:10,15:15,15,0,1.5,-100,100,40,2,0,1000,20,-50,-20,0,1000,TRUE,1000,1000,1000,1.5,1000,1,5
3393,l,TRUE,0.05,09:16,15:10,15:15,15,0,1.5,-100,100,40,2,0,1000,30,-50,0,0,1000,TRUE,1000,1000,1000,1.5,1000,1,5
3394,l,TRUE,0.05,09:16,15:10,15:15,15,0,1.5,-100,100,40,2,0,1000,30,-50,-1,0,1000,TRUE,1000,1000,1000,1.5,1000,1,5
3395,l,TRUE,0.05,09:16,15:10,15:15,15,0,1.5,-100,100,40,2,0,1000,30,-50,-2,0,1000,TRUE,1000,1000,1000,1.5,1000,1,5
3396,l,TRUE,0.05,09:16,15:10,15:15,15,0,1.5,-100,100,40,2,0,1000,30,-50,-3,0,1000,TRUE,1000,1000,1000,1.5,1000,1,5
3397,l,TRUE,0.05,09:16,15:10,15:15,15,0,1.5,-100,100,40,2,0,1000,30,-50,-4,0,1000,TRUE,1000,1000,1000,1.5,1000,1,5
3398,l,TRUE,0.05,09:16,15:10,15:15,15,0,1.5,-100,100,40,2,0,1000,30,-50,-5,0,1000,TRUE,1000,1000,1000,1.5,1000,1,5
3399,l,TRUE,0.05,09:16,15:10,15:15,15,0,1.5,-100,100,40,2,0,1000,30,-50,-6,0,1000,TRUE,1000,1000,1000,1.5,1000,1,5
3400,l,TRUE,0.05,09:16,15:10,15:15,15,0,1.5,-100,100,40,2,0,1000,30,-50,-7,0,1000,TRUE,1000,1000,1000,1.5,1000,1,5
3401,l,TRUE,0.05,09:16,15:10,15:15,15,0,1.5,-100,100,40,2,0,1000,30,-50,-8,0,1000,TRUE,1000,1000,1000,1.5,1000,1,5
3402,l,TRUE,0.05,09:16,15:10,15:15,15,0,1.5,-100,100,40,2,0,1000,30,-50,-9,0,1000,TRUE,1000,1000,1000,1.5,1000,1,5
3403,l,TRUE,0.05,09:16,15:10,15:15,15,0,1.5,-100,100,40,2,0,1000,30,-50,-10,0,1000,TRUE,1000,1000,1000,1.5,1000,1,5
3404,l,TRUE,0.05,09:16,15:10,15:15,15,0,1.5,-100,100,40,2,0,1000,30,-50,-15,0,1000,TRUE,1000,1000,1000,1.5,1000,1,5
3405,l,TRUE,0.05,09:16,15:10,15:15,15,0,1.5,-100,100,40,2,0,1000,30,-50,-20,0,1000,TRUE,1000,1000,1000,1.5,1000,1,5
3406,l,TRUE,0.05,09:16,15:10,15:15,15,0,1.5,-100,100,40,3,0,1000,15,-50,0,0,1000,TRUE,1000,1000,1000,1.5,1000,1,5
3407,l,TRUE,0.05,09:16,15:10,15:15,15,0,1.5,-100,100,40,3,0,1000,15,-50,-1,0,1000,TRUE,1000,1000,1000,1.5,1000,1,5
3408,l,TRUE,0.05,09:16,15:10,15:15,15,0,1.5,-100,100,40,3,0,1000,15,-50,-2,0,1000,TRUE,1000,1000,1000,1.5,1000,1,5
3409,l,TRUE,0.05,09:16,15:10,15:15,15,0,1.5,-100,100,40,3,0,1000,15,-50,-3,0,1000,TRUE,1000,1000,1000,1.5,1000,1,5
3410,l,TRUE,0.05,09:16,15:10,15:15,15,0,1.5,-100,100,40,3,0,1000,15,-50,-4,0,1000,TRUE,1000,1000,1000,1.5,1000,1,5
3411,l,TRUE,0.05,09:16,15:10,15:15,15,0,1.5,-100,100,40,3,0,1000,15,-50,-5,0,1000,TRUE,1000,1000,1000,1.5,1000,1,5
3412,l,TRUE,0.05,09:16,15:10,15:15,15,0,1.5,-100,100,40,3,0,1000,15,-50,-6,0,1000,TRUE,1000,1000,1000,1.5,1000,1,5
3413,l,TRUE,0.05,09:16,15:10,15:15,15,0,1.5,-100,100,40,3,0,1000,15,-50,-7,0,1000,TRUE,1000,1000,1000,1.5,1000,1,5
3414,l,TRUE,0.05,09:16,15:10,15:15,15,0,1.5,-100,100,40,3,0,1000,15,-50,-8,0,1000,TRUE,1000,1000,1000,1.5,1000,1,5
3415,l,TRUE,0.05,09:16,15:10,15:15,15,0,1.5,-100,100,40,3,0,1000,15,-50,-9,0,1000,TRUE,1000,1000,1000,1.5,1000,1,5
3416,l,TRUE,0.05,09:16,15:10,15:15,15,0,1.5,-100,100,40,3,0,1000,15,-50,-10,0,1000,TRUE,1000,1000,1000,1.5,1000,1,5
3417,l,TRUE,0.05,09:16,15:10,15:15,15,0,1.5,-100,100,40,3,0,1000,15,-50,-15,0,1000,TRUE,1000,1000,1000,1.5,1000,1,5
3418,l,TRUE,0.05,09:16,15:10,15:15,15,0,1.5,-100,100,40,3,0,1000,15,-50,-20,0,1000,TRUE,1000,1000,1000,1.5,1000,1,5
3419,l,TRUE,0.05,09:16,15:10,15:15,15,0,1.5,-100,100,40,3,0,1000,20,-50,0,0,1000,TRUE,1000,1000,1000,1.5,1000,1,5
3420,l,TRUE,0.05,09:16,15:10,15:15,15,0,1.5,-100,100,40,3,0,1000,20,-50,-1,0,1000,TRUE,1000,1000,1000,1.5,1000,1,5
3421,l,TRUE,0.05,09:16,15:10,15:15,15,0,1.5,-100,100,40,3,0,1000,20,-50,-2,0,1000,TRUE,1000,1000,1000,1.5,1000,1,5
3422,l,TRUE,0.05,09:16,15:10,15:15,15,0,1.5,-100,100,40,3,0,1000,20,-50,-3,0,1000,TRUE,1000,1000,1000,1.5,1000,1,5
3423,l,TRUE,0.05,09:16,15:10,15:15,15,0,1.5,-100,100,40,3,0,1000,20,-50,-4,0,1000,TRUE,1000,1000,1000,1.5,1000,1,5
3424,l,TRUE,0.05,09:16,15:10,15:15,15,0,1.5,-100,100,40,3,0,1000,20,-50,-5,0,1000,TRUE,1000,1000,1000,1.5,1000,1,5
3425,l,TRUE,0.05,09:16,15:10,15:15,15,0,1.5,-100,100,40,3,0,1000,20,-50,-6,0,1000,TRUE,1000,1000,1000,1.5,1000,1,5
3426,l,TRUE,0.05,09:16,15:10,15:15,15,0,1.5,-100,100,40,3,0,1000,20,-50,-7,0,1000,TRUE,1000,1000,1000,1.5,1000,1,5
3427,l,TRUE,0.05,09:16,15:10,15:15,15,0,1.5,-100,100,40,3,0,1000,20,-50,-8,0,1000,TRUE,1000,1000,1000,1.5,1000,1,5
3428,l,TRUE,0.05,09:16,15:10,15:15,15,0,1.5,-100,100,40,3,0,1000,20,-50,-9,0,1000,TRUE,1000,1000,1000,1.5,1000,1,5
3429,l,TRUE,0.05,09:16,15:10,15:15,15,0,1.5,-100,100,40,3,0,1000,20,-50,-10,0,1000,TRUE,1000,1000,1000,1.5,1000,1,5
3430,l,TRUE,0.05,09:16,15:10,15:15,15,0,1.5,-100,100,40,3,0,1000,20,-50,-15,0,1000,TRUE,1000,1000,1000,1.5,1000,1,5
3431,l,TRUE,0.05,09:16,15:10,15:15,15,0,1.5,-100,100,40,3,0,1000,20,-50,-20,0,1000,TRUE,1000,1000,1000,1.5,1000,1,5
3432,l,TRUE,0.05,09:16,15:10,15:15,15,0,1.5,-100,100,40,3,0,1000,30,-50,0,0,1000,TRUE,1000,1000,1000,1.5,1000,1,5
3433,l,TRUE,0.05,09:16,15:10,15:15,15,0,1.5,-100,100,40,3,0,1000,30,-50,-1,0,1000,TRUE,1000,1000,1000,1.5,1000,1,5
3434,l,TRUE,0.05,09:16,15:10,15:15,15,0,1.5,-100,100,40,3,0,1000,30,-50,-2,0,1000,TRUE,1000,1000,1000,1.5,1000,1,5
3435,l,TRUE,0.05,09:16,15:10,15:15,15,0,1.5,-100,100,40,3,0,1000,30,-50,-3,0,1000,TRUE,1000,1000,1000,1.5,1000,1,5
3436,l,TRUE,0.05,09:16,15:10,15:15,15,0,1.5,-100,100,40,3,0,1000,30,-50,-4,0,1000,TRUE,1000,1000,1000,1.5,1000,1,5
3437,l,TRUE,0.05,09:16,15:10,15:15,15,0,1.5,-100,100,40,3,0,1000,30,-50,-5,0,1000,TRUE,1000,1000,1000,1.5,1000,1,5
3438,l,TRUE,0.05,09:16,15:10,15:15,15,0,1.5,-100,100,40,3,0,1000,30,-50,-6,0,1000,TRUE,1000,1000,1000,1.5,1000,1,5
3439,l,TRUE,0.05,09:16,15:10,15:15,15,0,1.5,-100,100,40,3,0,1000,30,-50,-7,0,1000,TRUE,1000,1000,1000,1.5,1000,1,5
3440,l,TRUE,0.05,09:16,15:10,15:15,15,0,1.5,-100,100,40,3,0,1000,30,-50,-8,0,1000,TRUE,1000,1000,1000,1.5,1000,1,5
3441,l,TRUE,0.05,09:16,15:10,15:15,15,0,1.5,-100,100,40,3,0,1000,30,-50,-9,0,1000,TRUE,1000,1000,1000,1.5,1000,1,5
3442,l,TRUE,0.05,09:16,15:10,15:15,15,0,1.5,-100,100,40,3,0,1000,30,-50,-10,0,1000,TRUE,1000,1000,1000,1.5,1000,1,5
3443,l,TRUE,0.05,09:16,15:10,15:15,15,0,1.5,-100,100,40,3,0,1000,30,-50,-15,0,1000,TRUE,1000,1000,1000,1.5,1000,1,5
3444,l,TRUE,0.05,09:16,15:10,15:15,15,0,1.5,-100,100,40,3,0,1000,30,-50,-20,0,1000,TRUE,1000,1000,1000,1.5,1000,1,5
3445,l,TRUE,0.05,09:16,15:10,15:15,15,0,1.5,-100,100,50,2,0,1000,15,-50,0,0,1000,TRUE,1000,1000,1000,1.5,1000,1,5
3446,l,TRUE,0.05,09:16,15:10,15:15,15,0,1.5,-100,100,50,2,0,1000,15,-50,-1,0,1000,TRUE,1000,1000,1000,1.5,1000,1,5
3447,l,TRUE,0.05,09:16,15:10,15:15,15,0,1.5,-100,100,50,2,0,1000,15,-50,-2,0,1000,TRUE,1000,1000,1000,1.5,1000,1,5
3448,l,TRUE,0.05,09:16,15:10,15:15,15,0,1.5,-100,100,50,2,0,1000,15,-50,-3,0,1000,TRUE,1000,1000,1000,1.5,1000,1,5
3449,l,TRUE,0.05,09:16,15:10,15:15,15,0,1.5,-100,100,50,2,0,1000,15,-50,-4,0,1000,TRUE,1000,1000,1000,1.5,1000,1,5
3450,l,TRUE,0.05,09:16,15:10,15:15,15,0,1.5,-100,100,50,2,0,1000,15,-50,-5,0,1000,TRUE,1000,1000,1000,1.5,1000,1,5
3451,l,TRUE,0.05,09:16,15:10,15:15,15,0,1.5,-100,100,50,2,0,1000,15,-50,-6,0,1000,TRUE,1000,1000,1000,1.5,1000,1,5
3452,l,TRUE,0.05,09:16,15:10,15:15,15,0,1.5,-100,100,50,2,0,1000,15,-50,-7,0,1000,TRUE,1000,1000,1000,1.5,1000,1,5
3453,l,TRUE,0.05,09:16,15:10,15:15,15,0,1.5,-100,100,50,2,0,1000,15,-50,-8,0,1000,TRUE,1000,1000,1000,1.5,1000,1,5
3454,l,TRUE,0.05,09:16,15:10,15:15,15,0,1.5,-100,100,50,2,0,1000,15,-50,-9,0,1000,TRUE,1000,1000,1000,1.5,1000,1,5
3455,l,TRUE,0.05,09:16,15:10,15:15,15,0,1.5,-100,100,50,2,0,1000,15,-50,-10,0,1000,TRUE,1000,1000,1000,1.5,1000,1,5
3456,l,TRUE,0.05,09:16,15:10,15:15,15,0,1.5,-100,100,50,2,0,1000,15,-50,-15,0,1000,TRUE,1000,1000,1000,1.5,1000,1,5
3457,l,TRUE,0.05,09:16,15:10,15:15,15,0,1.5,-100,100,50,2,0,1000,15,-50,-20,0,1000,TRUE,1000,1000,1000,1.5,1000,1,5
3458,l,TRUE,0.05,09:16,15:10,15:15,15,0,1.5,-100,100,50,2,0,1000,20,-50,0,0,1000,TRUE,1000,1000,1000,1.5,1000,1,5
3459,l,TRUE,0.05,09:16,15:10,15:15,15,0,1.5,-100,100,50,2,0,1000,20,-50,-1,0,1000,TRUE,1000,1000,1000,1.5,1000,1,5
3460,l,TRUE,0.05,09:16,15:10,15:15,15,0,1.5,-100,100,50,2,0,1000,20,-50,-2,0,1000,TRUE,1000,1000,1000,1.5,1000,1,5
3461,l,TRUE,0.05,09:16,15:10,15:15,15,0,1.5,-100,100,50,2,0,1000,20,-50,-3,0,1000,TRUE,1000,1000,1000,1.5,1000,1,5
3462,l,TRUE,0.05,09:16,15:10,15:15,15,0,1.5,-100,100,50,2,0,1000,20,-50,-4,0,1000,TRUE,1000,1000,1000,1.5,1000,1,5
3463,l,TRUE,0.05,09:16,15:10,15:15,15,0,1.5,-100,100,50,2,0,1000,20,-50,-5,0,1000,TRUE,1000,1000,1000,1.5,1000,1,5
3464,l,TRUE,0.05,09:16,15:10,15:15,15,0,1.5,-100,100,50,2,0,1000,20,-50,-6,0,1000,TRUE,1000,1000,1000,1.5,1000,1,5
3465,l,TRUE,0.05,09:16,15:10,15:15,15,0,1.5,-100,100,50,2,0,1000,20,-50,-7,0,1000,TRUE,1000,1000,1000,1.5,1000,1,5
3466,l,TRUE,0.05,09:16,15:10,15:15,15,0,1.5,-100,100,50,2,0,1000,20,-50,-8,0,1000,TRUE,1000,1000,1000,1.5,1000,1,5
3467,l,TRUE,0.05,09:16,15:10,15:15,15,0,1.5,-100,100,50,2,0,1000,20,-50,-9,0,1000,TRUE,1000,1000,1000,1.5,1000,1,5
3468,l,TRUE,0.05,09:16,15:10,15:15,15,0,1.5,-100,100,50,2,0,1000,20,-50,-10,0,1000,TRUE,1000,1000,1000,1.5,1000,1,5
3469,l,TRUE,0.05,09:16,15:10,15:15,15,0,1.5,-100,100,50,2,0,1000,20,-50,-15,0,1000,TRUE,1000,1000,1000,1.5,1000,1,5
3470,l,TRUE,0.05,09:16,15:10,15:15,15,0,1.5,-100,100,50,2,0,1000,20,-50,-20,0,1000,TRUE,1000,1000,1000,1.5,1000,1,5
3471,l,TRUE,0.05,09:16,15:10,15:15,15,0,1.5,-100,100,50,2,0,1000,30,-50,0,0,1000,TRUE,1000,1000,1000,1.5,1000,1,5
3472,l,TRUE,0.05,09:16,15:10,15:15,15,0,1.5,-100,100,50,2,0,1000,30,-50,-1,0,1000,TRUE,1000,1000,1000,1.5,1000,1,5
3473,l,TRUE,0.05,09:16,15:10,15:15,15,0,1.5,-100,100,50,2,0,1000,30,-50,-2,0,1000,TRUE,1000,1000,1000,1.5,1000,1,5
3474,l,TRUE,0.05,09:16,15:10,15:15,15,0,1.5,-100,100,50,2,0,1000,30,-50,-3,0,1000,TRUE,1000,1000,1000,1.5,1000,1,5
3475,l,TRUE,0.05,09:16,15:10,15:15,15,0,1.5,-100,100,50,2,0,1000,30,-50,-4,0,1000,TRUE,1000,1000,1000,1.5,1000,1,5
3476,l,TRUE,0.05,09:16,15:10,15:15,15,0,1.5,-100,100,50,2,0,1000,30,-50,-5,0,1000,TRUE,1000,1000,1000,1.5,1000,1,5
3477,l,TRUE,0.05,09:16,15:10,15:15,15,0,1.5,-100,100,50,2,0,1000,30,-50,-6,0,1000,TRUE,1000,1000,1000,1.5,1000,1,5
3478,l,TRUE,0.05,09:16,15:10,15:15,15,0,1.5,-100,100,50,2,0,1000,30,-50,-7,0,1000,TRUE,1000,1000,1000,1.5,1000,1,5
3479,l,TRUE,0.05,09:16,15:10,15:15,15,0,1.5,-100,100,50,2,0,1000,30,-50,-8,0,1000,TRUE,1000,1000,1000,1.5,1000,1,5
3480,l,TRUE,0.05,09:16,15:10,15:15,15,0,1.5,-100,100,50,2,0,1000,30,-50,-9,0,1000,TRUE,1000,1000,1000,1.5,1000,1,5
3481,l,TRUE,0.05,09:16,15:10,15:15,15,0,1.5,-100,100,50,2,0,1000,30,-50,-10,0,1000,TRUE,1000,1000,1000,1.5,1000,1,5
3482,l,TRUE,0.05,09:16,15:10,15:15,15,0,1.5,-100,100,50,2,0,1000,30,-50,-15,0,1000,TRUE,1000,1000,1000,1.5,1000,1,5
3483,l,TRUE,0.05,09:16,15:10,15:15,15,0,1.5,-100,100,50,2,0,1000,30,-50,-20,0,1000,TRUE,1000,1000,1000,1.5,1000,1,5
3484,l,TRUE,0.05,09:16,15:10,15:15,15,0,1.5,-100,100,50,3,0,1000,15,-50,0,0,1000,TRUE,1000,1000,1000,1.5,1000,1,5
3485,l,TRUE,0.05,09:16,15:10,15:15,15,0,1.5,-100,100,50,3,0,1000,15,-50,-1,0,1000,TRUE,1000,1000,1000,1.5,1000,1,5
3486,l,TRUE,0.05,09:16,15:10,15:15,15,0,1.5,-100,100,50,3,0,1000,15,-50,-2,0,1000,TRUE,1000,1000,1000,1.5,1000,1,5
3487,l,TRUE,0.05,09:16,15:10,15:15,15,0,1.5,-100,100,50,3,0,1000,15,-50,-3,0,1000,TRUE,1000,1000,1000,1.5,1000,1,5
3488,l,TRUE,0.05,09:16,15:10,15:15,15,0,1.5,-100,100,50,3,0,1000,15,-50,-4,0,1000,TRUE,1000,1000,1000,1.5,1000,1,5
3489,l,TRUE,0.05,09:16,15:10,15:15,15,0,1.5,-100,100,50,3,0,1000,15,-50,-5,0,1000,TRUE,1000,1000,1000,1.5,1000,1,5
3490,l,TRUE,0.05,09:16,15:10,15:15,15,0,1.5,-100,100,50,3,0,1000,15,-50,-6,0,1000,TRUE,1000,1000,1000,1.5,1000,1,5
3491,l,TRUE,0.05,09:16,15:10,15:15,15,0,1.5,-100,100,50,3,0,1000,15,-50,-7,0,1000,TRUE,1000,1000,1000,1.5,1000,1,5
3492,l,TRUE,0.05,09:16,15:10,15:15,15,0,1.5,-100,100,50,3,0,1000,15,-50,-8,0,1000,TRUE,1000,1000,1000,1.5,1000,1,5
3493,l,TRUE,0.05,09:16,15:10,15:15,15,0,1.5,-100,100,50,3,0,1000,15,-50,-9,0,1000,TRUE,1000,1000,1000,1.5,1000,1,5
3494,l,TRUE,0.05,09:16,15:10,15:15,15,0,1.5,-100,100,50,3,0,1000,15,-50,-10,0,1000,TRUE,1000,1000,1000,1.5,1000,1,5
3495,l,TRUE,0.05,09:16,15:10,15:15,15,0,1.5,-100,100,50,3,0,1000,15,-50,-15,0,1000,TRUE,1000,1000,1000,1.5,1000,1,5
3496,l,TRUE,0.05,09:16,15:10,15:15,15,0,1.5,-100,100,50,3,0,1000,15,-50,-20,0,1000,TRUE,1000,1000,1000,1.5,1000,1,5
3497,l,TRUE,0.05,09:16,15:10,15:15,15,0,1.5,-100,100,50,3,0,1000,20,-50,0,0,1000,TRUE,1000,1000,1000,1.5,1000,1,5
3498,l,TRUE,0.05,09:16,15:10,15:15,15,0,1.5,-100,100,50,3,0,1000,20,-50,-1,0,1000,TRUE,1000,1000,1000,1.5,1000,1,5
3499,l,TRUE,0.05,09:16,15:10,15:15,15,0,1.5,-100,100,50,3,0,1000,20,-50,-2,0,1000,TRUE,1000,1000,1000,1.5,1000,1,5
3500,l,TRUE,0.05,09:16,15:10,15:15,15,0,1.5,-100,100,50,3,0,1000,20,-50,-3,0,1000,TRUE,1000,1000,1000,1.5,1000,1,5
3501,l,TRUE,0.05,09:16,15:10,15:15,15,0,1.5,-100,100,50,3,0,1000,20,-50,-4,0,1000,TRUE,1000,1000,1000,1.5,1000,1,5
3502,l,TRUE,0.05,09:16,15:10,15:15,15,0,1.5,-100,100,50,3,0,1000,20,-50,-5,0,1000,TRUE,1000,1000,1000,1.5,1000,1,5
3503,l,TRUE,0.05,09:16,15:10,15:15,15,0,1.5,-100,100,50,3,0,1000,20,-50,-6,0,1000,TRUE,1000,1000,1000,1.5,1000,1,5
3504,l,TRUE,0.05,09:16,15:10,15:15,15,0,1.5,-100,100,50,3,0,1000,20,-50,-7,0,1000,TRUE,1000,1000,1000,1.5,1000,1,5
3505,l,TRUE,0.05,09:16,15:10,15:15,15,0,1.5,-100,100,50,3,0,1000,20,-50,-8,0,1000,TRUE,1000,1000,1000,1.5,1000,1,5
3506,l,TRUE,0.05,09:16,15:10,15:15,15,0,1.5,-100,100,50,3,0,1000,20,-50,-9,0,1000,TRUE,1000,1000,1000,1.5,1000,1,5
3507,l,TRUE,0.05,09:16,15:10,15:15,15,0,1.5,-100,100,50,3,0,1000,20,-50,-10,0,1000,TRUE,1000,1000,1000,1.5,1000,1,5
3508,l,TRUE,0.05,09:16,15:10,15:15,15,0,1.5,-100,100,50,3,0,1000,20,-50,-15,0,1000,TRUE,1000,1000,1000,1.5,1000,1,5
3509,l,TRUE,0.05,09:16,15:10,15:15,15,0,1.5,-100,100,50,3,0,1000,20,-50,-20,0,1000,TRUE,1000,1000,1000,1.5,1000,1,5
3510,l,TRUE,0.05,09:16,15:10,15:15,15,0,1.5,-100,100,50,3,0,1000,30,-50,0,0,1000,TRUE,1000,1000,1000,1.5,1000,1,5
3511,l,TRUE,0.05,09:16,15:10,15:15,15,0,1.5,-100,100,50,3,0,1000,30,-50,-1,0,1000,TRUE,1000,1000,1000,1.5,1000,1,5
3512,l,TRUE,0.05,09:16,15:10,15:15,15,0,1.5,-100,100,50,3,0,1000,30,-50,-2,0,1000,TRUE,1000,1000,1000,1.5,1000,1,5
3513,l,TRUE,0.05,09:16,15:10,15:15,15,0,1.5,-100,100,50,3,0,1000,30,-50,-3,0,1000,TRUE,1000,1000,1000,1.5,1000,1,5
3514,l,TRUE,0.05,09:16,15:10,15:15,15,0,1.5,-100,100,50,3,0,1000,30,-50,-4,0,1000,TRUE,1000,1000,1000,1.5,1000,1,5
3515,l,TRUE,0.05,09:16,15:10,15:15,15,0,1.5,-100,100,50,3,0,1000,30,-50,-5,0,1000,TRUE,1000,1000,1000,1.5,1000,1,5
3516,l,TRUE,0.05,09:16,15:10,15:15,15,0,1.5,-100,100,50,3,0,1000,30,-50,-6,0,1000,TRUE,1000,1000,1000,1.5,1000,1,5
3517,l,TRUE,0.05,09:16,15:10,15:15,15,0,1.5,-100,100,50,3,0,1000,30,-50,-7,0,1000,TRUE,1000,1000,1000,1.5,1000,1,5
3518,l,TRUE,0.05,09:16,15:10,15:15,15,0,1.5,-100,100,50,3,0,1000,30,-50,-8,0,1000,TRUE,1000,1000,1000,1.5,1000,1,5
3519,l,TRUE,0.05,09:16,15:10,15:15,15,0,1.5,-100,100,50,3,0,1000,30,-50,-9,0,1000,TRUE,1000,1000,1000,1.5,1000,1,5
3520,l,TRUE,0.05,09:16,15:10,15:15,15,0,1.5,-100,100,50,3,0,1000,30,-50,-10,0,1000,TRUE,1000,1000,1000,1.5,1000,1,5
3521,l,TRUE,0.05,09:16,15:10,15:15,15,0,1.5,-100,100,50,3,0,1000,30,-50,-15,0,1000,TRUE,1000,1000,1000,1.5,1000,1,5
3522,l,TRUE,0.05,09:16,15:10,15:15,15,0,1.5,-100,100,50,3,0,1000,30,-50,-20,0,1000,TRUE,1000,1000,1000,1.5,1000,1,5
3523,l,TRUE,0.05,09:16,15:10,15:15,15,0,1.5,-100,100,60,2,0,1000,15,-50,0,0,1000,TRUE,1000,1000,1000,1.5,1000,1,5
3524,l,TRUE,0.05,09:16,15:10,15:15,15,0,1.5,-100,100,60,2,0,1000,15,-50,-1,0,1000,TRUE,1000,1000,1000,1.5,1000,1,5
3525,l,TRUE,0.05,09:16,15:10,15:15,15,0,1.5,-100,100,60,2,0,1000,15,-50,-2,0,1000,TRUE,1000,1000,1000,1.5,1000,1,5
3526,l,TRUE,0.05,09:16,15:10,15:15,15,0,1.5,-100,100,60,2,0,1000,15,-50,-3,0,1000,TRUE,1000,1000,1000,1.5,1000,1,5
3527,l,TRUE,0.05,09:16,15:10,15:15,15,0,1.5,-100,100,60,2,0,1000,15,-50,-4,0,1000,TRUE,1000,1000,1000,1.5,1000,1,5
3528,l,TRUE,0.05,09:16,15:10,15:15,15,0,1.5,-100,100,60,2,0,1000,15,-50,-5,0,1000,TRUE,1000,1000,1000,1.5,1000,1,5
3529,l,TRUE,0.05,09:16,15:10,15:15,15,0,1.5,-100,100,60,2,0,1000,15,-50,-6,0,1000,TRUE,1000,1000,1000,1.5,1000,1,5
3530,l,TRUE,0.05,09:16,15:10,15:15,15,0,1.5,-100,100,60,2,0,1000,15,-50,-7,0,1000,TRUE,1000,1000,1000,1.5,1000,1,5
3531,l,TRUE,0.05,09:16,15:10,15:15,15,0,1.5,-100,100,60,2,0,1000,15,-50,-8,0,1000,TRUE,1000,1000,1000,1.5,1000,1,5
3532,l,TRUE,0.05,09:16,15:10,15:15,15,0,1.5,-100,100,60,2,0,1000,15,-50,-9,0,1000,TRUE,1000,1000,1000,1.5,1000,1,5
3533,l,TRUE,0.05,09:16,15:10,15:15,15,0,1.5,-100,100,60,2,0,1000,15,-50,-10,0,1000,TRUE,1000,1000,1000,1.5,1000,1,5
3534,l,TRUE,0.05,09:16,15:10,15:15,15,0,1.5,-100,100,60,2,0,1000,15,-50,-15,0,1000,TRUE,1000,1000,1000,1.5,1000,1,5
3535,l,TRUE,0.05,09:16,15:10,15:15,15,0,1.5,-100,100,60,2,0,1000,15,-50,-20,0,1000,TRUE,1000,1000,1000,1.5,1000,1,5
3536,l,TRUE,0.05,09:16,15:10,15:15,15,0,1.5,-100,100,60,2,0,1000,20,-50,0,0,1000,TRUE,1000,1000,1000,1.5,1000,1,5
3537,l,TRUE,0.05,09:16,15:10,15:15,15,0,1.5,-100,100,60,2,0,1000,20,-50,-1,0,1000,TRUE,1000,1000,1000,1.5,1000,1,5
3538,l,TRUE,0.05,09:16,15:10,15:15,15,0,1.5,-100,100,60,2,0,1000,20,-50,-2,0,1000,TRUE,1000,1000,1000,1.5,1000,1,5
3539,l,TRUE,0.05,09:16,15:10,15:15,15,0,1.5,-100,100,60,2,0,1000,20,-50,-3,0,1000,TRUE,1000,1000,1000,1.5,1000,1,5
3540,l,TRUE,0.05,09:16,15:10,15:15,15,0,1.5,-100,100,60,2,0,1000,20,-50,-4,0,1000,TRUE,1000,1000,1000,1.5,1000,1,5
3541,l,TRUE,0.05,09:16,15:10,15:15,15,0,1.5,-100,100,60,2,0,1000,20,-50,-5,0,1000,TRUE,1000,1000,1000,1.5,1000,1,5
3542,l,TRUE,0.05,09:16,15:10,15:15,15,0,1.5,-100,100,60,2,0,1000,20,-50,-6,0,1000,TRUE,1000,1000,1000,1.5,1000,1,5
3543,l,TRUE,0.05,09:16,15:10,15:15,15,0,1.5,-100,100,60,2,0,1000,20,-50,-7,0,1000,TRUE,1000,1000,1000,1.5,1000,1,5
3544,l,TRUE,0.05,09:16,15:10,15:15,15,0,1.5,-100,100,60,2,0,1000,20,-50,-8,0,1000,TRUE,1000,1000,1000,1.5,1000,1,5
3545,l,TRUE,0.05,09:16,15:10,15:15,15,0,1.5,-100,100,60,2,0,1000,20,-50,-9,0,1000,TRUE,1000,1000,1000,1.5,1000,1,5
3546,l,TRUE,0.05,09:16,15:10,15:15,15,0,1.5,-100,100,60,2,0,1000,20,-50,-10,0,1000,TRUE,1000,1000,1000,1.5,1000,1,5
3547,l,TRUE,0.05,09:16,15:10,15:15,15,0,1.5,-100,100,60,2,0,1000,20,-50,-15,0,1000,TRUE,1000,1000,1000,1.5,1000,1,5
3548,l,TRUE,0.05,09:16,15:10,15:15,15,0,1.5,-100,100,60,2,0,1000,20,-50,-20,0,1000,TRUE,1000,1000,1000,1.5,1000,1,5
3549,l,TRUE,0.05,09:16,15:10,15:15,15,0,1.5,-100,100,60,2,0,1000,30,-50,0,0,1000,TRUE,1000,1000,1000,1.5,1000,1,5
3550,l,TRUE,0.05,09:16,15:10,15:15,15,0,1.5,-100,100,60,2,0,1000,30,-50,-1,0,1000,TRUE,1000,1000,1000,1.5,1000,1,5
3551,l,TRUE,0.05,09:16,15:10,15:15,15,0,1.5,-100,100,60,2,0,1000,30,-50,-2,0,1000,TRUE,1000,1000,1000,1.5,1000,1,5
3552,l,TRUE,0.05,09:16,15:10,15:15,15,0,1.5,-100,100,60,2,0,1000,30,-50,-3,0,1000,TRUE,1000,1000,1000,1.5,1000,1,5
3553,l,TRUE,0.05,09:16,15:10,15:15,15,0,1.5,-100,100,60,2,0,1000,30,-50,-4,0,1000,TRUE,1000,1000,1000,1.5,1000,1,5
3554,l,TRUE,0.05,09:16,15:10,15:15,15,0,1.5,-100,100,60,2,0,1000,30,-50,-5,0,1000,TRUE,1000,1000,1000,1.5,1000,1,5
3555,l,TRUE,0.05,09:16,15:10,15:15,15,0,1.5,-100,100,60,2,0,1000,30,-50,-6,0,1000,TRUE,1000,1000,1000,1.5,1000,1,5
3556,l,TRUE,0.05,09:16,15:10,15:15,15,0,1.5,-100,100,60,2,0,1000,30,-50,-7,0,1000,TRUE,1000,1000,1000,1.5,1000,1,5
3557,l,TRUE,0.05,09:16,15:10,15:15,15,0,1.5,-100,100,60,2,0,1000,30,-50,-8,0,1000,TRUE,1000,1000,1000,1.5,1000,1,5
3558,l,TRUE,0.05,09:16,15:10,15:15,15,0,1.5,-100,100,60,2,0,1000,30,-50,-9,0,1000,TRUE,1000,1000,1000,1.5,1000,1,5
3559,l,TRUE,0.05,09:16,15:10,15:15,15,0,1.5,-100,100,60,2,0,1000,30,-50,-10,0,1000,TRUE,1000,1000,1000,1.5,1000,1,5
3560,l,TRUE,0.05,09:16,15:10,15:15,15,0,1.5,-100,100,60,2,0,1000,30,-50,-15,0,1000,TRUE,1000,1000,1000,1.5,1000,1,5
3561,l,TRUE,0.05,09:16,15:10,15:15,15,0,1.5,-100,100,60,2,0,1000,30,-50,-20,0,1000,TRUE,1000,1000,1000,1.5,1000,1,5
3562,l,TRUE,0.05,09:16,15:10,15:15,15,0,1.5,-100,100,60,3,0,1000,15,-50,0,0,1000,TRUE,1000,1000,1000,1.5,1000,1,5
3563,l,TRUE,0.05,09:16,15:10,15:15,15,0,1.5,-100,100,60,3,0,1000,15,-50,-1,0,1000,TRUE,1000,1000,1000,1.5,1000,1,5
3564,l,TRUE,0.05,09:16,15:10,15:15,15,0,1.5,-100,100,60,3,0,1000,15,-50,-2,0,1000,TRUE,1000,1000,1000,1.5,1000,1,5
3565,l,TRUE,0.05,09:16,15:10,15:15,15,0,1.5,-100,100,60,3,0,1000,15,-50,-3,0,1000,TRUE,1000,1000,1000,1.5,1000,1,5
3566,l,TRUE,0.05,09:16,15:10,15:15,15,0,1.5,-100,100,60,3,0,1000,15,-50,-4,0,1000,TRUE,1000,1000,1000,1.5,1000,1,5
3567,l,TRUE,0.05,09:16,15:10,15:15,15,0,1.5,-100,100,60,3,0,1000,15,-50,-5,0,1000,TRUE,1000,1000,1000,1.5,1000,1,5
3568,l,TRUE,0.05,09:16,15:10,15:15,15,0,1.5,-100,100,60,3,0,1000,15,-50,-6,0,1000,TRUE,1000,1000,1000,1.5,1000,1,5
3569,l,TRUE,0.05,09:16,15:10,15:15,15,0,1.5,-100,100,60,3,0,1000,15,-50,-7,0,1000,TRUE,1000,1000,1000,1.5,1000,1,5
3570,l,TRUE,0.05,09:16,15:10,15:15,15,0,1.5,-100,100,60,3,0,1000,15,-50,-8,0,1000,TRUE,1000,1000,1000,1.5,1000,1,5
3571,l,TRUE,0.05,09:16,15:10,15:15,15,0,1.5,-100,100,60,3,0,1000,15,-50,-9,0,1000,TRUE,1000,1000,1000,1.5,1000,1,5
3572,l,TRUE,0.05,09:16,15:10,15:15,15,0,1.5,-100,100,60,3,0,1000,15,-50,-10,0,1000,TRUE,1000,1000,1000,1.5,1000,1,5
3573,l,TRUE,0.05,09:16,15:10,15:15,15,0,1.5,-100,100,60,3,0,1000,15,-50,-15,0,1000,TRUE,1000,1000,1000,1.5,1000,1,5
3574,l,TRUE,0.05,09:16,15:10,15:15,15,0,1.5,-100,100,60,3,0,1000,15,-50,-20,0,1000,TRUE,1000,1000,1000,1.5,1000,1,5
3575,l,TRUE,0.05,09:16,15:10,15:15,15,0,1.5,-100,100,60,3,0,1000,20,-50,0,0,1000,TRUE,1000,1000,1000,1.5,1000,1,5
3576,l,TRUE,0.05,09:16,15:10,15:15,15,0,1.5,-100,100,60,3,0,1000,20,-50,-1,0,1000,TRUE,1000,1000,1000,1.5,1000,1,5
3577,l,TRUE,0.05,09:16,15:10,15:15,15,0,1.5,-100,100,60,3,0,1000,20,-50,-2,0,1000,TRUE,1000,1000,1000,1.5,1000,1,5
3578,l,TRUE,0.05,09:16,15:10,15:15,15,0,1.5,-100,100,60,3,0,1000,20,-50,-3,0,1000,TRUE,1000,1000,1000,1.5,1000,1,5
3579,l,TRUE,0.05,09:16,15:10,15:15,15,0,1.5,-100,100,60,3,0,1000,20,-50,-4,0,1000,TRUE,1000,1000,1000,1.5,1000,1,5
3580,l,TRUE,0.05,09:16,15:10,15:15,15,0,1.5,-100,100,60,3,0,1000,20,-50,-5,0,1000,TRUE,1000,1000,1000,1.5,1000,1,5
3581,l,TRUE,0.05,09:16,15:10,15:15,15,0,1.5,-100,100,60,3,0,1000,20,-50,-6,0,1000,TRUE,1000,1000,1000,1.5,1000,1,5
3582,l,TRUE,0.05,09:16,15:10,15:15,15,0,1.5,-100,100,60,3,0,1000,20,-50,-7,0,1000,TRUE,1000,1000,1000,1.5,1000,1,5
3583,l,TRUE,0.05,09:16,15:10,15:15,15,0,1.5,-100,100,60,3,0,1000,20,-50,-8,0,1000,TRUE,1000,1000,1000,1.5,1000,1,5
3584,l,TRUE,0.05,09:16,15:10,15:15,15,0,1.5,-100,100,60,3,0,1000,20,-50,-9,0,1000,TRUE,1000,1000,1000,1.5,1000,1,5
3585,l,TRUE,0.05,09:16,15:10,15:15,15,0,1.5,-100,100,60,3,0,1000,20,-50,-10,0,1000,TRUE,1000,1000,1000,1.5,1000,1,5
3586,l,TRUE,0.05,09:16,15:10,15:15,15,0,1.5,-100,100,60,3,0,1000,20,-50,-15,0,1000,TRUE,1000,1000,1000,1.5,1000,1,5
3587,l,TRUE,0.05,09:16,15:10,15:15,15,0,1.5,-100,100,60,3,0,1000,20,-50,-20,0,1000,TRUE,1000,1000,1000,1.5,1000,1,5
3588,l,TRUE,0.05,09:16,15:10,15:15,15,0,1.5,-100,100,60,3,0,1000,30,-50,0,0,1000,TRUE,1000,1000,1000,1.5,1000,1,5
3589,l,TRUE,0.05,09:16,15:10,15:15,15,0,1.5,-100,100,60,3,0,1000,30,-50,-1,0,1000,TRUE,1000,1000,1000,1.5,1000,1,5
3590,l,TRUE,0.05,09:16,15:10,15:15,15,0,1.5,-100,100,60,3,0,1000,30,-50,-2,0,1000,TRUE,1000,1000,1000,1.5,1000,1,5
3591,l,TRUE,0.05,09:16,15:10,15:15,15,0,1.5,-100,100,60,3,0,1000,30,-50,-3,0,1000,TRUE,1000,1000,1000,1.5,1000,1,5
3592,l,TRUE,0.05,09:16,15:10,15:15,15,0,1.5,-100,100,60,3,0,1000,30,-50,-4,0,1000,TRUE,1000,1000,1000,1.5,1000,1,5
3593,l,TRUE,0.05,09:16,15:10,15:15,15,0,1.5,-100,100,60,3,0,1000,30,-50,-5,0,1000,TRUE,1000,1000,1000,1.5,1000,1,5
3594,l,TRUE,0.05,09:16,15:10,15:15,15,0,1.5,-100,100,60,3,0,1000,30,-50,-6,0,1000,TRUE,1000,1000,1000,1.5,1000,1,5
3595,l,TRUE,0.05,09:16,15:10,15:15,15,0,1.5,-100,100,60,3,0,1000,30,-50,-7,0,1000,TRUE,1000,1000,1000,1.5,1000,1,5
3596,l,TRUE,0.05,09:16,15:10,15:15,15,0,1.5,-100,100,60,3,0,1000,30,-50,-8,0,1000,TRUE,1000,1000,1000,1.5,1000,1,5
3597,l,TRUE,0.05,09:16,15:10,15:15,15,0,1.5,-100,100,60,3,0,1000,30,-50,-9,0,1000,TRUE,1000,1000,1000,1.5,1000,1,5
3598,l,TRUE,0.05,09:16,15:10,15:15,15,0,1.5,-100,100,60,3,0,1000,30,-50,-10,0,1000,TRUE,1000,1000,1000,1.5,1000,1,5
3599,l,TRUE,0.05,09:16,15:10,15:15,15,0,1.5,-100,100,60,3,0,1000,30,-50,-15,0,1000,TRUE,1000,1000,1000,1.5,1000,1,5
3600,l,TRUE,0.05,09:16,15:10,15:15,15,0,1.5,-100,100,60,3,0,1000,30,-50,-20,0,1000,TRUE,1000,1000,1000,1.5,1000,1,5
